{
  "results": [
    {
      "command": "./elsa bundle ./testing/console.js",
      "mean": 0.0072579090000000025,
      "stddev": 0.001439575038391652,
      "median": 0.00677106507,
      "user": 0.0044898690000000005,
      "system": 0.0034148706,
      "min": 0.0056659080700000005,
      "max": 0.01380146307,
      "times": [
        0.005776609070000001,
        0.006124212070000001,
        0.00707341707,
        0.0064441140700000005,
        0.0057879090700000005,
        0.00696841807,
        0.007830323069999999,
        0.00684501607,
        0.00904493107,
        0.00811232507,
        0.00822332507,
        0.00854892807,
        0.007764123070000001,
        0.00879772907,
        0.00861072807,
        0.01018373907,
        0.00963053507,
        0.00676321607,
        0.00861242807,
        0.01041934007,
        0.01121374607,
        0.008215326069999999,
        0.00935733307,
        0.01171184907,
        0.01168664907,
        0.006867316070000001,
        0.00625321307,
        0.007008417070000001,
        0.00867192907,
        0.0066733150700000006,
        0.00691721707,
        0.0068977160700000005,
        0.006470214070000001,
        0.00569230907,
        0.0066752150700000006,
        0.006038011070000001,
        0.00727451907,
        0.0058642100700000005,
        0.00849352707,
        0.00709641807,
        0.006279713070000001,
        0.005996810070000001,
        0.00903923107,
        0.01380146307,
        0.00657301507,
        0.007139518070000001,
        0.006487314070000001,
        0.00892133007,
        0.007669222070000001,
        0.006295213070000001,
        0.00670401507,
        0.00787672407,
        0.007567121070000001,
        0.006946517070000001,
        0.00627461207,
        0.006164112070000001,
        0.0065921150700000005,
        0.00790702307,
        0.00830432607,
        0.006487914070000001,
        0.007296720070000001,
        0.0073515190700000005,
        0.00788432407,
        0.006733715070000001,
        0.00657221407,
        0.00635951307,
        0.006176911070000001,
        0.006442714070000001,
        0.00655881407,
        0.006072010070000001,
        0.005705308070000001,
        0.005776509070000001,
        0.00709551807,
        0.006494213070000001,
        0.0066476150700000005,
        0.00705061707,
        0.00696111607,
        0.006104211070000001,
        0.006971917070000001,
        0.005932810070000001,
        0.006724215070000001,
        0.007107717070000001,
        0.00647291407,
        0.006776415070000001,
        0.006386613070000001,
        0.006289712070000001,
        0.006765715070000001,
        0.00823932507,
        0.0056659080700000005,
        0.006592215070000001,
        0.007120917070000001,
        0.006428813070000001,
        0.00738212007,
        0.006435413070000001,
        0.00603631007,
        0.005917910070000001,
        0.00647521307,
        0.006309012070000001,
        0.0065386140700000005,
        0.006270412070000001
      ]
    },
    {
      "command": "deno bundle ./testing/console.js",
      "mean": 0.5525288918500002,
      "stddev": 0.016852226358938585,
      "median": 0.5501998485699999,
      "user": 0.7538199000000002,
      "system": 0.03808001000000001,
      "min": 0.52442995007,
      "max": 0.6451243090700001,
      "times": [
        0.6451243090700001,
        0.53864673607,
        0.54372015707,
        0.53537979607,
        0.5441159330700001,
        0.55029914907,
        0.54807042607,
        0.54556090307,
        0.54680209407,
        0.55664783607,
        0.55466330607,
        0.55383699807,
        0.57773209507,
        0.55365697107,
        0.53055614307,
        0.53841727307,
        0.5313518270700001,
        0.53886085207,
        0.54660588007,
        0.54912067707,
        0.55826841507,
        0.55268486907,
        0.55541447907,
        0.54321130507,
        0.54774822007,
        0.57274752307,
        0.54479638307,
        0.5458658790700001,
        0.54490406207,
        0.55334499507,
        0.57255126507,
        0.54815225107,
        0.5521575520700001,
        0.55497226007,
        0.55088312907,
        0.54957941507,
        0.56433207107,
        0.58874836607,
        0.54930888707,
        0.55265728507,
        0.5491173660700001,
        0.53558629407,
        0.55142575807,
        0.53850029007,
        0.54976883107,
        0.53387885507,
        0.54064087407,
        0.55668243607,
        0.5626011480700001,
        0.54807128407,
        0.55060257907,
        0.54264384207,
        0.53394569507,
        0.52442995007,
        0.53794289607,
        0.56466680007,
        0.58170336107,
        0.5530009340700001,
        0.60987276107,
        0.59927010207,
        0.55790593107,
        0.55676601507,
        0.58511922207,
        0.55828850807,
        0.54809345607,
        0.56013590107,
        0.57296323807,
        0.54641953107,
        0.55045063607,
        0.55708105707,
        0.55364333507,
        0.56268316307,
        0.55984714707,
        0.55078220107,
        0.5362487420700001,
        0.56774235207,
        0.54390675807,
        0.55031367207,
        0.56445382207,
        0.55282046907,
        0.5407782170700001,
        0.54806004007,
        0.54195580807,
        0.54575122007,
        0.53235915907,
        0.5384751800700001,
        0.52530352107,
        0.5467262980700001,
        0.54398318007,
        0.55416871307,
        0.55280410007,
        0.5588681170700001,
        0.54582736407,
        0.55814310107,
        0.54675585807,
        0.5379759160700001,
        0.55174226407,
        0.55010054807,
        0.56455359807,
        0.53704179207
      ]
    }
  ]
}
