{
  "results": [
    {
      "command": "./elsa bundle ./testing/console.js",
      "mean": 0.008774744015000004,
      "stddev": 0.0013105305920067466,
      "median": 0.008394343625000002,
      "user": 0.0049414717,
      "system": 0.0047121182000000005,
      "min": 0.007201410625000001,
      "max": 0.015762645625000002,
      "times": [
        0.008135839625000002,
        0.008806358625000002,
        0.009451076625,
        0.008178040625,
        0.009124766625,
        0.008278443625000001,
        0.008477945625000002,
        0.008598948625000002,
        0.008365042625000001,
        0.008587048625000001,
        0.010864310625000002,
        0.009434672625000001,
        0.011356024625,
        0.007819627625,
        0.007588621625000001,
        0.008753953625000001,
        0.008030333625,
        0.0074036166250000006,
        0.008677151625,
        0.008527346625000001,
        0.008571747625,
        0.0077759266249999995,
        0.007905829625000001,
        0.008430744625000002,
        0.009491573625000001,
        0.0076539236250000005,
        0.008245839625000001,
        0.011689633625000001,
        0.008701451625,
        0.009039861625000001,
        0.010447299625000002,
        0.009410071625,
        0.008306941625000001,
        0.007717024625,
        0.009610676625000002,
        0.007499018625,
        0.008844255625000002,
        0.015762645625000002,
        0.012047143625000001,
        0.008685751625000002,
        0.008582448625000001,
        0.008224938625,
        0.010414598625000002,
        0.009404670625000002,
        0.011117217625000002,
        0.009219665625000002,
        0.007655522625,
        0.007753026625,
        0.008425744625,
        0.008385542625,
        0.008091835625000002,
        0.007623022625000001,
        0.0075423206250000005,
        0.007201410625000001,
        0.008326541625000001,
        0.008263339625000001,
        0.007903029625,
        0.008610749625,
        0.008321341625,
        0.008399743625,
        0.008335141625,
        0.008452644625000002,
        0.008269840625000002,
        0.008793954625000001,
        0.009125063625,
        0.008959458625000001,
        0.008766952625000001,
        0.013663687625000002,
        0.008892556625,
        0.007871928625000002,
        0.007614522625000001,
        0.007640622625,
        0.007815927625000002,
        0.008684150625000001,
        0.008181436625000002,
        0.008178037625,
        0.007876828625,
        0.008247338625000001,
        0.007902529625000002,
        0.008769053625000002,
        0.008270840625000001,
        0.009133163625000001,
        0.008367642625000001,
        0.008173936625000001,
        0.0076910236250000005,
        0.008286040625000001,
        0.010939613625,
        0.012259748625000002,
        0.008731052625000001,
        0.008333141625000002,
        0.009002760625000002,
        0.009324968625,
        0.008117936625,
        0.008933157625000002,
        0.008349641625000001,
        0.008388943625,
        0.009154964625000001,
        0.008371842625,
        0.007922430625,
        0.007916629625000001
      ]
    },
    {
      "command": "deno bundle ./testing/console.js",
      "mean": 0.584268508635,
      "stddev": 0.014871363633076295,
      "median": 0.582872822625,
      "user": 0.8053256849999996,
      "system": 0.03600695,
      "min": 0.559453563625,
      "max": 0.629714543625,
      "times": [
        0.596722787625,
        0.579909074625,
        0.6194749296250001,
        0.575904314625,
        0.563822323625,
        0.577753874625,
        0.607794789625,
        0.618418569625,
        0.605536865625,
        0.5773022706250001,
        0.578493070625,
        0.579580926625,
        0.583084475625,
        0.592992611625,
        0.5959855336250001,
        0.612266811625,
        0.611868845625,
        0.567019581625,
        0.576096603625,
        0.581778382625,
        0.575949142625,
        0.5908494776250001,
        0.571256598625,
        0.573281482625,
        0.564377005625,
        0.576606990625,
        0.566070571625,
        0.573214678625,
        0.612856860625,
        0.594431107625,
        0.582733153625,
        0.585448282625,
        0.560481105625,
        0.615144957625,
        0.5776855696250001,
        0.591771977625,
        0.586245265625,
        0.601121800625,
        0.605088943625,
        0.586689315625,
        0.582758966625,
        0.5988693256250001,
        0.608431052625,
        0.570192989625,
        0.595982509625,
        0.571255374625,
        0.567428076625,
        0.567096985625,
        0.574889125625,
        0.580032022625,
        0.564263145625,
        0.570221975625,
        0.590831906625,
        0.585867854625,
        0.5657405976250001,
        0.591200226625,
        0.559453563625,
        0.566962783625,
        0.587972483625,
        0.584225165625,
        0.580786647625,
        0.601609929625,
        0.5878926196250001,
        0.588130728625,
        0.583201099625,
        0.584496022625,
        0.599550053625,
        0.582986678625,
        0.578542831625,
        0.594861410625,
        0.629714543625,
        0.589364343625,
        0.575476862625,
        0.590609163625,
        0.576731504625,
        0.584905753625,
        0.596024224625,
        0.569251385625,
        0.5606031756250001,
        0.568523913625,
        0.580193890625,
        0.606774471625,
        0.591215420625,
        0.590186980625,
        0.591991251625,
        0.587911824625,
        0.564509909625,
        0.580398266625,
        0.588326723625,
        0.580424987625,
        0.595796913625,
        0.5628581956250001,
        0.586011909625,
        0.589428800625,
        0.569092485625,
        0.562584639625,
        0.569566342625,
        0.577971866625,
        0.573154670625,
        0.578401353625
      ]
    }
  ]
}
