{
  "results": [
    {
      "command": "./elsa bundle ./testing/console.js",
      "mean": 0.006770467080000002,
      "stddev": 0.0003387756729959652,
      "median": 0.00672916594,
      "user": 0.004338203349999999,
      "system": 0.0031478314999999995,
      "min": 0.006001347440000001,
      "max": 0.0077907904400000005,
      "times": [
        0.00613665244,
        0.006884970440000001,
        0.0065430624400000005,
        0.006945771440000001,
        0.006563963440000001,
        0.00658296244,
        0.00687947044,
        0.006276355440000001,
        0.006485460440000001,
        0.006662365440000001,
        0.006957772440000001,
        0.006825269440000001,
        0.006533861440000001,
        0.006530862440000001,
        0.0066844654400000005,
        0.0066701654400000004,
        0.006845469440000001,
        0.00704387444,
        0.00690627144,
        0.006683565440000001,
        0.00681996944,
        0.007185177440000001,
        0.006729667440000001,
        0.0065073614400000005,
        0.006516361440000001,
        0.007401983440000001,
        0.0072261784400000015,
        0.007407483440000001,
        0.00725257944,
        0.006631364440000001,
        0.006617864440000001,
        0.00652056144,
        0.006480660440000001,
        0.00655666244,
        0.006613064440000001,
        0.007081975440000001,
        0.007437184440000001,
        0.00671536644,
        0.006332656440000001,
        0.006774868440000001,
        0.006712666440000001,
        0.006757667440000001,
        0.0065336614400000005,
        0.006776868440000001,
        0.0067625674400000006,
        0.006327056440000001,
        0.006724166440000001,
        0.006912771440000001,
        0.006516061440000001,
        0.006634964440000001,
        0.00648586044,
        0.00675616744,
        0.00652316144,
        0.007172478440000001,
        0.006612863440000001,
        0.007032074440000001,
        0.006241354440000001,
        0.00665396544,
        0.006788268440000001,
        0.006812968440000001,
        0.00642095944,
        0.007386282440000001,
        0.006901770440000001,
        0.0075466874400000016,
        0.006892270440000001,
        0.0071577774400000006,
        0.006579163440000001,
        0.006504361440000001,
        0.007018072440000001,
        0.0068983694400000005,
        0.006979770440000001,
        0.006841967440000001,
        0.0068627674400000005,
        0.006888168440000001,
        0.00723637744,
        0.0077907904400000005,
        0.007239177440000001,
        0.007087673440000001,
        0.006794266440000001,
        0.007036471440000001,
        0.0067245644400000006,
        0.00751798444,
        0.0067286644400000005,
        0.006442957440000001,
        0.006396356440000001,
        0.006529559440000001,
        0.00654205944,
        0.007133174440000001,
        0.00706877344,
        0.006339354440000001,
        0.00611424944,
        0.006351255440000001,
        0.006318354440000001,
        0.006001347440000001,
        0.006379155440000001,
        0.007177775440000001,
        0.0070935734400000006,
        0.006341254440000001,
        0.006914669440000001,
        0.00667926344
      ]
    },
    {
      "command": "deno bundle ./testing/console.js",
      "mean": 0.5473556372400001,
      "stddev": 0.0034146311320243468,
      "median": 0.5469266484399999,
      "user": 0.7569491450000002,
      "system": 0.031792074999999996,
      "min": 0.53959408344,
      "max": 0.56041153344,
      "times": [
        0.54809741444,
        0.55119243544,
        0.55019827744,
        0.54361072644,
        0.54522290944,
        0.55018058944,
        0.54565654644,
        0.54818178444,
        0.54328934044,
        0.54149149144,
        0.54353718944,
        0.54389867144,
        0.54249371644,
        0.54833549144,
        0.54555142044,
        0.54479016544,
        0.55647776844,
        0.54646493644,
        0.55172242444,
        0.54754930744,
        0.54681077844,
        0.54490251244,
        0.54444808244,
        0.54699830544,
        0.55034383544,
        0.54628024844,
        0.55228801944,
        0.54411936644,
        0.54547205044,
        0.54903240644,
        0.54816095844,
        0.54284235044,
        0.54153714944,
        0.54730256344,
        0.55018049644,
        0.54880184744,
        0.54861980344,
        0.54499016044,
        0.54472219844,
        0.53959408344,
        0.54378299844,
        0.54467301344,
        0.54518827644,
        0.55031850544,
        0.54937357044,
        0.54625160444,
        0.54566019244,
        0.54554009644,
        0.55569795144,
        0.54499154544,
        0.54634126344,
        0.55758687344,
        0.54875522644,
        0.55062989644,
        0.55144612444,
        0.54948536544,
        0.54625180144,
        0.54565188144,
        0.54735624244,
        0.55093586644,
        0.54722055844,
        0.54405412344,
        0.54742013044,
        0.54500798844,
        0.54657741144,
        0.54729229344,
        0.54305294344,
        0.54920256744,
        0.54807432144,
        0.54813572144,
        0.54899794444,
        0.54622123944,
        0.54910136744,
        0.54969748044,
        0.54644034044,
        0.54476424944,
        0.54917082644,
        0.54403262644,
        0.55033947344,
        0.54465853844,
        0.54618888444,
        0.55291310644,
        0.54703512344,
        0.54370255544,
        0.54689289344,
        0.5497203604399999,
        0.54893815644,
        0.54696040344,
        0.55113214544,
        0.54761495244,
        0.54644305344,
        0.54905188644,
        0.54469611544,
        0.55093256544,
        0.56041153344,
        0.54493839044,
        0.54517599744,
        0.55246995244,
        0.54425935544,
        0.54531602744
      ]
    }
  ]
}
