{
  "results": [
    {
      "command": "./elsa bundle ./testing/console.js",
      "mean": 0.006270164949999999,
      "stddev": 0.0007453190134422736,
      "median": 0.0061845569100000015,
      "user": 0.00428467175,
      "system": 0.002740822,
      "min": 0.005055114910000001,
      "max": 0.009878192910000002,
      "times": [
        0.005219320910000001,
        0.005513632910000001,
        0.005912746910000001,
        0.007075689910000001,
        0.005721539910000001,
        0.005763240910000001,
        0.005707739910000001,
        0.005551932910000001,
        0.005764741910000001,
        0.006276259910000001,
        0.005683938910000001,
        0.0062829609100000005,
        0.005567733910000001,
        0.005649636910000001,
        0.005825043910000001,
        0.005806142910000001,
        0.005111316910000001,
        0.005772641910000001,
        0.006479167910000001,
        0.005219620910000001,
        0.007378700910000001,
        0.005550832910000001,
        0.0068364809100000005,
        0.005811742910000001,
        0.00620665691,
        0.005656037910000001,
        0.005380326910000001,
        0.0066997759100000005,
        0.005583534910000001,
        0.00557263391,
        0.005396827910000001,
        0.005329424910000001,
        0.005222720910000001,
        0.005668737910000001,
        0.00535862591,
        0.006178356910000001,
        0.005615035910000001,
        0.00590914691,
        0.005635836910000001,
        0.005148017910000001,
        0.006046451910000001,
        0.005055114910000001,
        0.006309660910000001,
        0.007916620910000002,
        0.006770878910000001,
        0.006593571910000001,
        0.007002486910000001,
        0.00669827491,
        0.006101652910000001,
        0.006633972910000001,
        0.006296460910000001,
        0.00776161591,
        0.00613745491,
        0.007116590910000001,
        0.00643136591,
        0.009878192910000002,
        0.006527869910000001,
        0.006449166910000001,
        0.006666374910000001,
        0.00633766191,
        0.006484167910000001,
        0.006443265910000001,
        0.006423265910000001,
        0.007135391910000001,
        0.0061516559100000005,
        0.006593471910000001,
        0.005931447910000001,
        0.006052951910000001,
        0.006869881910000001,
        0.006526268910000001,
        0.007229795910000001,
        0.006263359910000001,
        0.006626772910000001,
        0.006052351910000001,
        0.006333862910000001,
        0.0060692529100000005,
        0.0070461879100000005,
        0.006142754910000001,
        0.006449566910000001,
        0.006580970910000001,
        0.006341061910000001,
        0.00606825291,
        0.005915246910000001,
        0.007175393910000001,
        0.00614825491,
        0.006600571910000001,
        0.006579571910000001,
        0.006173255910000001,
        0.006891282910000001,
        0.00745830391,
        0.005644236910000001,
        0.0060058499100000004,
        0.006597371910000001,
        0.006190756910000001,
        0.006433365910000001,
        0.005755340910000001,
        0.006642973910000001,
        0.007867818910000001,
        0.00826333291,
        0.006081652910000001
      ]
    },
    {
      "command": "deno bundle ./testing/console.js",
      "mean": 0.53717098943,
      "stddev": 0.027669446361059738,
      "median": 0.5344151854100001,
      "user": 0.7372288149999997,
      "system": 0.03460627000000001,
      "min": 0.48795880691,
      "max": 0.6099156939100001,
      "times": [
        0.5340151589100001,
        0.5357945229100001,
        0.5519145119100001,
        0.56090964191,
        0.5687924269100001,
        0.5085713139100001,
        0.5455960699100001,
        0.59016550591,
        0.52277362791,
        0.5095913419100001,
        0.5454557559100001,
        0.5884951339100001,
        0.5126316469100001,
        0.5376914639100001,
        0.5819349869100001,
        0.5120872189100001,
        0.5214245609100001,
        0.56094080691,
        0.5806762309100001,
        0.5444938999100001,
        0.52715386191,
        0.6099156939100001,
        0.5659605789100001,
        0.5312253049100001,
        0.5329106629100001,
        0.5097416129100001,
        0.5171318799100001,
        0.51745759291,
        0.5107866439100001,
        0.5302531569100001,
        0.5803231869100001,
        0.51520720091,
        0.5889621999100001,
        0.5286391879100001,
        0.53481521191,
        0.5792296359100001,
        0.5409582329100001,
        0.5036827649100001,
        0.5085522429100001,
        0.56340524791,
        0.5144017529100001,
        0.5203258659100001,
        0.49734982491,
        0.54026529291,
        0.5653894099100001,
        0.56474678291,
        0.50721097691,
        0.50415456391,
        0.5421805529100001,
        0.52363667291,
        0.5107639999100001,
        0.52674168191,
        0.53165365891,
        0.55312954291,
        0.50861061191,
        0.5752853479100001,
        0.53619651691,
        0.5457993669100001,
        0.5174343279100001,
        0.57350297391,
        0.5941183239100001,
        0.5598022679100001,
        0.5152740409100001,
        0.5361563009100001,
        0.5553424009100001,
        0.5373921419100001,
        0.54804292991,
        0.56284786591,
        0.5187896579100001,
        0.5171190939100001,
        0.52262079391,
        0.49951104891000003,
        0.5490141529100001,
        0.53853596791,
        0.5698355069100001,
        0.5743796709100001,
        0.51353304991,
        0.49622821791,
        0.49617181291,
        0.51795150691,
        0.54980506491,
        0.59520671791,
        0.48795880691,
        0.50505532991,
        0.5404192149100001,
        0.54747207091,
        0.49712693391,
        0.5184591099100001,
        0.54936373391,
        0.50410388391,
        0.5232112779100001,
        0.52233804391,
        0.49250415591,
        0.5215636119100001,
        0.54792687091,
        0.5601417119100001,
        0.51605090591,
        0.52346187291,
        0.5866555719100001,
        0.53655964591
      ]
    }
  ]
}
