{
  "results": [
    {
      "command": "./elsa bundle ./testing/console.js",
      "mean": 0.004437158965000001,
      "stddev": 0.0005427855128265754,
      "median": 0.004329451125,
      "user": 0.0023078519499999985,
      "system": 0.00273935375,
      "min": 0.0035524816250000002,
      "max": 0.0071308726250000004,
      "times": [
        0.004081494625,
        0.003843288625000001,
        0.004412803625,
        0.004346701625,
        0.004440904625,
        0.0043957036250000005,
        0.003945991625000001,
        0.0042876006250000005,
        0.003916790625,
        0.004213698625000001,
        0.004896415625000001,
        0.004255199625000001,
        0.005421729625000001,
        0.004035193625000001,
        0.003928991625,
        0.003924491625,
        0.004599107625,
        0.003689684625,
        0.004069894625000001,
        0.003976092625,
        0.0057216376250000004,
        0.004133995625,
        0.0037239856250000005,
        0.0040372936250000005,
        0.004847014625000001,
        0.0038348896250000007,
        0.004447104625000001,
        0.004004892625000001,
        0.0042180986250000005,
        0.003995393625,
        0.004637308625,
        0.003974892625,
        0.0035524816250000002,
        0.0038446896250000006,
        0.0049393166250000006,
        0.004481305625,
        0.003853389625,
        0.004523706625,
        0.004277699625000001,
        0.004275000625000001,
        0.004276099625000001,
        0.004475505625000001,
        0.004410203625,
        0.005050219625,
        0.004260199625000001,
        0.004506205625000001,
        0.004559106625000001,
        0.004465805625,
        0.004725610625,
        0.004382302625000001,
        0.004196797625000001,
        0.004304700625,
        0.0054632296250000005,
        0.003990292625000001,
        0.003835088625,
        0.0047901126250000006,
        0.0051818226250000005,
        0.005048118625,
        0.0071308726250000004,
        0.004767012625000001,
        0.005349026625,
        0.004602107625000001,
        0.0042143976250000005,
        0.004168296625000001,
        0.0045049056250000006,
        0.004715710625,
        0.004312200625,
        0.003973691625,
        0.004159096625000001,
        0.003960191625000001,
        0.0060652446250000006,
        0.004303700625,
        0.0049655176250000006,
        0.004113695625,
        0.004351901625000001,
        0.0046209086250000005,
        0.004629608625000001,
        0.004667009625,
        0.004942616625000001,
        0.0046509096250000005,
        0.004352401625,
        0.0052432236250000005,
        0.004231298625,
        0.004397803625,
        0.003949090625,
        0.004034593625,
        0.004104195625,
        0.0038377886250000005,
        0.004687610625000001,
        0.005141721625000001,
        0.0037606866250000006,
        0.005013318625000001,
        0.0045963076250000005,
        0.005166822625,
        0.004638008625,
        0.004208998625000001,
        0.003853788625000001,
        0.004293200625,
        0.0042705996250000005,
        0.0048385136250000006
      ]
    },
    {
      "command": "deno bundle ./testing/console.js",
      "mean": 0.561373036905,
      "stddev": 0.021226721243219508,
      "median": 0.562757905125,
      "user": 0.7696435450000001,
      "system": 0.037000904999999994,
      "min": 0.5226300636250001,
      "max": 0.603418130625,
      "times": [
        0.603418130625,
        0.5709554416250001,
        0.547993596625,
        0.538696446625,
        0.581307531625,
        0.535000826625,
        0.5373750706250001,
        0.5831437096250001,
        0.572326637625,
        0.544157272625,
        0.5478042296250001,
        0.5828434306250001,
        0.538165468625,
        0.544377204625,
        0.5305362616250001,
        0.5784883486250001,
        0.5918941336250001,
        0.5591993636250001,
        0.5360772246250001,
        0.561263772625,
        0.5825586486250001,
        0.5382314116250001,
        0.5445422466250001,
        0.564744680625,
        0.5470695656250001,
        0.539430776625,
        0.5363121876250001,
        0.5466949106250001,
        0.537564780625,
        0.5383056906250001,
        0.596005256625,
        0.5382313536250001,
        0.5286841146250001,
        0.564745611625,
        0.5632387576250001,
        0.560993690625,
        0.566294494625,
        0.5470779436250001,
        0.540828298625,
        0.5828918026250001,
        0.6003285796250001,
        0.5854424266250001,
        0.5774099316250001,
        0.5646661376250001,
        0.5748135376250001,
        0.5721958716250001,
        0.601057776625,
        0.5311658356250001,
        0.5412210366250001,
        0.5397281916250001,
        0.5366916096250001,
        0.6003220796250001,
        0.544587654625,
        0.5426761886250001,
        0.577301435625,
        0.5442480926250001,
        0.5365623196250001,
        0.5512080156250001,
        0.5447340646250001,
        0.587129763625,
        0.5253810136250001,
        0.526155721625,
        0.563960515625,
        0.5783209166250001,
        0.555338997625,
        0.5284703166250001,
        0.5385671126250001,
        0.5226300636250001,
        0.5876020326250001,
        0.5596386216250001,
        0.572491483625,
        0.5761652406250001,
        0.562485743625,
        0.5395393316250001,
        0.5505280586250001,
        0.577159902625,
        0.5884638296250001,
        0.556690044625,
        0.5690469866250001,
        0.5426905246250001,
        0.5631708326250001,
        0.560714175625,
        0.556296861625,
        0.5686086116250001,
        0.583439505625,
        0.5754356216250001,
        0.5682079616250001,
        0.5751746846250001,
        0.580336486625,
        0.5973964196250001,
        0.571442668625,
        0.5770646716250001,
        0.5925744766250001,
        0.584316996625,
        0.583633458625,
        0.598953867625,
        0.5917484016250001,
        0.557572482625,
        0.5638981046250001,
        0.5630300666250001
      ]
    }
  ]
}
