{
  "results": [
    {
      "command": "./elsa bundle ./testing/console.js",
      "mean": 0.0046732131849999995,
      "stddev": 0.0003850603600480493,
      "median": 0.004631439085,
      "user": 0.0029099072499999996,
      "system": 0.0024720810000000005,
      "min": 0.004122488085000001,
      "max": 0.006618591085,
      "times": [
        0.004296089085000001,
        0.004278089085000001,
        0.004808789085000001,
        0.004998890085000001,
        0.004560489085000001,
        0.004682289085000001,
        0.004215488085,
        0.004703190085000001,
        0.004154688085,
        0.004214989085000001,
        0.004479189085,
        0.004510189085000001,
        0.004415688085000001,
        0.004666990085000001,
        0.004658989085000001,
        0.005697190085000001,
        0.005416890085000001,
        0.006055391085,
        0.004781390085,
        0.004712289085,
        0.004909689085,
        0.004854690085,
        0.004581289085000001,
        0.004533389085000001,
        0.006618591085,
        0.004971190085,
        0.004899689085000001,
        0.004450689085000001,
        0.0049668890850000005,
        0.004450989085000001,
        0.004639689085000001,
        0.004442789085000001,
        0.005613490085000001,
        0.004827489085000001,
        0.004495589085000001,
        0.004648889085,
        0.004604289085000001,
        0.004907590085,
        0.004428689085,
        0.004565088085,
        0.004656190085000001,
        0.004494588085000001,
        0.004726090085000001,
        0.004581388085000001,
        0.004255089085,
        0.004269689085,
        0.005039689085,
        0.004589989085000001,
        0.004560089085,
        0.004449389085,
        0.005109889085000001,
        0.004453189085,
        0.004619489085000001,
        0.004174089085000001,
        0.004623189085,
        0.004448789085,
        0.004425688085000001,
        0.004353889085,
        0.004925489085,
        0.004680389085,
        0.004498889085000001,
        0.004225789085000001,
        0.004424489085,
        0.0048222890850000005,
        0.004727689085,
        0.0047889890850000005,
        0.004446989085,
        0.004122488085000001,
        0.004421689085000001,
        0.004714889085,
        0.004878090085,
        0.004688989085000001,
        0.004567089085,
        0.004523889085,
        0.005079989085,
        0.004517289085000001,
        0.004371989085,
        0.0043932880850000005,
        0.004665189085,
        0.0046416900850000005,
        0.004727789085,
        0.004715489085,
        0.004402689085,
        0.0049551890850000006,
        0.004753089085,
        0.004185689085000001,
        0.004739389085,
        0.004769989085000001,
        0.004153788085,
        0.004271189085,
        0.004695589085,
        0.005084990085000001,
        0.004915989085000001,
        0.005530190085000001,
        0.0044454890850000005,
        0.004671489085000001,
        0.004539989085000001,
        0.004432989085,
        0.0047302890850000005,
        0.004924189085000001
      ]
    },
    {
      "command": "deno bundle ./testing/console.js",
      "mean": 0.553624558635,
      "stddev": 0.010182703444294347,
      "median": 0.5524882975850001,
      "user": 0.7611911749999999,
      "system": 0.031104985,
      "min": 0.5346731140850001,
      "max": 0.5918843970850001,
      "times": [
        0.551320825085,
        0.5512281250850001,
        0.5524852220850001,
        0.5406320090850001,
        0.561616427085,
        0.5565424210850001,
        0.5419799040850001,
        0.538946699085,
        0.5705104280850001,
        0.5451104010850001,
        0.553248807085,
        0.5879487370850001,
        0.583148831085,
        0.577533524085,
        0.569752614085,
        0.5646502090850001,
        0.5453477870850001,
        0.555609997085,
        0.544557684085,
        0.5558258930850001,
        0.544942781085,
        0.551318486085,
        0.554973387085,
        0.555153286085,
        0.565092094085,
        0.550789878085,
        0.547338075085,
        0.555839580085,
        0.547030872085,
        0.544916967085,
        0.5524913730850001,
        0.542098663085,
        0.561099478085,
        0.546723065085,
        0.555235770085,
        0.548694864085,
        0.544110458085,
        0.5621160740850001,
        0.5650429730850001,
        0.5918843970850001,
        0.554848063085,
        0.552649260085,
        0.5505858570850001,
        0.576724078085,
        0.542643348085,
        0.5561820590850001,
        0.5475743900850001,
        0.5437256970850001,
        0.556916979085,
        0.553971498085,
        0.545866125085,
        0.546121634085,
        0.560474621085,
        0.561572626085,
        0.553119460085,
        0.556264258085,
        0.5517082830850001,
        0.546830899085,
        0.5610103860850001,
        0.544887525085,
        0.5618660040850001,
        0.552404535085,
        0.5511211420850001,
        0.556844149085,
        0.551304762085,
        0.550623380085,
        0.5668319580850001,
        0.553594893085,
        0.5583028950850001,
        0.558282503085,
        0.568236901085,
        0.555350225085,
        0.560233835085,
        0.5401659670850001,
        0.5454214740850001,
        0.563710453085,
        0.556181675085,
        0.5346731140850001,
        0.558587988085,
        0.548253514085,
        0.557147606085,
        0.5478895340850001,
        0.549200134085,
        0.555313140085,
        0.559019640085,
        0.5477570660850001,
        0.546439675085,
        0.5451990840850001,
        0.546345092085,
        0.5553997860850001,
        0.540039717085,
        0.545962512085,
        0.553516617085,
        0.5420475340850001,
        0.542806044085,
        0.541350050085,
        0.546870853085,
        0.544592663085,
        0.5582211540850001,
        0.546780476085
      ]
    }
  ]
}
