{
  "results": [
    {
      "command": "./elsa bundle ./testing/console.js",
      "mean": 0.005768886934999998,
      "stddev": 0.0006984429786704292,
      "median": 0.005651101155,
      "user": 0.0030350410999999988,
      "system": 0.0034650144000000016,
      "min": 0.004571867655,
      "max": 0.008189178654999999,
      "times": [
        0.005165085655,
        0.0051189846550000005,
        0.006583929655,
        0.006769735655,
        0.005985011655000001,
        0.005113084655,
        0.006187117655,
        0.005820606655,
        0.0055482986550000005,
        0.005312090655000001,
        0.005567098655,
        0.005970310655,
        0.004831475655,
        0.006240518655,
        0.005138785655,
        0.0048408766550000005,
        0.005097584655,
        0.005067783655000001,
        0.005298990655,
        0.005413893655,
        0.004571867655,
        0.0055337976550000004,
        0.005627900655,
        0.004955679655000001,
        0.005535197655,
        0.005164786655000001,
        0.0066763326550000005,
        0.005135185655,
        0.005985510655,
        0.005119884655,
        0.0045792686550000005,
        0.007427855655,
        0.005180886655,
        0.005461895655,
        0.0049113786550000005,
        0.005548697655,
        0.0063388226550000005,
        0.0066260316550000005,
        0.0065552296550000005,
        0.006104214655000001,
        0.006123115655000001,
        0.006362222655,
        0.007250549655,
        0.005455394655,
        0.0050229816550000006,
        0.005502697655,
        0.006071413655,
        0.005494395655,
        0.005139685655,
        0.005745104655,
        0.005270089655,
        0.005503096655,
        0.005679302655,
        0.005767905655000001,
        0.005674301655,
        0.006415625655,
        0.006533928655,
        0.006489726655,
        0.006283921655,
        0.0060280126550000005,
        0.006559829655,
        0.007049144655,
        0.007113745655000001,
        0.006372322655,
        0.006828637655000001,
        0.0056848026550000005,
        0.005266089655,
        0.0058394066550000005,
        0.006194518655,
        0.007088545655000001,
        0.007170947655,
        0.006057714655,
        0.005846306655,
        0.005836906655000001,
        0.006324622655000001,
        0.005494696655,
        0.006238419655000001,
        0.005409893655,
        0.006131515655,
        0.005551998655,
        0.005291190655,
        0.006266420655,
        0.005600899655,
        0.005902808655,
        0.005726303655,
        0.005156086655,
        0.005364292655,
        0.005306891655000001,
        0.005039082655,
        0.0049391796550000006,
        0.004972280655,
        0.004847376655,
        0.0046313706550000005,
        0.004998181655,
        0.0064096246550000005,
        0.008189178654999999,
        0.005973111655,
        0.004959880655,
        0.005727203655000001,
        0.0056020996550000006
      ]
    },
    {
      "command": "deno bundle ./testing/console.js",
      "mean": 0.573990283825,
      "stddev": 0.011770985348836055,
      "median": 0.5746220936549999,
      "user": 0.7900872350000001,
      "system": 0.03362547999999999,
      "min": 0.544328640655,
      "max": 0.601781171655,
      "times": [
        0.563993418655,
        0.566524469655,
        0.557994115655,
        0.559826245655,
        0.567102847655,
        0.562110585655,
        0.574211521655,
        0.555071356655,
        0.5717764186550001,
        0.557824310655,
        0.555790727655,
        0.563686948655,
        0.564475051655,
        0.563300706655,
        0.558065543655,
        0.566564569655,
        0.569489545655,
        0.567376562655,
        0.567639064655,
        0.547225860655,
        0.558159463655,
        0.567905126655,
        0.544328640655,
        0.551843145655,
        0.562929942655,
        0.586688211655,
        0.579656987655,
        0.587007488655,
        0.577549503655,
        0.567448303655,
        0.5633618796550001,
        0.562465234655,
        0.575200688655,
        0.583483900655,
        0.580384405655,
        0.596049531655,
        0.592380312655,
        0.575327124655,
        0.574292472655,
        0.578760592655,
        0.582655084655,
        0.580837621655,
        0.559427810655,
        0.585283817655,
        0.575399334655,
        0.562571654655,
        0.600280902655,
        0.575646598655,
        0.585104749655,
        0.577386224655,
        0.587039575655,
        0.579819868655,
        0.584026066655,
        0.577857085655,
        0.584564559655,
        0.578318470655,
        0.570955161655,
        0.574848948655,
        0.575220553655,
        0.601781171655,
        0.574939117655,
        0.598637763655,
        0.572305019655,
        0.569665540655,
        0.572678406655,
        0.571485366655,
        0.571097042655,
        0.593805754655,
        0.576537372655,
        0.584512372655,
        0.588220868655,
        0.584780058655,
        0.582328381655,
        0.571973187655,
        0.574395238655,
        0.5701064166550001,
        0.5835385656550001,
        0.5790488366550001,
        0.577703486655,
        0.572148123655,
        0.570979884655,
        0.580386825655,
        0.561151396655,
        0.576712502655,
        0.585394032655,
        0.5665300076550001,
        0.578065709655,
        0.588688591655,
        0.595524159655,
        0.580437845655,
        0.569073823655,
        0.5615854126550001,
        0.5640845706550001,
        0.598127177655,
        0.587259078655,
        0.574968229655,
        0.573717190655,
        0.576261046655,
        0.553641228655,
        0.5622346526550001
      ]
    }
  ]
}
