{
  "results": [
    {
      "command": "./elsa bundle ./testing/console.js",
      "mean": 0.007185537015000001,
      "stddev": 0.0003498273652398147,
      "median": 0.007194688354999999,
      "user": 0.0033902469000000003,
      "system": 0.004498742099999998,
      "min": 0.006485164355,
      "max": 0.007939014355,
      "times": [
        0.006625869354999999,
        0.0075873023550000005,
        0.0065147653549999995,
        0.006835876354999999,
        0.007405495355,
        0.006917978355,
        0.006909879355,
        0.006753373355,
        0.006485164355,
        0.007221888354999999,
        0.007182287354999999,
        0.0073544943549999995,
        0.007337893355,
        0.0069635803549999995,
        0.007409696355,
        0.006785674355,
        0.007442197354999999,
        0.007266290355,
        0.007478697354999999,
        0.007196488354999999,
        0.006862176355,
        0.0070845843549999996,
        0.007086084354999999,
        0.007278290355,
        0.007215488354999999,
        0.006754474355,
        0.006576467355,
        0.006708672355,
        0.006679470355,
        0.007392595355,
        0.007221689355,
        0.007387595355,
        0.007669704354999999,
        0.0073366923550000004,
        0.007148786354999999,
        0.007316492354999999,
        0.006921478355,
        0.007208689354999999,
        0.007185588355,
        0.007253090355,
        0.007182788354999999,
        0.006947280355,
        0.007669904355,
        0.006784374355,
        0.007939014355,
        0.007425096354999999,
        0.007192888355,
        0.007640503355,
        0.007131186354999999,
        0.007700605354999999,
        0.0077282063549999995,
        0.007169087354999999,
        0.007252490355,
        0.007346494355,
        0.006943379354999999,
        0.007579901355,
        0.007014582355,
        0.006595968355,
        0.007079584355,
        0.007561300355,
        0.007161387355,
        0.006985381355,
        0.007103885355,
        0.006745373355,
        0.007699605355,
        0.007692605355,
        0.007167288354999999,
        0.0075308993550000005,
        0.007272291355,
        0.007081784355,
        0.007865710355,
        0.007366994355,
        0.007560501355000001,
        0.007216689355,
        0.007931413355,
        0.007383495355,
        0.006888577355,
        0.006704771355,
        0.007040483355,
        0.006926579354999999,
        0.0073620943549999995,
        0.007667304355,
        0.006956780355,
        0.0072207883550000004,
        0.007808508355,
        0.0076347033549999995,
        0.0072352893550000005,
        0.006759173354999999,
        0.006984680355,
        0.006935480355,
        0.006617868355,
        0.006784674355,
        0.007710805354999999,
        0.007050483355,
        0.0066995713549999995,
        0.006526865355,
        0.007590701355,
        0.007011282355,
        0.0073247933549999995,
        0.007498498354999999
      ]
    },
    {
      "command": "deno bundle ./testing/console.js",
      "mean": 0.5513839418949998,
      "stddev": 0.003495673067870391,
      "median": 0.5506674298550001,
      "user": 0.7609028150000001,
      "system": 0.03296051500000001,
      "min": 0.5446000513550001,
      "max": 0.5618325313550001,
      "times": [
        0.552412479355,
        0.5513228383550001,
        0.5481887293550001,
        0.5563408983550001,
        0.5485016983550001,
        0.5469005103550001,
        0.5498193703550001,
        0.5542747573550001,
        0.5554734673550001,
        0.5474541653550001,
        0.554113144355,
        0.5498935573550001,
        0.5556467593550001,
        0.5513171283550001,
        0.5497735133550001,
        0.5535812993550001,
        0.5465468553550001,
        0.5506091883550001,
        0.5606624923550001,
        0.5510821823550001,
        0.551916191355,
        0.5458197173550001,
        0.5501075963550001,
        0.5508946423550001,
        0.5496619583550001,
        0.551344720355,
        0.5472979163550001,
        0.548953362355,
        0.548103451355,
        0.5540216533550001,
        0.5476168403550001,
        0.5491152113550001,
        0.5499625503550001,
        0.5550383963550001,
        0.5496343573550001,
        0.548444869355,
        0.549427851355,
        0.558633060355,
        0.552709534355,
        0.5491607443550001,
        0.5469709113550001,
        0.5551784643550001,
        0.548249572355,
        0.5582303513550001,
        0.5480683713550001,
        0.5495634103550001,
        0.5497580043550001,
        0.551777677355,
        0.555283065355,
        0.557758058355,
        0.5548054613550001,
        0.5512042533550001,
        0.5516351613550001,
        0.5446000513550001,
        0.5486184663550001,
        0.5521139163550001,
        0.5537352513550001,
        0.550554698355,
        0.5520841953550001,
        0.5497705653550001,
        0.5472126903550001,
        0.5465133653550001,
        0.552099149355,
        0.5462168853550001,
        0.5504847063550001,
        0.5536409173550001,
        0.553622300355,
        0.5539591773550001,
        0.5533604273550001,
        0.5476956313550001,
        0.5544912053550001,
        0.5500785173550001,
        0.5511698043550001,
        0.5548924633550001,
        0.5486117663550001,
        0.5507256713550001,
        0.5554442263550001,
        0.5595280683550001,
        0.548186583355,
        0.548392341355,
        0.5542658623550001,
        0.549259394355,
        0.5479198243550001,
        0.5574908093550001,
        0.548356920355,
        0.547276466355,
        0.5497573303550001,
        0.5618325313550001,
        0.5520293303550001,
        0.5493452553550001,
        0.5493540133550001,
        0.5492779863550001,
        0.550043041355,
        0.5496538713550001,
        0.5529514823550001,
        0.5575076523550001,
        0.5522550463550001,
        0.5573071943550001,
        0.5524114003550001,
        0.5520333113550001
      ]
    }
  ]
}
