{
  "results": [
    {
      "command": "./elsa bundle ./testing/console.js",
      "mean": 0.00518598739,
      "stddev": 0.0009661811201611831,
      "median": 0.00487639887,
      "user": 0.003046253200000002,
      "system": 0.002872313649999999,
      "min": 0.00402064737,
      "max": 0.00909495437,
      "times": [
        0.0044203483699999995,
        0.00452874837,
        0.00475434837,
        0.00463264837,
        0.00722715237,
        0.00909495437,
        0.00421594837,
        0.00484854937,
        0.00468584837,
        0.00494444937,
        0.00494464837,
        0.00665885137,
        0.00549385037,
        0.00447934837,
        0.00402064737,
        0.0046498493699999996,
        0.00506814937,
        0.00509154837,
        0.00437934837,
        0.00641705137,
        0.00530304937,
        0.00470654937,
        0.00453584837,
        0.00519984937,
        0.0048456483699999995,
        0.00461124937,
        0.0046258483699999995,
        0.007148152370000001,
        0.00507024837,
        0.00458584937,
        0.00441174837,
        0.0051972493699999995,
        0.00456134837,
        0.00444014837,
        0.00549874937,
        0.0064288513700000004,
        0.00563725037,
        0.00500934837,
        0.0046853493699999995,
        0.00477694837,
        0.00479444937,
        0.00427614837,
        0.0065209503700000004,
        0.00661115137,
        0.00472014937,
        0.00437344837,
        0.00494884837,
        0.00548255037,
        0.00668065137,
        0.00448434837,
        0.00450624837,
        0.00513354937,
        0.00454394837,
        0.00705165237,
        0.00491064837,
        0.0046650493699999995,
        0.00490424837,
        0.0044628483699999996,
        0.00635585137,
        0.00553464937,
        0.00597495037,
        0.00539795037,
        0.00418634737,
        0.00518994937,
        0.0043816483699999995,
        0.00519574937,
        0.00496384937,
        0.00495244937,
        0.00476724837,
        0.00554135037,
        0.0046683483699999995,
        0.00515984937,
        0.00443444837,
        0.00495044937,
        0.00589005037,
        0.00455694837,
        0.00876405437,
        0.0061438503700000004,
        0.00468214837,
        0.00492444937,
        0.00417014837,
        0.00525654937,
        0.00440124837,
        0.00553494937,
        0.00451044837,
        0.00476374937,
        0.00747835237,
        0.007558252370000001,
        0.00414284837,
        0.00450424837,
        0.00439064837,
        0.0056666493699999996,
        0.0046647493699999995,
        0.00468624837,
        0.00631435137,
        0.00541264937,
        0.00460794837,
        0.0040733483699999995,
        0.00484414837,
        0.00609415137
      ]
    },
    {
      "command": "deno bundle ./testing/console.js",
      "mean": 0.5566612432699998,
      "stddev": 0.025824907922117155,
      "median": 0.55694923187,
      "user": 0.7642979800000002,
      "system": 0.03512972500000001,
      "min": 0.51449232537,
      "max": 0.6050582453700001,
      "times": [
        0.5431974633700001,
        0.58554061937,
        0.5259147403700001,
        0.5295141453700001,
        0.53875325737,
        0.52507283937,
        0.52063473337,
        0.51856943137,
        0.52193143437,
        0.5215642353700001,
        0.52056463337,
        0.5319529483700001,
        0.52411783837,
        0.51449232537,
        0.54452906437,
        0.5731311033700001,
        0.58076051337,
        0.56129018737,
        0.56094678737,
        0.56345189037,
        0.56138378737,
        0.57443450437,
        0.5720078013700001,
        0.5871942223700001,
        0.57414400437,
        0.57935881137,
        0.59596843337,
        0.59471143137,
        0.58131941437,
        0.52903664437,
        0.53460775237,
        0.52923754437,
        0.54468596537,
        0.52602684137,
        0.53222184837,
        0.52369523737,
        0.53784785637,
        0.52439083837,
        0.5273955423700001,
        0.5187937313700001,
        0.5371525553700001,
        0.53403875137,
        0.56926349837,
        0.54327916337,
        0.5453740663700001,
        0.52816884337,
        0.54549796637,
        0.59015532537,
        0.52832704337,
        0.5495819723700001,
        0.53800875637,
        0.53314535037,
        0.53889885737,
        0.55144927437,
        0.53811445637,
        0.5605280863700001,
        0.52795064337,
        0.5652534933700001,
        0.56347289037,
        0.5552432793700001,
        0.55099947337,
        0.54527466637,
        0.53271954937,
        0.53274864937,
        0.52155533437,
        0.5223222363700001,
        0.57908301037,
        0.57996791237,
        0.52736904237,
        0.55305177637,
        0.54378726437,
        0.54253656237,
        0.57341960337,
        0.57395200437,
        0.5586551843700001,
        0.56547109237,
        0.5878691233700001,
        0.59008602537,
        0.5863481203700001,
        0.58815802337,
        0.59394483037,
        0.59157682837,
        0.58179231437,
        0.5949971323700001,
        0.59430803037,
        0.57844231037,
        0.5700886993700001,
        0.5956695333700001,
        0.5868859213700001,
        0.58843152337,
        0.56942309837,
        0.6050582453700001,
        0.57437140437,
        0.5947651323700001,
        0.5855787193700001,
        0.5650546923700001,
        0.57704300837,
        0.5829874163700001,
        0.58105561337,
        0.6019785413700001
      ]
    }
  ]
}
