{
  "results": [
    {
      "command": "./elsa bundle ./testing/console.js",
      "mean": 0.006745675190000003,
      "stddev": 0.0009333819479288228,
      "median": 0.0067001152000000005,
      "user": 0.0038570987499999994,
      "system": 0.0038061237000000005,
      "min": 0.0052399167000000005,
      "max": 0.0094971117,
      "times": [
        0.0054616167000000005,
        0.0052399167000000005,
        0.0055636167,
        0.0053734157,
        0.0055388167,
        0.0056969167000000005,
        0.0061679157,
        0.0059939157000000005,
        0.0054545167,
        0.0059373157,
        0.0055696167,
        0.0057588157,
        0.0054937167,
        0.0056894167,
        0.0059296157,
        0.0057210157,
        0.006547715700000001,
        0.0068088147000000005,
        0.0064946157,
        0.0060002157,
        0.0053624167,
        0.0061884157,
        0.0053845167000000005,
        0.0064289157,
        0.0065761157,
        0.0054128167,
        0.0055826157,
        0.005403916700000001,
        0.0064320157,
        0.0057360157,
        0.007618714700000001,
        0.0065881157,
        0.0067314147000000005,
        0.006817915700000001,
        0.0068955147,
        0.0066560147,
        0.0066540157,
        0.0064403157,
        0.0064634157,
        0.0070913147,
        0.0082457137,
        0.0094971117,
        0.0074410147,
        0.0066947157,
        0.0067602147,
        0.0072553146999999995,
        0.007718014700000001,
        0.0074176147,
        0.006876714700000001,
        0.0071244147,
        0.0074723147,
        0.007792613700000001,
        0.0070612147,
        0.0071025147000000005,
        0.0090468137,
        0.0089852127,
        0.0073625146999999995,
        0.007262714700000001,
        0.0082998137,
        0.0073229147000000005,
        0.0082314137,
        0.0076488137,
        0.0082034137,
        0.0081676137,
        0.0073484147,
        0.008227813700000001,
        0.0069594147,
        0.007593914700000001,
        0.0074103147,
        0.0079367137,
        0.0075398146999999995,
        0.0075939137,
        0.007559714700000001,
        0.007562914700000001,
        0.0074645137,
        0.007275814700000001,
        0.0072514147,
        0.0076092147,
        0.0068975147,
        0.0060481167,
        0.0062858147000000005,
        0.0056663167,
        0.0073565147000000004,
        0.0066456157,
        0.0054775157,
        0.0062827157,
        0.0063135157,
        0.0063903157,
        0.0053977167,
        0.0057936157,
        0.0063450157000000005,
        0.0075138146999999995,
        0.0054859167,
        0.0067055147,
        0.0073098147,
        0.0069168147,
        0.0064836157000000005,
        0.0066484157,
        0.006507415700000001,
        0.0068652147
      ]
    },
    {
      "command": "deno bundle ./testing/console.js",
      "mean": 0.51678103143,
      "stddev": 0.018199288027198203,
      "median": 0.5128468602,
      "user": 0.705634775,
      "system": 0.033053259999999994,
      "min": 0.49068642970000004,
      "max": 0.5765425457000001,
      "times": [
        0.5118159077000001,
        0.5070473137000001,
        0.5112211087,
        0.4987257217,
        0.5262268947000001,
        0.5369965827000001,
        0.5005457207,
        0.5088286117,
        0.5100832097000001,
        0.5173348037000001,
        0.5556739647000001,
        0.5194289017000001,
        0.5177177027000001,
        0.5371384837000001,
        0.49068642970000004,
        0.5281949927,
        0.4918510297,
        0.5248674957000001,
        0.5382284827000001,
        0.5233877977000001,
        0.5053680157000001,
        0.5118986097000001,
        0.5069062137000001,
        0.5082537137,
        0.5319779887000001,
        0.5095138117000001,
        0.4965492247,
        0.5108027107,
        0.5215148997000001,
        0.5591144627000001,
        0.5103138117000001,
        0.5040808167,
        0.5147548067000001,
        0.5015219207000001,
        0.5028212187000001,
        0.49165962970000004,
        0.4963727257,
        0.5293115927,
        0.5102685117000001,
        0.5258004957000001,
        0.5000680217000001,
        0.5765425457000001,
        0.5306062917000001,
        0.49291292870000003,
        0.4985364237,
        0.5143249077000001,
        0.4997185227,
        0.5493933737000001,
        0.5109850107,
        0.5185493037000001,
        0.5006842217,
        0.5110333117000001,
        0.5193506027000001,
        0.5221733997000001,
        0.5152203077,
        0.5128781097,
        0.5085915137000001,
        0.5126022097,
        0.49541372770000003,
        0.5375057847000001,
        0.5149936077,
        0.5323050907000001,
        0.5008645217000001,
        0.5190254037,
        0.5110647117000001,
        0.5638566587000001,
        0.5179810047000001,
        0.5128156107,
        0.5237669987000001,
        0.5260629967000001,
        0.5503567727,
        0.5038626197000001,
        0.5199216027000001,
        0.5233016007000001,
        0.4952074287,
        0.5407216817000001,
        0.5557541677000001,
        0.5545586687,
        0.5606056627000001,
        0.5181657057000001,
        0.5130186107000001,
        0.5047155177000001,
        0.5185073057,
        0.5007305227000001,
        0.4996372237,
        0.5255810977,
        0.4965488267,
        0.5124864117000001,
        0.4908139327,
        0.4921690307,
        0.5274403967000001,
        0.5232900007000001,
        0.5339198897,
        0.5055619177,
        0.5240848997,
        0.5372957867000001,
        0.5009138227000001,
        0.4987373257,
        0.4952910287,
        0.5002702227000001
      ]
    }
  ]
}
