{
  "results": [
    {
      "command": "./elsa bundle ./testing/console.js",
      "mean": 0.005766675665000001,
      "stddev": 0.0012699204455301732,
      "median": 0.005583012775,
      "user": 0.003382656200000001,
      "system": 0.003157241349999999,
      "min": 0.004237742775,
      "max": 0.013879285775000002,
      "times": [
        0.0050608557749999995,
        0.005011154775,
        0.006025069775,
        0.005118856775,
        0.006431276775,
        0.005164556775,
        0.006297873775,
        0.005371660775,
        0.005016654775,
        0.005207357775,
        0.004899653774999999,
        0.005281658775,
        0.004896553775,
        0.006803380775,
        0.005891767775,
        0.004993353775,
        0.005436560775,
        0.004520247775,
        0.005960868775,
        0.005633862775,
        0.004979853775,
        0.006296472775,
        0.007532891775000001,
        0.007127185775,
        0.006247072775,
        0.011198645775000002,
        0.009216416775000002,
        0.0059499677749999995,
        0.0060026697749999995,
        0.006221471775,
        0.006465276775,
        0.006495175775,
        0.005334058775,
        0.0049989537749999995,
        0.004237742775,
        0.004420645775,
        0.006230771775,
        0.004795851775,
        0.005109955775,
        0.005606562775,
        0.006533576775,
        0.006387374775,
        0.0057384647749999995,
        0.008445804775000001,
        0.004857352775,
        0.0049621537749999995,
        0.005080154775,
        0.005580362775,
        0.007192086774999999,
        0.013879285775000002,
        0.005748265775,
        0.005009453775,
        0.005275258775,
        0.0045417477749999996,
        0.005884066775,
        0.0052261577749999994,
        0.0052182577749999995,
        0.005471060775,
        0.005596662775,
        0.006583277775,
        0.004647148775,
        0.005183756775,
        0.005665464775,
        0.005233857775,
        0.005642763775,
        0.004590847774999999,
        0.006172771775,
        0.005954168775,
        0.005893667775,
        0.004858651775,
        0.006491876775,
        0.005783465775,
        0.005145956775,
        0.006646978775,
        0.005732364775,
        0.0057013647749999995,
        0.005156756775,
        0.005458060775,
        0.0057370657749999995,
        0.005410859775,
        0.005264958775,
        0.006255472775,
        0.004902252775,
        0.004935452775,
        0.004863051775,
        0.005903567775,
        0.005252157775,
        0.005168456775,
        0.006135871775,
        0.004741349775,
        0.0062625737749999995,
        0.005585662775,
        0.005765965775,
        0.005664464775,
        0.005127955775,
        0.0052439577749999996,
        0.005337859775,
        0.004624448775,
        0.005689463775,
        0.006133071775
      ]
    },
    {
      "command": "deno bundle ./testing/console.js",
      "mean": 0.6100824879650001,
      "stddev": 0.017662373275158138,
      "median": 0.6103893332750001,
      "user": 0.8374045100000003,
      "system": 0.037488755000000006,
      "min": 0.5718991657750001,
      "max": 0.6663533687750001,
      "times": [
        0.605729855775,
        0.608394118775,
        0.6139719397750001,
        0.5881771327750001,
        0.595904162775,
        0.6071447227750001,
        0.6216987567750001,
        0.594676080775,
        0.581038172775,
        0.5974713207750001,
        0.6243832947750001,
        0.6169161147750001,
        0.590274349775,
        0.6350937147750001,
        0.610063956775,
        0.601559074775,
        0.5790440717750001,
        0.6663533687750001,
        0.599059256775,
        0.616502802775,
        0.5718991657750001,
        0.585221723775,
        0.610958570775,
        0.611366400775,
        0.618244425775,
        0.613409441775,
        0.6204208897750001,
        0.6230309407750001,
        0.5944464017750001,
        0.596283870775,
        0.588539855775,
        0.610379162775,
        0.5895209747750001,
        0.5992312647750001,
        0.5942009367750001,
        0.5733737617750001,
        0.6109835747750001,
        0.598171535775,
        0.6158110657750001,
        0.619367558775,
        0.6174623957750001,
        0.643537796775,
        0.5973626927750001,
        0.5769450727750001,
        0.6311015387750001,
        0.620124661775,
        0.596535878775,
        0.603030812775,
        0.6009080707750001,
        0.6022114967750001,
        0.625245235775,
        0.618750551775,
        0.6236275557750001,
        0.616815952775,
        0.612574431775,
        0.6219078547750001,
        0.6340880357750001,
        0.6040028447750001,
        0.650416237775,
        0.6170479777750001,
        0.6288766517750001,
        0.6112205217750001,
        0.595885566775,
        0.6025378677750001,
        0.613359245775,
        0.608315447775,
        0.6129055657750001,
        0.589132347775,
        0.587381124775,
        0.6103995037750001,
        0.606847690775,
        0.607642827775,
        0.638314667775,
        0.6169376737750001,
        0.603143106775,
        0.611910157775,
        0.608775011775,
        0.6023994327750001,
        0.5874452677750001,
        0.580337053775,
        0.618081539775,
        0.597135491775,
        0.638339581775,
        0.638417191775,
        0.6434027977750001,
        0.604790564775,
        0.591521349775,
        0.615393985775,
        0.602735619775,
        0.6098295447750001,
        0.623710959775,
        0.613400968775,
        0.658126581775,
        0.624530018775,
        0.605238399775,
        0.6267685797750001,
        0.633795680775,
        0.6105132197750001,
        0.599664001775,
        0.617071093775
      ]
    }
  ]
}
