{
  "results": [
    {
      "command": "./elsa bundle ./testing/console.js",
      "mean": 0.0049401143250000015,
      "stddev": 0.00045866380972957766,
      "median": 0.004827916405,
      "user": 0.003230112000000001,
      "system": 0.0024203925999999997,
      "min": 0.004082709405000001,
      "max": 0.006141128405000001,
      "times": [
        0.0046346154050000005,
        0.0045984134050000005,
        0.004804716405,
        0.005748924405,
        0.005393921405000001,
        0.005010817405,
        0.005136419405,
        0.004505413405,
        0.004451012405,
        0.004944217405,
        0.005557123405,
        0.004423712405,
        0.005820225405000001,
        0.004667015405000001,
        0.004638814405,
        0.005409221405,
        0.004490613405000001,
        0.004829616405000001,
        0.004595614405,
        0.004082709405000001,
        0.004485212405,
        0.004767916405,
        0.004444812405000001,
        0.005489422405,
        0.004823816405,
        0.004529213405,
        0.004964817405,
        0.004309811405000001,
        0.004757016405000001,
        0.004314511405000001,
        0.004561013405000001,
        0.004368312405000001,
        0.0056171234050000005,
        0.004150210405,
        0.005048818405000001,
        0.004885216405000001,
        0.004403412405,
        0.005653024405000001,
        0.0048292164050000004,
        0.004741015405000001,
        0.006141128405000001,
        0.0047932154050000005,
        0.004564114405000001,
        0.004631014405000001,
        0.005114519405,
        0.004911616405,
        0.004766416405,
        0.005062518405000001,
        0.006072127405000001,
        0.004647214405000001,
        0.005424322405,
        0.004857416405,
        0.004858316405,
        0.004434412405000001,
        0.004684615405,
        0.004452912405,
        0.005619724405000001,
        0.004651314405000001,
        0.004812616405000001,
        0.006028326405000001,
        0.004957417405000001,
        0.004984617405000001,
        0.004943717405000001,
        0.0045827144050000004,
        0.004748015405000001,
        0.004985017405000001,
        0.004769716405000001,
        0.005715924405,
        0.004564713405,
        0.0049896174050000006,
        0.0054680214050000005,
        0.004660815405000001,
        0.005415121405000001,
        0.004769515405000001,
        0.005556423405000001,
        0.005619723405000001,
        0.0047142154050000004,
        0.004611514405,
        0.005004317405000001,
        0.004826616405,
        0.0050424184050000005,
        0.005225320405000001,
        0.0046379144050000005,
        0.0050494184050000005,
        0.005360621405000001,
        0.004532513405000001,
        0.005258520405000001,
        0.005385621405000001,
        0.005917226405000001,
        0.004282511405000001,
        0.005447621405,
        0.004584214405,
        0.005665523405000001,
        0.005091519405000001,
        0.004691914405000001,
        0.0048529174050000005,
        0.004925816405000001,
        0.005582623405000001,
        0.004469913405,
        0.004704615405
      ]
    },
    {
      "command": "deno bundle ./testing/console.js",
      "mean": 0.575616100215,
      "stddev": 0.01698387531576547,
      "median": 0.5739494354050001,
      "user": 0.7922290699999996,
      "system": 0.03598248000000001,
      "min": 0.5481561984050001,
      "max": 0.622848583405,
      "times": [
        0.563745441405,
        0.564578248405,
        0.6062475314050001,
        0.5985568604050001,
        0.592936609405,
        0.5731849284050001,
        0.5698885974050001,
        0.564158445405,
        0.550042915405,
        0.5821208104050001,
        0.5481561984050001,
        0.5709977084050001,
        0.5635877394050001,
        0.5642561464050001,
        0.5845469324050001,
        0.585218338405,
        0.5911541924050001,
        0.5871854564050001,
        0.5943149224050001,
        0.5942662214050001,
        0.5492883084050001,
        0.6014581874050001,
        0.622848583405,
        0.5728595254050001,
        0.5572105814050001,
        0.5604097104050001,
        0.5971559484050001,
        0.570071699405,
        0.560851714405,
        0.5739771354050001,
        0.568896788405,
        0.5803298934050001,
        0.5797502874050001,
        0.5773610654050001,
        0.5816182044050001,
        0.5547359594050001,
        0.5965856424050001,
        0.5803428934050001,
        0.5506324214050001,
        0.5579900884050001,
        0.5880254634050001,
        0.5789510814050001,
        0.5641450444050001,
        0.5772642654050001,
        0.577010562405,
        0.5607057134050001,
        0.560114008405,
        0.5718794164050001,
        0.577525567405,
        0.5846040334050001,
        0.5836969244050001,
        0.579331484405,
        0.5560721704050001,
        0.557094780405,
        0.5637954424050001,
        0.572702523405,
        0.5553974654050001,
        0.5911470924050001,
        0.5642749464050001,
        0.5642324454050001,
        0.593705516405,
        0.556798578405,
        0.5512774264050001,
        0.569651695405,
        0.585734442405,
        0.6123120874050001,
        0.5553942644050001,
        0.6102909684050001,
        0.575824852405,
        0.563984543405,
        0.573921735405,
        0.5611107164050001,
        0.5778001694050001,
        0.5704162024050001,
        0.575142845405,
        0.6066327354050001,
        0.5573546824050001,
        0.5853826404050001,
        0.5521563344050001,
        0.5930906114050001,
        0.5734424304050001,
        0.5989879644050001,
        0.5794331854050001,
        0.5756848504050001,
        0.5562267724050001,
        0.5664501664050001,
        0.610743472405,
        0.5786180784050001,
        0.554320354405,
        0.5845672314050001,
        0.6022890944050001,
        0.555986070405,
        0.6013040854050001,
        0.5683326844050001,
        0.5634496384050001,
        0.555651067405,
        0.5922148024050001,
        0.5758238524050001,
        0.5595740024050001,
        0.6090378564050001
      ]
    }
  ]
}
