{
  "results": [
    {
      "command": "./elsa bundle ./testing/console.js",
      "mean": 0.006358569915,
      "stddev": 0.0007417399633062053,
      "median": 0.006228466535000001,
      "user": 0.003568525749999999,
      "system": 0.003618378600000001,
      "min": 0.005416405535000001,
      "max": 0.010925878535000001,
      "times": [
        0.006189115535,
        0.007148428535000001,
        0.006380417535000001,
        0.006504620535000001,
        0.0057091095350000004,
        0.005738409535000001,
        0.0064181185350000005,
        0.005913212535000001,
        0.0071303275350000014,
        0.005738409535000001,
        0.005981112535,
        0.006375718535000001,
        0.006656321535000001,
        0.006647321535,
        0.006579120535000001,
        0.005909611535,
        0.005895211535000001,
        0.005858211535,
        0.006068113535000001,
        0.007324530535,
        0.006094714535,
        0.006092214535,
        0.005592908535000001,
        0.0062047155350000004,
        0.006714122535,
        0.006197215535000001,
        0.005665909535,
        0.006121814535000001,
        0.006142115535000001,
        0.006135214535000001,
        0.0064738195350000005,
        0.006308317535000001,
        0.005707009535000001,
        0.0058852115350000005,
        0.006476519535000001,
        0.006841624535000001,
        0.005549406535000001,
        0.006239216535000001,
        0.0054545065350000005,
        0.006499019535000001,
        0.006701422535,
        0.008068840535000002,
        0.006242616535,
        0.006283516535,
        0.007151928535000001,
        0.0062068165350000004,
        0.006591320535,
        0.005561807535,
        0.006575320535000001,
        0.005519907535000001,
        0.006353817535,
        0.006492019535000001,
        0.006115715535000001,
        0.005867511535000001,
        0.005897311535000001,
        0.006639621535000001,
        0.005416405535000001,
        0.007530233535,
        0.008297043535000001,
        0.0070941275350000004,
        0.007031926535000001,
        0.008567147535000002,
        0.007033726535000001,
        0.005540307535,
        0.006463219535000001,
        0.007124327535000001,
        0.006112114535000001,
        0.006332217535,
        0.006277016535000001,
        0.0067316225350000005,
        0.006233016535000001,
        0.006755123535000001,
        0.006258016535000001,
        0.006223916535,
        0.006035813535000001,
        0.0055768075350000005,
        0.007044727535000001,
        0.006084413535,
        0.006257717535,
        0.006141614535000001,
        0.005932512535000001,
        0.006486019535000001,
        0.005968112535,
        0.006901825535,
        0.005968712535000001,
        0.005740909535000001,
        0.006584220535000001,
        0.010925878535000001,
        0.005826110535000001,
        0.0067340235350000005,
        0.0058111105350000004,
        0.006177015535000001,
        0.006073813535000001,
        0.005671509535000001,
        0.006464818535000001,
        0.006373618535000001,
        0.0059017115350000005,
        0.005769210535,
        0.005941912535000001,
        0.005610807535000001
      ]
    },
    {
      "command": "deno bundle ./testing/console.js",
      "mean": 0.522005921715,
      "stddev": 0.016640864005488625,
      "median": 0.517418336035,
      "user": 0.712320005,
      "system": 0.03485134,
      "min": 0.496659616535,
      "max": 0.582446761535,
      "times": [
        0.556088125535,
        0.558309149535,
        0.541427330535,
        0.530119579535,
        0.511039132535,
        0.526212024535,
        0.518922528535,
        0.510707719535,
        0.505774854535,
        0.518654817535,
        0.540324094535,
        0.541772310535,
        0.530769165535,
        0.514003147535,
        0.514205446535,
        0.518342098535,
        0.558865816535,
        0.536811432535,
        0.524452768535,
        0.535577610535,
        0.537773634535,
        0.527527902535,
        0.537288523535,
        0.532002154535,
        0.520049197535,
        0.511840191535,
        0.518353371535,
        0.510836072535,
        0.519752985535,
        0.5163713385350001,
        0.526218263535,
        0.527901081535,
        0.5278178785350001,
        0.533794251535,
        0.519162963535,
        0.551685375535,
        0.566844767535,
        0.582446761535,
        0.508559618535,
        0.538250492535,
        0.509951630535,
        0.510886040535,
        0.528109257535,
        0.514625583535,
        0.517748421535,
        0.516422301535,
        0.5712647965350001,
        0.516130993535,
        0.527730137535,
        0.515691983535,
        0.521525654535,
        0.526767920535,
        0.514301257535,
        0.512054629535,
        0.529261742535,
        0.5172845915350001,
        0.517474188535,
        0.502414598535,
        0.517362483535,
        0.510561196535,
        0.508324664535,
        0.496659616535,
        0.508623264535,
        0.498604937535,
        0.504741710535,
        0.518003277535,
        0.510702982535,
        0.513230012535,
        0.505894717535,
        0.523831242535,
        0.524119543535,
        0.5051153015350001,
        0.507410628535,
        0.512701793535,
        0.508265734535,
        0.513313296535,
        0.509019540535,
        0.510473456535,
        0.515389816535,
        0.563648220535,
        0.517323037535,
        0.519641562535,
        0.510829650535,
        0.509585831535,
        0.511840059535,
        0.525580129535,
        0.505812179535,
        0.513064667535,
        0.541510723535,
        0.515471293535,
        0.517900123535,
        0.504584552535,
        0.500931406535,
        0.545508561535,
        0.5463112705350001,
        0.505374554535,
        0.507945685535,
        0.512322238535,
        0.501619502535,
        0.524935991535
      ]
    }
  ]
}
