{
  "results": [
    {
      "command": "./elsa bundle ./testing/console.js",
      "mean": 0.006423264704999999,
      "stddev": 0.0005933847379194885,
      "median": 0.0063245799450000004,
      "user": 0.004239171999999999,
      "system": 0.002970037699999999,
      "min": 0.0054587669450000004,
      "max": 0.008810018945000001,
      "times": [
        0.006156277945,
        0.006858589945,
        0.005768171945,
        0.007161394945,
        0.005951574945,
        0.005907473945,
        0.005996075945,
        0.005764371945,
        0.006012275945,
        0.006147977945000001,
        0.005946574945000001,
        0.005801472945,
        0.007579500945000001,
        0.0060031759450000005,
        0.0058059729450000005,
        0.006062776945000001,
        0.0059322749450000005,
        0.005858772945,
        0.006362481945000001,
        0.0069213909450000005,
        0.005865573945000001,
        0.006091976945000001,
        0.005945474945,
        0.006161978945,
        0.0059174739450000005,
        0.0054587669450000004,
        0.006989291945000001,
        0.005983275945000001,
        0.005987875945,
        0.005479866945,
        0.0063987829450000006,
        0.006044875945,
        0.007019192945000001,
        0.0058898739450000005,
        0.006004075945,
        0.006424081945000001,
        0.006058975945,
        0.006082876945,
        0.006035274945,
        0.006707485945,
        0.0058149719450000005,
        0.006438880945,
        0.006465081945,
        0.0070133909450000005,
        0.006276078945,
        0.006934888945,
        0.006402980945,
        0.006332479945,
        0.008810018945000001,
        0.007309995945,
        0.0056995689450000005,
        0.006343179945,
        0.006684084945000001,
        0.0061638769450000006,
        0.007492997945000001,
        0.006323179945,
        0.006939989945000001,
        0.0063943799450000005,
        0.006172576945,
        0.006330479945,
        0.007628999945000001,
        0.006325979945000001,
        0.0067513859450000005,
        0.006479082945000001,
        0.0061793769450000004,
        0.006073875945,
        0.006663884945,
        0.007377695945,
        0.006116475945000001,
        0.006907588945,
        0.006343079945000001,
        0.007286694945,
        0.006216577945,
        0.0070715919450000005,
        0.006117775945000001,
        0.007496697945,
        0.006130076945,
        0.006342079945000001,
        0.006201577945000001,
        0.006503281945000001,
        0.006393780945,
        0.007468297945000001,
        0.006583283945000001,
        0.0063910809450000005,
        0.006136975945,
        0.006190276945000001,
        0.006140976945,
        0.006143976945000001,
        0.008574414945,
        0.005818271945000001,
        0.0066563849450000006,
        0.006264978945,
        0.006468081945000001,
        0.005596567945,
        0.007010990945000001,
        0.006364279945000001,
        0.006462381945000001,
        0.006874387945,
        0.007339795945,
        0.006344779945
      ]
    },
    {
      "command": "deno bundle ./testing/console.js",
      "mean": 0.5712720503649998,
      "stddev": 0.01910623665505132,
      "median": 0.571041362945,
      "user": 0.7866088999999999,
      "system": 0.03595668000000002,
      "min": 0.540283558945,
      "max": 0.6114667529450001,
      "times": [
        0.5503040689450001,
        0.5739377129450001,
        0.5645510889450001,
        0.579881040945,
        0.560067383945,
        0.5475474139450001,
        0.561488152945,
        0.602523528945,
        0.576226877945,
        0.567668566945,
        0.545219875945,
        0.5779721439450001,
        0.601951003945,
        0.5514594889450001,
        0.580030011945,
        0.548996419945,
        0.556242296945,
        0.578147722945,
        0.6007020669450001,
        0.577968187945,
        0.555018902945,
        0.562332279945,
        0.558265704945,
        0.549613000945,
        0.582342847945,
        0.582618637945,
        0.5883516869450001,
        0.545284383945,
        0.5512381429450001,
        0.584043285945,
        0.589324836945,
        0.555095635945,
        0.583654222945,
        0.544007363945,
        0.557786470945,
        0.570590455945,
        0.5646473229450001,
        0.542094002945,
        0.559416030945,
        0.566535953945,
        0.6114667529450001,
        0.540283558945,
        0.5633974229450001,
        0.5934838989450001,
        0.5455442029450001,
        0.541038439945,
        0.589058405945,
        0.577499685945,
        0.5756590449450001,
        0.550138816945,
        0.5613836949450001,
        0.549622267945,
        0.577641308945,
        0.552528987945,
        0.5453221489450001,
        0.548614413945,
        0.606448987945,
        0.575602767945,
        0.579293373945,
        0.582057802945,
        0.597944097945,
        0.580670685945,
        0.572810071945,
        0.590128870945,
        0.554580892945,
        0.578752169945,
        0.549714525945,
        0.545594940945,
        0.610683544945,
        0.581651415945,
        0.571282613945,
        0.588319389945,
        0.560154499945,
        0.5917007869450001,
        0.557468887945,
        0.558311172945,
        0.5632268609450001,
        0.603459169945,
        0.570800111945,
        0.5441621319450001,
        0.545377449945,
        0.565254195945,
        0.5543833289450001,
        0.5643797659450001,
        0.592339384945,
        0.559557978945,
        0.5766768279450001,
        0.5550613439450001,
        0.6109389969450001,
        0.5845020319450001,
        0.597780794945,
        0.591651275945,
        0.580682294945,
        0.6002794219450001,
        0.593737849945,
        0.5883367459450001,
        0.601401919945,
        0.580353819945,
        0.559822875945,
        0.5920376739450001
      ]
    }
  ]
}
