{
  "results": [
    {
      "command": "./elsa bundle ./testing/console.js",
      "mean": 0.00623592171,
      "stddev": 0.001251098138065718,
      "median": 0.0062012627200000005,
      "user": 0.0036207642999999973,
      "system": 0.0032010996499999985,
      "min": 0.00493406422,
      "max": 0.01748484722,
      "times": [
        0.006171660220000001,
        0.006189162220000001,
        0.00493406422,
        0.00576912922,
        0.00637567622,
        0.006124256220000001,
        0.00634647422,
        0.006319272220000001,
        0.00577192922,
        0.00548160622,
        0.00586063722,
        0.00586293622,
        0.0056545202200000005,
        0.00596314422,
        0.006239265220000001,
        0.00606405222,
        0.006312572220000001,
        0.00595594422,
        0.00603885022,
        0.00572762522,
        0.00682951222,
        0.006638697220000001,
        0.006396878220000001,
        0.00526569022,
        0.00716833922,
        0.00648268522,
        0.00626786822,
        0.00622526422,
        0.005791930220000001,
        0.005604916220000001,
        0.00540610122,
        0.00623236522,
        0.006565891220000001,
        0.00708453222,
        0.01748484722,
        0.00685561422,
        0.0067857082200000005,
        0.00654419022,
        0.006713803220000001,
        0.006417480220000001,
        0.005642919220000001,
        0.006786108220000001,
        0.005664420220000001,
        0.006195862220000001,
        0.00570842422,
        0.00659579422,
        0.00594584322,
        0.00653128922,
        0.006280269220000001,
        0.0062528672200000005,
        0.006082054220000001,
        0.00532259422,
        0.006233066220000001,
        0.00685531422,
        0.00627246922,
        0.00571312522,
        0.00620666322,
        0.00644228122,
        0.00550430822,
        0.006500987220000001,
        0.00566312122,
        0.00575012822,
        0.00687291522,
        0.007424158220000001,
        0.00688991622,
        0.00558371522,
        0.00624656622,
        0.007186840220000001,
        0.006759207220000001,
        0.005519410220000001,
        0.005399200220000001,
        0.00557931422,
        0.005548811220000001,
        0.00662179622,
        0.00612065622,
        0.005524810220000001,
        0.005640719220000001,
        0.00585253622,
        0.0064708842200000005,
        0.0052294872200000005,
        0.006896917220000001,
        0.005794031220000001,
        0.00566042022,
        0.00510337722,
        0.00655509022,
        0.00619216222,
        0.00549240722,
        0.00622956522,
        0.00516788222,
        0.005697524220000001,
        0.0063765772200000004,
        0.00647558422,
        0.00653138922,
        0.00687041522,
        0.006372976220000001,
        0.006562091220000001,
        0.00630057022,
        0.0052675892200000005,
        0.0059205412200000005,
        0.0055791142200000005
      ]
    },
    {
      "command": "deno bundle ./testing/console.js",
      "mean": 0.5506208017399999,
      "stddev": 0.020811220901968415,
      "median": 0.55444999722,
      "user": 0.7614060299999997,
      "system": 0.033094865,
      "min": 0.48020032722,
      "max": 0.58976892222,
      "times": [
        0.49214321022,
        0.48104974622,
        0.48610832622,
        0.48930446522000004,
        0.52204078322,
        0.50687390322,
        0.48854377822,
        0.48020032722,
        0.48770319622,
        0.53761343622,
        0.55973732922,
        0.54394710522,
        0.55621463322,
        0.55517434922,
        0.54236964322,
        0.5516449532200001,
        0.57230552722,
        0.56184581422,
        0.55615706522,
        0.5581088012200001,
        0.5727324192200001,
        0.5509988302200001,
        0.54128187922,
        0.54942838722,
        0.57121865622,
        0.5577025022200001,
        0.56701300822,
        0.54200807822,
        0.54892719622,
        0.55334522822,
        0.57800410222,
        0.54657858822,
        0.57373535222,
        0.56016580622,
        0.55032943822,
        0.56072442522,
        0.55350966422,
        0.5537019642200001,
        0.5594543992200001,
        0.55817438222,
        0.55622002922,
        0.5532391842200001,
        0.5591677312200001,
        0.56170651322,
        0.55193305522,
        0.55631068222,
        0.58976892222,
        0.58385856522,
        0.55193801022,
        0.55507104422,
        0.56040633722,
        0.54381056222,
        0.54482823022,
        0.54095372222,
        0.5436626222200001,
        0.55227886522,
        0.55539789922,
        0.55094204022,
        0.56506771322,
        0.55115063822,
        0.56886477922,
        0.55988298522,
        0.55392611922,
        0.5467979712200001,
        0.5466729462200001,
        0.54590848522,
        0.55305691022,
        0.5435901872200001,
        0.54949972222,
        0.56427293722,
        0.56240008322,
        0.56520678622,
        0.55644831322,
        0.55352927722,
        0.5541295202200001,
        0.5771394482200001,
        0.56086000822,
        0.54635329422,
        0.56227529422,
        0.54893357222,
        0.5547995062200001,
        0.5591287272200001,
        0.5519600692200001,
        0.56867043122,
        0.55623297322,
        0.55745806122,
        0.54519852122,
        0.5561543412200001,
        0.55266996922,
        0.5574831222200001,
        0.55508673422,
        0.55499251222,
        0.55420134922,
        0.5611047542200001,
        0.5510426902200001,
        0.56175388622,
        0.55469864522,
        0.57186913222,
        0.56085488922,
        0.55113815022
      ]
    }
  ]
}
