{
  "results": [
    {
      "command": "./elsa bundle ./testing/console.js",
      "mean": 0.008697866055000003,
      "stddev": 0.0009740001182121261,
      "median": 0.008385814135,
      "user": 0.005105040249999999,
      "system": 0.004362093600000001,
      "min": 0.007515219635,
      "max": 0.013081601635,
      "times": [
        0.008165552635,
        0.009656028635,
        0.008561772635,
        0.007778532635000001,
        0.009854637635,
        0.008113249635,
        0.008547672635,
        0.008070247635,
        0.008122850635,
        0.008396364635,
        0.007583322635000001,
        0.008499069635,
        0.008072848635,
        0.010883090635,
        0.010694180635,
        0.009903340635,
        0.009551822635,
        0.009285009634999999,
        0.008166552635,
        0.009102499635,
        0.008921190635,
        0.009025696635,
        0.011334913634999999,
        0.009329711635,
        0.007736831635000001,
        0.008006544635,
        0.010563873635,
        0.008262057635,
        0.008330060634999999,
        0.007828834635,
        0.009790535635,
        0.010405466634999999,
        0.007772533635000001,
        0.008612375634999999,
        0.007546320635,
        0.008314859635,
        0.008423465635,
        0.008330360634999999,
        0.009471818635,
        0.007716729635,
        0.007729830635000001,
        0.007515219635,
        0.008375263635,
        0.010241857635,
        0.007662526635000001,
        0.008298759635,
        0.007883238635,
        0.008262957635,
        0.008259957635,
        0.008678278635,
        0.007871937635,
        0.013081601635,
        0.007572522635000001,
        0.008018445635,
        0.007860137635,
        0.008256656635,
        0.008282658635,
        0.008565473635,
        0.009663228635,
        0.008939791635,
        0.008431066635,
        0.008046846635,
        0.008783983635,
        0.007557021635,
        0.008180653635,
        0.009379414635,
        0.0075630226350000005,
        0.008744082634999999,
        0.008992294635,
        0.009626526635,
        0.010478969635,
        0.008314159635,
        0.007649326635000001,
        0.008222455635,
        0.008679778635,
        0.009460717635,
        0.008888689635,
        0.009142002635,
        0.008415364635,
        0.008352761634999999,
        0.009483119635,
        0.008065146635,
        0.010396765635,
        0.008252956635,
        0.007936940635,
        0.009724831635,
        0.008805184635,
        0.007518719635,
        0.008582568635,
        0.008307255635,
        0.008422461635,
        0.007658222635000001,
        0.008715275635,
        0.009211000635,
        0.008211350635,
        0.008275853635,
        0.008371658635,
        0.010332156634999999,
        0.009110495635,
        0.007742327635
      ]
    },
    {
      "command": "deno bundle ./testing/console.js",
      "mean": 0.5857425325550001,
      "stddev": 0.028276359045732707,
      "median": 0.582024841635,
      "user": 0.7985058449999998,
      "system": 0.03828835,
      "min": 0.557654405635,
      "max": 0.837329024635,
      "times": [
        0.557654405635,
        0.5939133616350001,
        0.581121114635,
        0.5927058056350001,
        0.594591997635,
        0.589210295635,
        0.587251789635,
        0.573448922635,
        0.5820041826350001,
        0.5798345506350001,
        0.591113754635,
        0.5810369816350001,
        0.5913372976350001,
        0.590558720635,
        0.5880741796350001,
        0.5925131156350001,
        0.580988317635,
        0.584314762635,
        0.5787000376350001,
        0.5832480576350001,
        0.594349512635,
        0.590650621635,
        0.5891979796350001,
        0.5754670956350001,
        0.578473056635,
        0.586930411635,
        0.584258176635,
        0.5746004396350001,
        0.6748469986350001,
        0.5777581096350001,
        0.580398266635,
        0.5999546896350001,
        0.5783106586350001,
        0.577109243635,
        0.5899848176350001,
        0.5820701406350001,
        0.5661936776350001,
        0.581423170635,
        0.5820095406350001,
        0.5811720356350001,
        0.596670457635,
        0.5911243356350001,
        0.585828138635,
        0.5870775426350001,
        0.5738344296350001,
        0.578892925635,
        0.5783291566350001,
        0.580415025635,
        0.586337680635,
        0.582040142635,
        0.600819586635,
        0.5878122106350001,
        0.598669366635,
        0.5810744816350001,
        0.5743380676350001,
        0.5919667796350001,
        0.581094169635,
        0.5736699766350001,
        0.5789225966350001,
        0.5788821026350001,
        0.5827413906350001,
        0.5771995366350001,
        0.5820425386350001,
        0.5764841136350001,
        0.563427751635,
        0.583700731635,
        0.5880485646350001,
        0.5861835806350001,
        0.579434908635,
        0.5864291626350001,
        0.5957316946350001,
        0.5754525156350001,
        0.564101560635,
        0.5745435846350001,
        0.566383114635,
        0.5790355246350001,
        0.837329024635,
        0.5729270296350001,
        0.5718081406350001,
        0.5841364416350001,
        0.596313055635,
        0.5823378776350001,
        0.581572931635,
        0.588680165635,
        0.5808119016350001,
        0.585633195635,
        0.5834153686350001,
        0.570864395635,
        0.576881188635,
        0.5754460236350001,
        0.5637148456350001,
        0.5738313826350001,
        0.5865167986350001,
        0.5879709726350001,
        0.5698335546350001,
        0.578469825635,
        0.5799201356350001,
        0.5894658516350001,
        0.582610514635,
        0.586242889635
      ]
    }
  ]
}
