{
  "results": [
    {
      "command": "./elsa bundle ./testing/console.js",
      "mean": 0.006160531200000002,
      "stddev": 0.0009889089491776015,
      "median": 0.00603871494,
      "user": 0.004261366799999998,
      "system": 0.0026696262000000005,
      "min": 0.00489794694,
      "max": 0.01152135394,
      "times": [
        0.0054475559399999995,
        0.00542035594,
        0.005531056940000001,
        0.0056857609399999995,
        0.005461055940000001,
        0.0055523579400000005,
        0.0062436689400000005,
        0.00511235094,
        0.005820862940000001,
        0.00677727794,
        0.00553955794,
        0.00717338394,
        0.006405171940000001,
        0.006946480940000001,
        0.005366454939999999,
        0.005293553940000001,
        0.005089449940000001,
        0.00578816194,
        0.005041849940000001,
        0.005304452940000001,
        0.00679237794,
        0.00489794694,
        0.005186551940000001,
        0.00554545794,
        0.00560225894,
        0.0050836499400000006,
        0.00525755294,
        0.005468556940000001,
        0.00563975894,
        0.0052632539400000004,
        0.006536173940000001,
        0.00574265994,
        0.005334153940000001,
        0.006192066940000001,
        0.0060601649399999995,
        0.005755159940000001,
        0.00620766794,
        0.007231884940000001,
        0.00643697094,
        0.006091965940000001,
        0.005365453940000001,
        0.005551757940000001,
        0.0059636629399999995,
        0.006207167940000001,
        0.00630066994,
        0.005781660940000001,
        0.00554645694,
        0.00587686194,
        0.00544345494,
        0.005987263940000001,
        0.005393453940000001,
        0.0057457609400000005,
        0.0064282709399999995,
        0.005318653940000001,
        0.006223567940000001,
        0.00641917094,
        0.01063723994,
        0.01152135394,
        0.0057031589399999996,
        0.00640167094,
        0.006594873940000001,
        0.006237867940000001,
        0.00675417694,
        0.00671027594,
        0.00629306894,
        0.00642907094,
        0.0066934759400000005,
        0.006120865940000001,
        0.007296885939999999,
        0.0061908669399999994,
        0.00965222294,
        0.00674377694,
        0.00789859494,
        0.0062174679400000005,
        0.00637887094,
        0.0068415779399999994,
        0.00601166494,
        0.005907962940000001,
        0.00714518294,
        0.00606946494,
        0.00607226594,
        0.006017264940000001,
        0.005913162940000001,
        0.00651747194,
        0.00611776594,
        0.00706728194,
        0.006623173940000001,
        0.00642437194,
        0.006487571940000001,
        0.00567625894,
        0.00561635894,
        0.007131081940000001,
        0.00609536594,
        0.005668158940000001,
        0.00614786594,
        0.00561165894,
        0.0057455599400000005,
        0.005914362940000001,
        0.0057515599399999996,
        0.006122566940000001
      ]
    },
    {
      "command": "deno bundle ./testing/console.js",
      "mean": 0.5572454348000005,
      "stddev": 0.03012650982017421,
      "median": 0.5530538124400001,
      "user": 0.7628959199999996,
      "system": 0.037846199999999997,
      "min": 0.50210583994,
      "max": 0.6365396039400001,
      "times": [
        0.5137378369400001,
        0.5581354139400001,
        0.53575977894,
        0.5205003869400001,
        0.6016262389400001,
        0.5746106069400001,
        0.58411900394,
        0.5191773539400001,
        0.5672946739400001,
        0.5054379589400001,
        0.5969614459400001,
        0.5762907289400001,
        0.5398610449400001,
        0.5426294439400001,
        0.50798399794,
        0.5919342389400001,
        0.55262015894,
        0.52706979194,
        0.5602530159400001,
        0.62393350294,
        0.5940772339400001,
        0.5225626629400001,
        0.5503920149400001,
        0.5469379309400001,
        0.6265345499400001,
        0.59168028094,
        0.5792838639400001,
        0.6089766859400001,
        0.5546439139400001,
        0.5772489349400001,
        0.5433280999400001,
        0.5283307659400001,
        0.5300691459400001,
        0.5534874659400001,
        0.5275637219400001,
        0.54115898094,
        0.52294302694,
        0.6038241189400001,
        0.54566577094,
        0.54566323894,
        0.5257150189400001,
        0.5388280659400001,
        0.58999316694,
        0.57349193594,
        0.61829202794,
        0.53648550794,
        0.60404796794,
        0.53662781794,
        0.52338888494,
        0.55881615494,
        0.58522812694,
        0.5740462289400001,
        0.56936762494,
        0.5058102049400001,
        0.5497356279400001,
        0.5427503519400001,
        0.55775522694,
        0.54437361494,
        0.5483129319400001,
        0.54194164194,
        0.51847713794,
        0.60662498894,
        0.53885108794,
        0.56807996094,
        0.5727566799400001,
        0.5621418729400001,
        0.5613495029400001,
        0.59960257394,
        0.59686068694,
        0.5518998269400001,
        0.5456201969400001,
        0.58884678694,
        0.6365396039400001,
        0.5782860319400001,
        0.5486118859400001,
        0.55498779994,
        0.57482669094,
        0.59447599094,
        0.53309339694,
        0.5260389589400001,
        0.50500776794,
        0.55666719594,
        0.50210583994,
        0.5271007399400001,
        0.5450887469400001,
        0.5759403309400001,
        0.5425000119400001,
        0.5132815699400001,
        0.5667544149400001,
        0.5736995949400001,
        0.5759749389400001,
        0.56269680294,
        0.5930115249400001,
        0.52382618394,
        0.54799225094,
        0.5578922659400001,
        0.5176858349400001,
        0.55186425494,
        0.5568097779400001,
        0.5513546049400001
      ]
    }
  ]
}
