{
  "results": [
    {
      "command": "./elsa bundle ./testing/console.js",
      "mean": 0.006959511645000003,
      "stddev": 0.0014476663761575652,
      "median": 0.0066784605750000005,
      "user": 0.00382288075,
      "system": 0.0038357489999999994,
      "min": 0.005628595075,
      "max": 0.014781730075000003,
      "times": [
        0.007330321075000001,
        0.006268804075,
        0.006102702075000001,
        0.007885628075000001,
        0.008458836075,
        0.006526608075000001,
        0.008337635075000002,
        0.007203818075000001,
        0.007707226075000001,
        0.007285620075,
        0.006701410075000001,
        0.0066095090750000005,
        0.006781812075,
        0.007109017075000001,
        0.006962315075,
        0.006282704075,
        0.006863814075,
        0.006017300075000001,
        0.006838413075000001,
        0.006689111075,
        0.007556324075,
        0.006567608075,
        0.007455021075000001,
        0.013710914075,
        0.007260219075,
        0.007273619075,
        0.006911713075,
        0.006193903075000001,
        0.006912214075000001,
        0.006450507075,
        0.007578724075,
        0.007092716075000001,
        0.007512522075000001,
        0.006062501075000001,
        0.007289119075,
        0.007544024075,
        0.006181403075,
        0.007781727075000001,
        0.008304434075000002,
        0.006837113075000001,
        0.006185603075000001,
        0.006378506075,
        0.006345005075,
        0.006052201075,
        0.0067750120750000005,
        0.0065546090750000004,
        0.006172303075000001,
        0.006147702075000001,
        0.006912613075000001,
        0.005665596075,
        0.005628595075,
        0.006454607075,
        0.006204704075,
        0.014781730075000003,
        0.014362625075,
        0.006653110075,
        0.006724211075,
        0.007177918075,
        0.007032216075000001,
        0.0066877100750000005,
        0.005940500075000001,
        0.006781512075,
        0.006724911075,
        0.006566409075000001,
        0.006211203075,
        0.006666811075,
        0.006061001075,
        0.006647710075,
        0.005661896075000001,
        0.006068301075,
        0.006093002075,
        0.006783612075000001,
        0.007538923075000001,
        0.006151703075000001,
        0.007907329075,
        0.0061324020750000005,
        0.006223004075,
        0.005769297075000001,
        0.007030516075000001,
        0.007430421075,
        0.0077260260750000006,
        0.0066692110750000005,
        0.005920499075,
        0.006441907075,
        0.006089402075,
        0.006141702075000001,
        0.006914814075,
        0.005888599075000001,
        0.006512308075000001,
        0.006666910075000001,
        0.0069054140750000005,
        0.007121617075,
        0.007376621075,
        0.0063888060750000005,
        0.006243704075,
        0.006114803075,
        0.006298704075000001,
        0.006215404075,
        0.0060231010750000005,
        0.008565638075
      ]
    },
    {
      "command": "deno bundle ./testing/console.js",
      "mean": 0.577172098255,
      "stddev": 0.019695962247984117,
      "median": 0.5725068740749999,
      "user": 0.794166225,
      "system": 0.034463555,
      "min": 0.543066021075,
      "max": 0.638818684075,
      "times": [
        0.589075448075,
        0.571189273075,
        0.568786816075,
        0.571296667075,
        0.549622737075,
        0.571086652075,
        0.561720988075,
        0.625824302075,
        0.601695405075,
        0.564782627075,
        0.599094297075,
        0.562894475075,
        0.566396230075,
        0.597337498075,
        0.595500455075,
        0.568355068075,
        0.609553960075,
        0.6092344830749999,
        0.574952862075,
        0.570017612075,
        0.582772228075,
        0.565715182075,
        0.5632061510749999,
        0.587149739075,
        0.563357155075,
        0.575858465075,
        0.610260565075,
        0.566589543075,
        0.562084142075,
        0.5554693710749999,
        0.543066021075,
        0.569873968075,
        0.586763015075,
        0.572194653075,
        0.603031059075,
        0.594679628075,
        0.552073854075,
        0.560488710075,
        0.600590777075,
        0.583612189075,
        0.576849904075,
        0.564400559075,
        0.562918370075,
        0.560526542075,
        0.557084206075,
        0.563133141075,
        0.593528314075,
        0.588007672075,
        0.638818684075,
        0.591702217075,
        0.573602369075,
        0.546637982075,
        0.561206488075,
        0.573930376075,
        0.553685879075,
        0.549493310075,
        0.590154276075,
        0.554797894075,
        0.593742315075,
        0.577155022075,
        0.604069050075,
        0.564743361075,
        0.560998804075,
        0.627906382075,
        0.5852175750749999,
        0.552996248075,
        0.593034647075,
        0.573995320075,
        0.603297697075,
        0.585566993075,
        0.571447937075,
        0.560553740075,
        0.561355246075,
        0.604126317075,
        0.567393850075,
        0.553024083075,
        0.584757104075,
        0.576060020075,
        0.571535424075,
        0.563689365075,
        0.558851077075,
        0.582939872075,
        0.581241894075,
        0.581708754075,
        0.556385976075,
        0.558053873075,
        0.570754035075,
        0.582980660075,
        0.573141029075,
        0.572819095075,
        0.580765080075,
        0.554548688075,
        0.590970314075,
        0.559994776075,
        0.5694159170749999,
        0.566905209075,
        0.624401076075,
        0.573544727075,
        0.588696154075,
        0.624692659075
      ]
    }
  ]
}
