{
  "results": [
    {
      "command": "./elsa bundle ./testing/console.js",
      "mean": 0.004773923685000001,
      "stddev": 0.00048228211832844665,
      "median": 0.004705735585000001,
      "user": 0.0024713642,
      "system": 0.00297654975,
      "min": 0.004144467085,
      "max": 0.0073846830850000005,
      "times": [
        0.004612384085,
        0.004874293085,
        0.004316873085,
        0.0047256880850000006,
        0.004349174085,
        0.007159275085000001,
        0.004326274085,
        0.004949595085,
        0.004733088085,
        0.004265771085,
        0.005060999085,
        0.004587583085,
        0.004908494085,
        0.004665685085,
        0.005110101085000001,
        0.004345974085,
        0.004735588085,
        0.004574682085,
        0.004568282085,
        0.0048648930850000004,
        0.004519680085,
        0.004178468085,
        0.004657085085,
        0.005072000085,
        0.004203069085,
        0.004934195085000001,
        0.004706387085,
        0.004513980085,
        0.0050493990850000005,
        0.004547782085,
        0.004629184085,
        0.0073846830850000005,
        0.004809891085,
        0.004191368085,
        0.004573082085,
        0.0049726960850000005,
        0.004704687085,
        0.004802791085,
        0.0045571810850000005,
        0.004693187085000001,
        0.004553481085,
        0.004973996085000001,
        0.005085701085,
        0.005143902085000001,
        0.0047235870850000005,
        0.0049747970850000005,
        0.005103501085,
        0.004755789085,
        0.004357474085,
        0.004932895085000001,
        0.004346074085,
        0.005035298085000001,
        0.004293873085,
        0.004670785085,
        0.004912395085,
        0.005224805085,
        0.004700086085,
        0.004352474085,
        0.004771689085,
        0.005016598085000001,
        0.004500180085,
        0.004377875085,
        0.0043707750850000004,
        0.004765589085,
        0.004262971085,
        0.004372475085,
        0.0046665860850000004,
        0.004791190085,
        0.004810791085,
        0.005426613085,
        0.0043664740850000005,
        0.005231305085,
        0.005142203085000001,
        0.0048677930850000006,
        0.004144467085,
        0.004650185085,
        0.004869292085,
        0.004629184085,
        0.004489779085,
        0.004793288085000001,
        0.005956428085000001,
        0.005118198085,
        0.005502811085,
        0.004717084085,
        0.0055232120850000005,
        0.004954793085,
        0.004705084085,
        0.005000994085,
        0.0046632820850000005,
        0.004869889085000001,
        0.004657682085,
        0.004646181085,
        0.004445775085,
        0.004778386085,
        0.004380472085,
        0.004770486085,
        0.004149463085,
        0.0046143800850000005,
        0.004585479085,
        0.004458575085
      ]
    },
    {
      "command": "deno bundle ./testing/console.js",
      "mean": 0.5412273718449999,
      "stddev": 0.007159792690854393,
      "median": 0.540271613085,
      "user": 0.7470268400000001,
      "system": 0.029516765000000004,
      "min": 0.530818394085,
      "max": 0.577705091085,
      "times": [
        0.541207400085,
        0.538943033085,
        0.535927475085,
        0.5359448330850001,
        0.539633549085,
        0.530818394085,
        0.543605330085,
        0.5393032440850001,
        0.536513058085,
        0.545234964085,
        0.5487033760850001,
        0.5355416750850001,
        0.5429545370850001,
        0.532120719085,
        0.5369080040850001,
        0.538118250085,
        0.5418670870850001,
        0.5350666080850001,
        0.542680493085,
        0.531586360085,
        0.5394326300850001,
        0.535973138085,
        0.531914819085,
        0.541290636085,
        0.5349924030850001,
        0.5335622050850001,
        0.5336212100850001,
        0.555342585085,
        0.577705091085,
        0.540440624085,
        0.543768950085,
        0.5392847160850001,
        0.535585133085,
        0.5410273800850001,
        0.533515520085,
        0.541700833085,
        0.5586684310850001,
        0.550578914085,
        0.550236312085,
        0.542248032085,
        0.546665579085,
        0.547803063085,
        0.5346680260850001,
        0.5379447540850001,
        0.542073983085,
        0.5413566360850001,
        0.546535801085,
        0.535879093085,
        0.537955140085,
        0.547220488085,
        0.549858863085,
        0.5316468160850001,
        0.538214369085,
        0.536499429085,
        0.540976467085,
        0.5483514310850001,
        0.560113753085,
        0.543343337085,
        0.531273737085,
        0.547868663085,
        0.542349328085,
        0.539307230085,
        0.5378982290850001,
        0.539136504085,
        0.545073472085,
        0.545008750085,
        0.544862727085,
        0.540371057085,
        0.535884506085,
        0.534377756085,
        0.543707076085,
        0.541354199085,
        0.539765017085,
        0.5400979530850001,
        0.5403238100850001,
        0.5522219500850001,
        0.5415427110850001,
        0.535117544085,
        0.5373142510850001,
        0.534785225085,
        0.547953633085,
        0.541370184085,
        0.537759711085,
        0.5413199790850001,
        0.537190886085,
        0.5354017200850001,
        0.536325162085,
        0.544393802085,
        0.540837789085,
        0.544146299085,
        0.545775017085,
        0.535115908085,
        0.5377561470850001,
        0.558869701085,
        0.543403200085,
        0.5346934840850001,
        0.537982761085,
        0.5370951980850001,
        0.5548105050850001,
        0.540219416085
      ]
    }
  ]
}
