{
  "results": [
    {
      "command": "./elsa bundle ./testing/console.js",
      "mean": 0.007210425154999998,
      "stddev": 0.0018765103546528378,
      "median": 0.007020428715000001,
      "user": 0.004369225000000002,
      "system": 0.003554810800000002,
      "min": 0.005427466715,
      "max": 0.022982148715,
      "times": [
        0.006025890715,
        0.007904962715000002,
        0.005885584715,
        0.006159095715,
        0.006027190715,
        0.005774080715,
        0.006629313715000001,
        0.005675276715,
        0.006638714715000001,
        0.005758879715,
        0.005891485715,
        0.005871083715,
        0.008386882715000002,
        0.0059256867150000005,
        0.006268999715,
        0.005526570715,
        0.006558311715,
        0.007356641715,
        0.006158894715,
        0.0070083287150000005,
        0.006219998715,
        0.006353502715000001,
        0.007950864715,
        0.008109370715000001,
        0.006338601715,
        0.006457706715,
        0.006076792715,
        0.0066653147150000005,
        0.006468207715,
        0.007457345715,
        0.006504208715,
        0.006610212715,
        0.005987388715,
        0.006762118715,
        0.006364503715,
        0.006960625715,
        0.007178935715,
        0.006822120715,
        0.005973487715000001,
        0.0058127817150000005,
        0.007257237715000001,
        0.0065551107150000005,
        0.007290938715,
        0.005948886715000001,
        0.006378103715000001,
        0.005724578715,
        0.006007188715,
        0.005427466715,
        0.005744278715,
        0.007653553715,
        0.006157694715,
        0.007976266715000001,
        0.007032528715,
        0.0073000397150000005,
        0.006496408715000001,
        0.006818520715,
        0.0066447147150000005,
        0.008133571715000001,
        0.0067909197150000005,
        0.007768057715000001,
        0.022982148715,
        0.007610851715000001,
        0.007740256715,
        0.007717655715,
        0.007211735715,
        0.007134333715000001,
        0.008365480715000002,
        0.007242437715,
        0.007812659715000001,
        0.007235136715000001,
        0.008087370715000002,
        0.0073003397150000005,
        0.008905301715000001,
        0.0071207327150000005,
        0.007866061715,
        0.008355780715000002,
        0.007218836715,
        0.007445044715000001,
        0.007706654715,
        0.009844638715000001,
        0.011647708715000002,
        0.008046068715000002,
        0.008521486715000002,
        0.009060907715000002,
        0.007483946715000001,
        0.007630852715,
        0.006722416715,
        0.0070453297150000005,
        0.006953426715000001,
        0.008600089715000002,
        0.006736017715000001,
        0.006945725715,
        0.007814958715,
        0.0068130207150000005,
        0.007083730715000001,
        0.008148272715000002,
        0.007255837715,
        0.0071806357150000005,
        0.007080630715,
        0.007755957715
      ]
    },
    {
      "command": "deno bundle ./testing/console.js",
      "mean": 0.547075491135,
      "stddev": 0.03117884238160573,
      "median": 0.539730211715,
      "user": 0.7485396149999997,
      "system": 0.03816998000000002,
      "min": 0.504683233715,
      "max": 0.621309214715,
      "times": [
        0.525192704715,
        0.5230055087150001,
        0.5548415937150001,
        0.5607426037150001,
        0.511005122715,
        0.519138420715,
        0.533838455715,
        0.531511963715,
        0.6079327037150001,
        0.594198681715,
        0.605844298715,
        0.572550841715,
        0.529403919715,
        0.576873275715,
        0.5103021857150001,
        0.539773065715,
        0.585740273715,
        0.5154602367150001,
        0.504683233715,
        0.521802852715,
        0.531115393715,
        0.573498651715,
        0.555408469715,
        0.526632390715,
        0.541513129715,
        0.516832506715,
        0.509924136715,
        0.603502495715,
        0.529256827715,
        0.527356054715,
        0.542056777715,
        0.579472754715,
        0.5348517917150001,
        0.510740793715,
        0.5248605027150001,
        0.536109907715,
        0.5782435477150001,
        0.572477920715,
        0.508319153715,
        0.5665515777150001,
        0.5716074587150001,
        0.584180800715,
        0.5537410757150001,
        0.571711421715,
        0.522578908715,
        0.543622270715,
        0.507177222715,
        0.507444226715,
        0.515386402715,
        0.578243095715,
        0.546571419715,
        0.581065274715,
        0.518315766715,
        0.5326799857150001,
        0.525603412715,
        0.5741179737150001,
        0.5117013877150001,
        0.575440797715,
        0.556531599715,
        0.568252809715,
        0.509671175715,
        0.5138103097150001,
        0.564259138715,
        0.6060510357150001,
        0.5058742967150001,
        0.517792214715,
        0.571418249715,
        0.544402160715,
        0.5612434577150001,
        0.577458336715,
        0.537986491715,
        0.523136152715,
        0.6012653547150001,
        0.5624765487150001,
        0.530571583715,
        0.544742886715,
        0.5716888477150001,
        0.532283015715,
        0.567487475715,
        0.559792482715,
        0.517560561715,
        0.526420461715,
        0.5104693877150001,
        0.5157881617150001,
        0.520087613715,
        0.522756193715,
        0.511014769715,
        0.524019120715,
        0.6001710397150001,
        0.6049140967150001,
        0.612836765715,
        0.512774382715,
        0.5163805957150001,
        0.571928676715,
        0.518629457715,
        0.621309214715,
        0.5760280857150001,
        0.541874357715,
        0.600947554715,
        0.539687357715
      ]
    }
  ]
}
