{
  "results": [
    {
      "command": "./elsa bundle ./testing/console.js",
      "mean": 0.007597290274999998,
      "stddev": 0.00121874750693632,
      "median": 0.007444279275000001,
      "user": 0.004768135000000001,
      "system": 0.0035670708,
      "min": 0.006074705275000001,
      "max": 0.016267183275000003,
      "times": [
        0.008230544275000001,
        0.007622934275000001,
        0.006762118275,
        0.009012859275000002,
        0.008750954275000002,
        0.007908939275000002,
        0.007861538275000001,
        0.008579950275000001,
        0.007367129275000001,
        0.0074159302750000005,
        0.007419830275,
        0.007495632275000001,
        0.007919839275000002,
        0.008403248275000002,
        0.006423813275000001,
        0.007877336275000002,
        0.007925838275000001,
        0.007328427275000001,
        0.007647333275,
        0.007082923275000001,
        0.007808635275000001,
        0.007314227275000001,
        0.007913838275000001,
        0.006745417275,
        0.008144341275000001,
        0.007304327275,
        0.007487230275,
        0.007384928275,
        0.007935238275000001,
        0.006564514275000001,
        0.007340027275,
        0.007284726275000001,
        0.007627132275000001,
        0.007727734275000001,
        0.007339428275000001,
        0.007958938275000002,
        0.010104175275000002,
        0.008238443275000002,
        0.007638932275,
        0.008352645275,
        0.008839454275000002,
        0.007710234275000001,
        0.007188025275,
        0.007372428275000001,
        0.008111840275000002,
        0.008185442275000001,
        0.008139441275000001,
        0.006826918275000001,
        0.007687233275000001,
        0.016267183275000003,
        0.012675121275000001,
        0.006788718275000001,
        0.007443629275000001,
        0.006387011275000001,
        0.006646115275,
        0.006867819275000001,
        0.007226025275,
        0.007028522275,
        0.006598115275000001,
        0.0070216212750000015,
        0.007196724275000001,
        0.0064075112750000005,
        0.007879437275000001,
        0.006691916275,
        0.006652616275,
        0.006778717275,
        0.007482430275000001,
        0.006865619275000001,
        0.007894837275000002,
        0.007686034275000001,
        0.0077026332750000015,
        0.006850119275000001,
        0.006632915275000001,
        0.006934121275000001,
        0.0074452292750000005,
        0.006446411275000001,
        0.008806452275000001,
        0.008006839275000002,
        0.0074830292750000015,
        0.007357527275,
        0.0065930142750000005,
        0.007855236275000002,
        0.006657515275,
        0.006859819275000001,
        0.006578014275,
        0.007452830275,
        0.0074449292750000005,
        0.007095123275000001,
        0.006074705275000001,
        0.007324127275000001,
        0.007171825275000001,
        0.008318944275000002,
        0.006668716275000001,
        0.0077063342750000015,
        0.0075750312750000005,
        0.006876119275000001,
        0.007169524275000001,
        0.007573931275,
        0.008223443275000002,
        0.007045822275000001
      ]
    },
    {
      "command": "deno bundle ./testing/console.js",
      "mean": 0.5809208065549999,
      "stddev": 0.020435211378255033,
      "median": 0.579494650275,
      "user": 0.7999396850000001,
      "system": 0.03569065,
      "min": 0.550170399275,
      "max": 0.6600236622750001,
      "times": [
        0.6097875432750001,
        0.586068987275,
        0.6600236622750001,
        0.583621808275,
        0.599572982275,
        0.579895803275,
        0.588151087275,
        0.557060345275,
        0.604239762275,
        0.563447982275,
        0.589767422275,
        0.6163672422750001,
        0.6174650352750001,
        0.561679685275,
        0.589825225275,
        0.594131670275,
        0.567930900275,
        0.578024117275,
        0.5617991882750001,
        0.6099579902750001,
        0.5750110282750001,
        0.596884079275,
        0.616379919275,
        0.602513950275,
        0.559935736275,
        0.554564113275,
        0.623394695275,
        0.5693870332750001,
        0.5816245572750001,
        0.557708090275,
        0.590470399275,
        0.5794978832750001,
        0.605983097275,
        0.601043036275,
        0.560490066275,
        0.5826896782750001,
        0.567835792275,
        0.602577418275,
        0.554810441275,
        0.558545712275,
        0.6013027282750001,
        0.5652548912750001,
        0.568304242275,
        0.5864194862750001,
        0.563255940275,
        0.568943314275,
        0.6127331542750001,
        0.586687439275,
        0.570300605275,
        0.586018249275,
        0.593398376275,
        0.602371220275,
        0.5983674812750001,
        0.567120662275,
        0.5878299692750001,
        0.569143470275,
        0.560188989275,
        0.554321543275,
        0.590434314275,
        0.563583319275,
        0.570342765275,
        0.6328582002750001,
        0.562586169275,
        0.600831188275,
        0.5608471192750001,
        0.570435374275,
        0.5535431202750001,
        0.592725039275,
        0.607824966275,
        0.559163879275,
        0.574357380275,
        0.5627652052750001,
        0.583271849275,
        0.579491417275,
        0.5785872322750001,
        0.589044208275,
        0.550170399275,
        0.5991265492750001,
        0.561298783275,
        0.590207920275,
        0.568530557275,
        0.5567329802750001,
        0.597555604275,
        0.556686785275,
        0.562046803275,
        0.568725819275,
        0.578197673275,
        0.5961116522750001,
        0.576344375275,
        0.580019384275,
        0.5661851852750001,
        0.5813507732750001,
        0.559634560275,
        0.5507082572750001,
        0.592019112275,
        0.587477448275,
        0.5679250932750001,
        0.561743429275,
        0.586969784275,
        0.561492046275
      ]
    }
  ]
}
