{
  "results": [
    {
      "command": "./elsa bundle ./testing/console.js",
      "mean": 0.004661012774999998,
      "stddev": 0.0007382626125541874,
      "median": 0.004537057105,
      "user": 0.0025508469499999995,
      "system": 0.0027777834999999983,
      "min": 0.0036511226049999995,
      "max": 0.008762320605,
      "times": [
        0.004481354605,
        0.004260146605,
        0.0049165716049999995,
        0.0054113916049999995,
        0.004387950605,
        0.0045292566049999995,
        0.0038968316049999997,
        0.0038702316049999998,
        0.005331887605,
        0.004148442605,
        0.004176542605,
        0.004363150604999999,
        0.003832829605,
        0.003911032605,
        0.004016737605,
        0.004544956605,
        0.0036511226049999995,
        0.005340887605,
        0.004304148605,
        0.003800328605,
        0.004098539605,
        0.004642561605,
        0.004443753605,
        0.004475154605,
        0.0038469296049999996,
        0.0036907236049999997,
        0.005219083605,
        0.007337665605,
        0.005767804605,
        0.004611259605,
        0.0045173556049999996,
        0.004781666605,
        0.004105240605,
        0.004544857605,
        0.004426652604999999,
        0.0049230726049999994,
        0.0045144556049999994,
        0.005599498605,
        0.004244945605,
        0.003783227605,
        0.004107340605,
        0.004663261605,
        0.004416151605,
        0.004572558605,
        0.005041276605,
        0.0037618276049999995,
        0.005796305605,
        0.004246045605,
        0.0046075596049999995,
        0.005051476605,
        0.0043420496049999995,
        0.004290947605,
        0.004551157605,
        0.004513155605,
        0.004438853605,
        0.005988213605,
        0.004146441605,
        0.004382051604999999,
        0.004679562605,
        0.004125540604999999,
        0.0046807626049999995,
        0.004630960605,
        0.003968335605,
        0.005416090605,
        0.004882170605,
        0.004695063605,
        0.004565357605,
        0.004739664605,
        0.0047542656049999995,
        0.005853807605,
        0.004230545604999999,
        0.004428552604999999,
        0.004430752604999999,
        0.0040444376049999994,
        0.004072138605,
        0.005743703605,
        0.004193643605,
        0.004595659605,
        0.0047056636049999994,
        0.004615259605,
        0.004578058605,
        0.004764366605,
        0.0046994626049999995,
        0.0061248186049999995,
        0.004662762605,
        0.004842568605,
        0.004626860605,
        0.004340849605,
        0.004313348605,
        0.004268346605,
        0.005146780605,
        0.004180843605,
        0.008762320605,
        0.005548895605,
        0.004479654605,
        0.004521256605,
        0.004677261605,
        0.004833667605,
        0.004812667604999999,
        0.006197620605
      ]
    },
    {
      "command": "deno bundle ./testing/console.js",
      "mean": 0.5644262083950004,
      "stddev": 0.029738082411942913,
      "median": 0.5600426631050001,
      "user": 0.772617795,
      "system": 0.03807195000000002,
      "min": 0.5016972606050001,
      "max": 0.657235245605,
      "times": [
        0.5690653896050001,
        0.657235245605,
        0.5478279016050001,
        0.609693418605,
        0.5559113106050001,
        0.5755546516050001,
        0.547858031605,
        0.5685021266050001,
        0.5892054606050001,
        0.5824423226050001,
        0.567027969605,
        0.5922280806050001,
        0.5329548446050001,
        0.563221887605,
        0.599784440605,
        0.585815526605,
        0.5969917266050001,
        0.5232827776050001,
        0.5812991416050001,
        0.594511971605,
        0.5467069066050001,
        0.5509191036050001,
        0.5438496166050001,
        0.5462031686050001,
        0.536568508605,
        0.5319488586050001,
        0.532127096605,
        0.5293647896050001,
        0.5617447546050001,
        0.569600930605,
        0.5296754596050001,
        0.5772400416050001,
        0.6178693556050001,
        0.5356742666050001,
        0.5333993866050001,
        0.556551767605,
        0.5353176476050001,
        0.5382740796050001,
        0.5654831896050001,
        0.543515946605,
        0.561679488605,
        0.551747294605,
        0.528487088605,
        0.553755566605,
        0.550858318605,
        0.5307282546050001,
        0.5857428856050001,
        0.621494805605,
        0.5544189666050001,
        0.552255949605,
        0.5895182276050001,
        0.553244890605,
        0.5572395786050001,
        0.534727230605,
        0.5957073096050001,
        0.574592813605,
        0.552764187605,
        0.5630137396050001,
        0.5783872766050001,
        0.5504471306050001,
        0.6044307806050001,
        0.5457375256050001,
        0.6022091516050001,
        0.5591857906050001,
        0.568748120605,
        0.6147310366050001,
        0.560899535605,
        0.536191561605,
        0.5945680186050001,
        0.6226344996050001,
        0.586853234605,
        0.5538287836050001,
        0.556304193605,
        0.5340879166050001,
        0.5401559286050001,
        0.564837021605,
        0.6377139126050001,
        0.598702086605,
        0.5717078966050001,
        0.587509238605,
        0.5275085326050001,
        0.5016972606050001,
        0.578989443605,
        0.5351858356050001,
        0.5451209466050001,
        0.564514603605,
        0.5298496126050001,
        0.535779648605,
        0.5342031626050001,
        0.5297856486050001,
        0.5874754026050001,
        0.527733339605,
        0.5314856986050001,
        0.568042057605,
        0.549364981605,
        0.5830580566050001,
        0.5906998236050001,
        0.649323373605,
        0.6025472356050001,
        0.5659598356050001
      ]
    }
  ]
}
