{
  "results": [
    {
      "command": "./elsa bundle ./testing/console.js",
      "mean": 0.008428465265,
      "stddev": 0.001206675532216426,
      "median": 0.008206217585000002,
      "user": 0.005398752599999998,
      "system": 0.003898537599999999,
      "min": 0.006403953585,
      "max": 0.012142455585,
      "times": [
        0.006587660585,
        0.007110078585000001,
        0.006724365585,
        0.006579660585000001,
        0.007030076585,
        0.006494957585000001,
        0.010042682585,
        0.009150051585,
        0.009068647585000002,
        0.009999280584999999,
        0.009090849585000001,
        0.009393859585,
        0.007566994585000001,
        0.007506793585,
        0.008765737585000002,
        0.008029511585,
        0.007074178585000001,
        0.007568494585000001,
        0.008355922585000002,
        0.007039776585,
        0.007543294585000001,
        0.007854204585,
        0.007827703585000002,
        0.008779737584999999,
        0.010050482585,
        0.007633396585000001,
        0.008397623585,
        0.009635567585000001,
        0.009784672585000001,
        0.008175016585,
        0.008678234585,
        0.009607567585,
        0.009799973585,
        0.009629767585,
        0.006743666585,
        0.007352187585,
        0.009404660585000002,
        0.011407730585000001,
        0.009782473585,
        0.009640268585,
        0.008086613585,
        0.008561929585,
        0.0078000035850000005,
        0.008211517585000001,
        0.006828368585,
        0.007558994585,
        0.007181981585000001,
        0.008031111585,
        0.007998809585000002,
        0.008837539585000002,
        0.009255154585000001,
        0.009197552585000001,
        0.010079383585,
        0.009919977585,
        0.010136984585000001,
        0.008667232585,
        0.008588330585000001,
        0.008468526585,
        0.007352186585000001,
        0.008122614585,
        0.007225082585000001,
        0.007760801585,
        0.009253454585000001,
        0.008636932585,
        0.009719470585,
        0.009031546585000001,
        0.007002574585,
        0.006485456585,
        0.007667897585000001,
        0.008903741585,
        0.009227553585,
        0.009426960585000001,
        0.007699499585000001,
        0.007990109585000002,
        0.007708799585000001,
        0.008742436584999999,
        0.010647703585000001,
        0.007810503585000001,
        0.008100913585000001,
        0.007700399585000001,
        0.007240282585000001,
        0.009197251585,
        0.010160886585,
        0.007840004585000001,
        0.007577995585000001,
        0.006937572585,
        0.008204917585000002,
        0.012142455585,
        0.012047952585,
        0.009097648585,
        0.007360787585000001,
        0.009985879585,
        0.008842039585,
        0.007752901585,
        0.008207517585,
        0.008161415585000002,
        0.008481226585000001,
        0.007231783585000001,
        0.007437589585,
        0.006403953585
      ]
    },
    {
      "command": "deno bundle ./testing/console.js",
      "mean": 0.6042067790050003,
      "stddev": 0.020434172490239207,
      "median": 0.6015130070850001,
      "user": 0.82749392,
      "system": 0.03847097000000001,
      "min": 0.565696076585,
      "max": 0.660478771585,
      "times": [
        0.623071055585,
        0.604595315585,
        0.642998306585,
        0.593941224585,
        0.593993519585,
        0.5962339815850001,
        0.6146844905850001,
        0.628150335585,
        0.620781266585,
        0.610077496585,
        0.617211125585,
        0.585940354585,
        0.593391098585,
        0.588750124585,
        0.612844725585,
        0.629516974585,
        0.6383050515850001,
        0.607127796585,
        0.660478771585,
        0.6264969165850001,
        0.578253894585,
        0.657205117585,
        0.617484678585,
        0.652688744585,
        0.6054909485850001,
        0.599091328585,
        0.620576631585,
        0.651572251585,
        0.607760382585,
        0.607184246585,
        0.596212372585,
        0.5878139825850001,
        0.629057539585,
        0.594075770585,
        0.620761540585,
        0.5877662355850001,
        0.600254840585,
        0.586954785585,
        0.565696076585,
        0.627873618585,
        0.623537966585,
        0.588068582585,
        0.593228939585,
        0.583525413585,
        0.586257288585,
        0.5992445095850001,
        0.5907616195850001,
        0.615568825585,
        0.619404744585,
        0.598862352585,
        0.585684511585,
        0.6032934815850001,
        0.619017584585,
        0.591816084585,
        0.5903108205850001,
        0.611186598585,
        0.582411044585,
        0.6369255205850001,
        0.575975915585,
        0.604708642585,
        0.593270560585,
        0.567596911585,
        0.599548745585,
        0.623371119585,
        0.6080679035850001,
        0.602997330585,
        0.634989866585,
        0.589020952585,
        0.5878164085850001,
        0.6101034215850001,
        0.5901461625850001,
        0.577372039585,
        0.5875582595850001,
        0.586542821585,
        0.608589524585,
        0.645905431585,
        0.6024462095850001,
        0.6088634055850001,
        0.616652652585,
        0.569660215585,
        0.616862639585,
        0.6032893915850001,
        0.5999542705850001,
        0.631099874585,
        0.5837547295850001,
        0.5773968165850001,
        0.598602596585,
        0.618749434585,
        0.585027239585,
        0.5870554945850001,
        0.607200537585,
        0.6073524355850001,
        0.600579804585,
        0.6091825765850001,
        0.574674654585,
        0.583668036585,
        0.596610447585,
        0.587740050585,
        0.574133008585,
        0.585068548585
      ]
    }
  ]
}
