{
  "results": [
    {
      "command": "./elsa bundle ./testing/console.js",
      "mean": 0.004249217405000002,
      "stddev": 0.0005897098437113474,
      "median": 0.004054038575,
      "user": 0.002004063,
      "system": 0.0029428341499999995,
      "min": 0.003541678575,
      "max": 0.006840943575000001,
      "times": [
        0.003752182575,
        0.0040219885750000005,
        0.005038307575,
        0.004229192575,
        0.004053488575000001,
        0.004100889575000001,
        0.003632780575,
        0.004036187575000001,
        0.006840943575000001,
        0.006064827575000001,
        0.003875185575,
        0.005485016575,
        0.0038683855750000005,
        0.0035794795750000003,
        0.0039887875750000005,
        0.0039045855750000007,
        0.004119989575000001,
        0.004378594575,
        0.004623099575000001,
        0.004119890575000001,
        0.005541617575000001,
        0.004117690575000001,
        0.004143290575000001,
        0.0046017985750000006,
        0.003927886575000001,
        0.003876185575,
        0.003859684575,
        0.004079588575000001,
        0.003800583575,
        0.004899304575000001,
        0.003856085575,
        0.004437195575,
        0.0036651815750000003,
        0.0039081855750000005,
        0.003906886575000001,
        0.003620180575,
        0.004275692575000001,
        0.003990187575000001,
        0.004463696575,
        0.0050771095750000005,
        0.005774021575000001,
        0.003820684575,
        0.005574318575000001,
        0.003731182575,
        0.003615479575,
        0.004286393575000001,
        0.003941086575000001,
        0.0040292885750000005,
        0.005302912575000001,
        0.004148390575000001,
        0.003976486575,
        0.004438296575,
        0.0038003835750000004,
        0.003596380575,
        0.004026187575,
        0.004018388575000001,
        0.003918686575000001,
        0.005085308575000001,
        0.004054588575,
        0.003980287575000001,
        0.004479696575000001,
        0.003649181575,
        0.003541678575,
        0.0040011875750000005,
        0.004860004575000001,
        0.004222192575,
        0.0038165835750000004,
        0.004400695575,
        0.004724702575000001,
        0.004422595575,
        0.0044722965750000005,
        0.005098108575,
        0.0035598795750000005,
        0.004075188575,
        0.004010288575000001,
        0.004069488575,
        0.003871385575,
        0.004021588575,
        0.004449695575000001,
        0.005354213575000001,
        0.004117489575000001,
        0.003907885575000001,
        0.003917785575000001,
        0.004114089575,
        0.0039062855750000005,
        0.004127490575000001,
        0.0037655835750000006,
        0.0039692865750000006,
        0.003995087575,
        0.004779903575000001,
        0.003963086575000001,
        0.003824584575,
        0.004072087575000001,
        0.004523896575000001,
        0.004227190575,
        0.004710499575000001,
        0.004029587575000001,
        0.0036505795750000005,
        0.005193908575,
        0.004144189575
      ]
    },
    {
      "command": "deno bundle ./testing/console.js",
      "mean": 0.5406525853850004,
      "stddev": 0.03251303446357657,
      "median": 0.534756791575,
      "user": 0.7426346199999995,
      "system": 0.034564025000000005,
      "min": 0.49232805657500006,
      "max": 0.624499277575,
      "times": [
        0.506280074575,
        0.600370633575,
        0.570769775575,
        0.540064132575,
        0.617606429575,
        0.521362001575,
        0.550347067575,
        0.547325271575,
        0.513012715575,
        0.4983247665750001,
        0.507361883575,
        0.568143910575,
        0.515564924575,
        0.517758507575,
        0.545858350575,
        0.543529980575,
        0.563746610575,
        0.49860066357500005,
        0.512787314575,
        0.578255506575,
        0.532882406575,
        0.578731458575,
        0.585278190575,
        0.560115868575,
        0.530137964575,
        0.503191022575,
        0.589604039575,
        0.520916686575,
        0.514293185575,
        0.49891097857500005,
        0.515271256575,
        0.552229470575,
        0.575045825575,
        0.524980598575,
        0.572209148575,
        0.504647216575,
        0.505484023575,
        0.507946619575,
        0.555040560575,
        0.561231401575,
        0.508355179575,
        0.538429502575,
        0.568098026575,
        0.521419974575,
        0.522508166575,
        0.568757780575,
        0.49996397357500005,
        0.624499277575,
        0.537351060575,
        0.585412493575,
        0.522275560575,
        0.534010781575,
        0.518607591575,
        0.557943715575,
        0.534726242575,
        0.49232805657500006,
        0.535696226575,
        0.543845397575,
        0.512260742575,
        0.529951616575,
        0.601824597575,
        0.534787340575,
        0.557342580575,
        0.5138913885749999,
        0.511481056575,
        0.504313262575,
        0.543505985575,
        0.595952940575,
        0.553027286575,
        0.530949014575,
        0.551030996575,
        0.556102190575,
        0.529134432575,
        0.536769467575,
        0.587754674575,
        0.589247260575,
        0.510170471575,
        0.526500561575,
        0.536713808575,
        0.533074609575,
        0.519735848575,
        0.522217276575,
        0.49816688557500005,
        0.563682318575,
        0.501510489575,
        0.563622763575,
        0.562399868575,
        0.500700964575,
        0.515330816575,
        0.610035748575,
        0.558124957575,
        0.571668969575,
        0.4965329505750001,
        0.502885166575,
        0.617772096575,
        0.606468646575,
        0.517927974575,
        0.539077390575,
        0.510959807575,
        0.521203857575
      ]
    }
  ]
}
