{
  "results": [
    {
      "command": "./elsa bundle ./testing/console.js",
      "mean": 0.00724408113,
      "stddev": 0.0007459372547080013,
      "median": 0.00717089469,
      "user": 0.0044094697500000005,
      "system": 0.003641854999999998,
      "min": 0.0056935781900000005,
      "max": 0.00956102019,
      "times": [
        0.00626138419,
        0.00661058819,
        0.00660608919,
        0.007772901190000001,
        0.00810740419,
        0.007784501190000001,
        0.00728889619,
        0.00655178819,
        0.00714359419,
        0.00719089419,
        0.00731659619,
        0.00868751119,
        0.0071687951900000005,
        0.00786850219,
        0.00732949619,
        0.00662868819,
        0.007396097190000001,
        0.00747419819,
        0.00811500519,
        0.007790101190000001,
        0.00826700719,
        0.007459797190000001,
        0.006857891190000001,
        0.00758179919,
        0.00764049919,
        0.00781430219,
        0.00728159519,
        0.0071786941899999995,
        0.00704329319,
        0.00718859419,
        0.00737729719,
        0.00721499519,
        0.00706079319,
        0.007680100190000001,
        0.00686649119,
        0.00809540519,
        0.00795480319,
        0.00699459219,
        0.007123794190000001,
        0.00687519119,
        0.00647198719,
        0.00638298619,
        0.00842400819,
        0.00760839919,
        0.00636428519,
        0.00898241519,
        0.00796770319,
        0.00686109119,
        0.00693599219,
        0.0075903991899999995,
        0.008816712190000001,
        0.0072865961899999995,
        0.00710789419,
        0.0076943001899999995,
        0.008289607190000001,
        0.0065113871900000005,
        0.00690159119,
        0.00661288919,
        0.00716719419,
        0.00704269319,
        0.00621378419,
        0.00591418019,
        0.006683389190000001,
        0.00676039019,
        0.008240306190000001,
        0.00686479119,
        0.007315995190000001,
        0.007600399190000001,
        0.00650588719,
        0.0060179811900000005,
        0.00762790019,
        0.006429086190000001,
        0.00658908819,
        0.00956102019,
        0.007380297190000001,
        0.00636338419,
        0.007408397190000001,
        0.00705539219,
        0.00674338919,
        0.00645418519,
        0.0056935781900000005,
        0.00954261919,
        0.00850400819,
        0.00691359119,
        0.006560587190000001,
        0.00709509319,
        0.006562586190000001,
        0.00575297819,
        0.00627478319,
        0.006893091190000001,
        0.008230505190000001,
        0.006664788190000001,
        0.0077914001900000005,
        0.00751009719,
        0.00717299419,
        0.00690539119,
        0.00781830019,
        0.00756909819,
        0.00667608819,
        0.0068771911900000005
      ]
    },
    {
      "command": "deno bundle ./testing/console.js",
      "mean": 0.5439612620100002,
      "stddev": 0.0188449199688255,
      "median": 0.5418848081900001,
      "user": 0.7460745650000001,
      "system": 0.03222528999999999,
      "min": 0.5057789351900001,
      "max": 0.61478992819,
      "times": [
        0.54145999419,
        0.52198969619,
        0.5558362811900001,
        0.55431353219,
        0.56234789219,
        0.51757278519,
        0.54465800319,
        0.55400905719,
        0.59338596719,
        0.61478992819,
        0.54632442819,
        0.5287719781900001,
        0.5513250321900001,
        0.5494315091900001,
        0.56028187219,
        0.56095916319,
        0.5465893281900001,
        0.5511361451900001,
        0.5524530431900001,
        0.5248744981900001,
        0.54049501719,
        0.5445996201900001,
        0.54848024619,
        0.5486133201900001,
        0.5468785971900001,
        0.56690333219,
        0.54283483019,
        0.55699222419,
        0.5573986081900001,
        0.56240923719,
        0.55335324219,
        0.54288025619,
        0.5389071011900001,
        0.5611544621900001,
        0.52071713619,
        0.54157318319,
        0.5351548181900001,
        0.54126505019,
        0.53090166119,
        0.53052944119,
        0.5660769951900001,
        0.54268030019,
        0.5522848661900001,
        0.55845748619,
        0.56060889519,
        0.53596389819,
        0.5656477011900001,
        0.52295137919,
        0.5405267921900001,
        0.5673700741900001,
        0.5315549001900001,
        0.51702269019,
        0.53750241719,
        0.54053793519,
        0.5418950211900001,
        0.54022420619,
        0.5588221171900001,
        0.54803523419,
        0.5333197161900001,
        0.5388570451900001,
        0.53220388719,
        0.50946431819,
        0.5110133211900001,
        0.5364584811900001,
        0.5126907121900001,
        0.54187459519,
        0.55111935319,
        0.58438155819,
        0.5342046151900001,
        0.5401207371900001,
        0.55252911519,
        0.5286459411900001,
        0.5399945071900001,
        0.5387404891900001,
        0.5820388631900001,
        0.53830676719,
        0.5321913101900001,
        0.5057789351900001,
        0.55393023219,
        0.5173706921900001,
        0.5458428601900001,
        0.5686562031900001,
        0.59151413719,
        0.56454365219,
        0.5703751811900001,
        0.53754665719,
        0.54847702219,
        0.53012859019,
        0.51073506419,
        0.52183241919,
        0.51581648019,
        0.53198856619,
        0.5293049471900001,
        0.5246331041900001,
        0.53095073919,
        0.52610199819,
        0.54311959719,
        0.53423293219,
        0.55571635719,
        0.52666007019
      ]
    }
  ]
}
