{
  "results": [
    {
      "command": "./elsa run ./testing/console.js",
      "mean": 0.010237878565000002,
      "stddev": 0.0013716079203233687,
      "median": 0.009743345885,
      "user": 0.006109639999999999,
      "system": 0.0047589372,
      "min": 0.008508928885,
      "max": 0.014955696885000001,
      "times": [
        0.009459481884999999,
        0.009511685885,
        0.008740641885,
        0.010705053885,
        0.009081260885,
        0.009166165885,
        0.009476282885,
        0.010746655885,
        0.009518985885,
        0.009750199885,
        0.009314874885,
        0.009658593885,
        0.010727054885,
        0.008508928885,
        0.008580731885,
        0.009041857885,
        0.010348133885,
        0.009230069884999999,
        0.009308473885,
        0.009673594885,
        0.008926151885,
        0.009931209885,
        0.009677994885,
        0.009542586884999999,
        0.009620691885,
        0.010028514885,
        0.009395378885,
        0.011501098885,
        0.012808774885,
        0.009704096885,
        0.011851219885,
        0.010963767885,
        0.009186466885,
        0.011929323885,
        0.011472198885,
        0.013983041885,
        0.013941438885,
        0.010816559885,
        0.014955696885000001,
        0.014015743885000001,
        0.010117220885,
        0.009393178885,
        0.010906264885,
        0.013120892885,
        0.011323486885,
        0.009992206885,
        0.009597883885,
        0.012210332885,
        0.009509378885,
        0.009244063885,
        0.010760050885,
        0.014658271885,
        0.009885900885,
        0.010198718885,
        0.010165516885,
        0.011522892885,
        0.009683588885,
        0.012160529885,
        0.010829153885,
        0.012032022885,
        0.011009263885,
        0.011825310885,
        0.009687188885,
        0.009983905885,
        0.009088954885,
        0.011616398885,
        0.009947104885,
        0.009924102885,
        0.008888144885,
        0.011445788885,
        0.009963604885,
        0.009659087885,
        0.009918801885,
        0.011028664885000001,
        0.010528436885,
        0.009133257885,
        0.008846341885,
        0.009002350885,
        0.010114913885,
        0.010403129885,
        0.009104856885,
        0.009071454885,
        0.010692446885,
        0.009191460885,
        0.009102855885,
        0.010091111885,
        0.009736491885,
        0.010638443885,
        0.009067754885,
        0.008533723885,
        0.009194160885,
        0.009168559885,
        0.009027051885,
        0.009725190885,
        0.009562681885,
        0.008610127884999999,
        0.008996649885,
        0.009498478885,
        0.011152771885,
        0.009494577885
      ]
    },
    {
      "command": "deno run ./testing/console.js",
      "mean": 0.017967952635,
      "stddev": 0.0012085381292246207,
      "median": 0.017775476385,
      "user": 0.01405289999999999,
      "system": 0.0039540992,
      "min": 0.016594861885,
      "max": 0.025410350885000002,
      "times": [
        0.017049896885,
        0.018324167885,
        0.017407316885,
        0.019522435885,
        0.018797394885,
        0.017287609885,
        0.018071853885,
        0.017166602885,
        0.021450443885,
        0.017369514885,
        0.017108899885,
        0.017719634885000002,
        0.018806795885,
        0.017501321885,
        0.018569381885,
        0.017834940885,
        0.018368670885,
        0.018912400885,
        0.018037851885,
        0.018373570885,
        0.017165302885,
        0.017617128885,
        0.018266064885,
        0.017369012885,
        0.017082687885,
        0.017851730885,
        0.016895877885,
        0.017037385885,
        0.018093444885,
        0.017100989885,
        0.018143447885,
        0.017899433885,
        0.017774625885,
        0.019046797885,
        0.018845486885000002,
        0.018729479885,
        0.018097243885,
        0.018395160885,
        0.018376959885000002,
        0.017720322885,
        0.017365903885,
        0.018578770885000002,
        0.017268697885,
        0.018241852885,
        0.017764225885000002,
        0.017309200885,
        0.017841630885,
        0.018732980885,
        0.025410350885000002,
        0.018272453885,
        0.016923078885,
        0.018237051885,
        0.016957280885000002,
        0.016856975885,
        0.018127146885,
        0.017216795885,
        0.017158492885,
        0.019815340885,
        0.018376760885,
        0.018788782885,
        0.017204094885,
        0.018702078885,
        0.017682521885,
        0.017059786885,
        0.017002183885,
        0.017846129885,
        0.018363158885,
        0.018437963885000002,
        0.017602716885,
        0.017505911885,
        0.017776326885,
        0.016904477885,
        0.016594861885,
        0.017362703885,
        0.017326001885,
        0.017645019885000002,
        0.017042985885,
        0.016685156885,
        0.016703256885,
        0.018997883885,
        0.018333046885,
        0.017878621885,
        0.017183283885,
        0.017140181885,
        0.018624662885,
        0.023141810885,
        0.018031729885,
        0.017714712885,
        0.018758570885,
        0.016978472885000002,
        0.016974771885,
        0.016834363885000002,
        0.017751314885,
        0.018681666885,
        0.018364048885,
        0.018260342885,
        0.016727657885,
        0.017233486885,
        0.017307190885,
        0.017997028885000002
      ]
    },
    {
      "command": "node ./testing/console.js",
      "mean": 0.046735593975,
      "stddev": 0.0024378632795809233,
      "median": 0.046513031385,
      "user": 0.04010903,
      "system": 0.0073574656000000025,
      "min": 0.04308858988500001,
      "max": 0.05695745588500001,