{
  "results": [
    {
      "command": "./elsa run ./testing/console.js",
      "mean": 0.009409825434999996,
      "stddev": 0.0012117393234450523,
      "median": 0.009144121345000002,
      "user": 0.00607113,
      "system": 0.004055924199999999,
      "min": 0.007786593844999999,
      "max": 0.016798076845000003,
      "times": [
        0.009103120845000002,
        0.008534309845,
        0.008078099845,
        0.007786593844999999,
        0.013101401845000001,
        0.010394546845000002,
        0.009889735845,
        0.009124120845000002,
        0.008464107845,
        0.008800713845,
        0.009030418845,
        0.009164121845000001,
        0.009775234845000001,
        0.008929716845000001,
        0.008517608845000002,
        0.010375946845000001,
        0.009683732845000001,
        0.010429247845000001,
        0.009017118845000002,
        0.008720112845000001,
        0.009701632845,
        0.008839715845,
        0.009298624845,
        0.009997638845000002,
        0.008831914845,
        0.011111761845000002,
        0.009043919845000001,
        0.009587530845000001,
        0.010761053845000002,
        0.012609591845000002,
        0.010045439845000002,
        0.008201802845000002,
        0.008392805845,
        0.010414447845,
        0.009429026845,
        0.009710333845,
        0.011829475845000001,
        0.010082040845000001,
        0.009323124845000001,
        0.009627330845,
        0.008504008845000001,
        0.009551029845000001,
        0.008882715845000002,
        0.008463907845,
        0.008917116845000001,
        0.008667311845000001,
        0.009938437845000002,
        0.009433327845,
        0.008016898845,
        0.009101320845000002,
        0.008819414845000002,
        0.008032198845000001,
        0.008382605845000002,
        0.008070599845000002,
        0.008516308845,
        0.009040519845,
        0.008380805845,
        0.008994017845,
        0.008556708845,
        0.008694912845000001,
        0.010124441845000002,
        0.008940116845000002,
        0.009050919845000002,
        0.009248723845000001,
        0.009182122845000001,
        0.011606970845000002,
        0.016798076845000003,
        0.009474528845000002,
        0.008424306845000002,
        0.009897936845000002,
        0.009418626845000002,
        0.008977118845000001,
        0.010668451845000001,
        0.009733632845000001,
        0.008043899845,
        0.008005497845,
        0.008829714845000001,
        0.008601109845000001,
        0.009019018845,
        0.010555350845,
        0.011399967845000001,
        0.009649531845000002,
        0.008786713845,
        0.009578627845000002,
        0.010046336845000002,
        0.008526305845000002,
        0.008564807845000001,
        0.008910313845000002,
        0.008824611845000002,
        0.009874633845000001,
        0.009676729845,
        0.010029835845000001,
        0.009271121845,
        0.009611427845000001,
        0.009600527845000002,
        0.008706709845,
        0.009684829845000001,
        0.009312621845,
        0.009478724845000001,
        0.008124197845
      ]
    },
    {
      "command": "deno run ./testing/console.js",
      "mean": 0.01820858656499999,
      "stddev": 0.0022158630502984614,
      "median": 0.017698782345,
      "user": 0.013548629999999999,
      "system": 0.004700125549999999,
      "min": 0.016205751845,
      "max": 0.029483418845,
      "times": [
        0.017143673845000002,
        0.019027510845,
        0.018620303845000002,
        0.018906409845000003,
        0.018917908845,
        0.017420779845,
        0.017820287845,
        0.016308357845000003,
        0.016338657845,
        0.017135974845000002,
        0.016733365845,
        0.017089173845000003,
        0.018402798845000002,
        0.017713184845,
        0.019739625845,
        0.019253516845000002,
        0.018824207845000003,
        0.019215614845000003,
        0.018286497845000003,
        0.018839807845,
        0.020402638845,
        0.017217875845,
        0.017695985845,
        0.017916689845,
        0.016994170845,
        0.018043692845,
        0.029483418845,
        0.020524940845000002,
        0.020168134845,
        0.018682604845000002,
        0.017035371845,
        0.017333278845,
        0.017593482845,
        0.016689765845000003,
        0.016553362845000003,
        0.017697984845,
        0.016560762845,
        0.028023788845,
        0.017669883845,
        0.016727465845,
        0.017953789845000002,
        0.017040771845,
        0.017047072845,
        0.018645103845,
        0.018302697845,
        0.018950904845,
        0.021238949845,
        0.024709217845000003,
        0.021935662845000002,
        0.027330568845000004,
        0.018861902845,
        0.018781201845,
        0.018049787845,
        0.017023466845,
        0.016499956845,
        0.017252771845,
        0.017761981845,
        0.017869983845000003,
        0.018512696845000003,
        0.016511056845,
        0.016633959845,
        0.016364953845000002,
        0.016205751845,
        0.017692579845,
        0.017015567845000003,
        0.017850182845000003,
        0.017091768845,
        0.018641298845,
        0.018096088845,
        0.017710779845,
        0.017999085845000002,
        0.021005844845000003,
        0.018582997845,
        0.017776381845,
        0.017973885845000002,
        0.016736260845,
        0.017284472845000003,
        0.017295972845,
        0.017659978845,
        0.018276890845,
        0.016831162845,
        0.016537757845,
        0.017817582845000002,
        0.016775262845000003,
        0.016993866845,
        0.018668598845000002,
        0.016913765845,
        0.017659778845,
        0.017391273845000003,
        0.017008166845000002,
        0.017380774845000002,
        0.016955465845,
        0.016738661845000002,
        0.017699579845,
        0.016529556845,
        0.016879464845,
        0.017239271845,
        0.017048267845000003,
        0.018225286845,
        0.018637893845000003
      ]
    },
    {
      "command": "node ./testing/console.js",
      "mean": 0.048129971895,
      "stddev": 0.0038478242015284637,
      "median": 0.047463258345,
      "user": 0.04160814,
      "system": 0.007351146900000002,
      "min": 0.042040593845,
      "max": 0.065091656845,