{
  "results": [
    {
      "command": "./elsa run ./testing/console.js",
      "mean": 0.0062510920750000025,
      "stddev": 0.0008253056480590972,
      "median": 0.006123003415000001,
      "user": 0.003961999950000002,
      "system": 0.0028887504999999996,
      "min": 0.005412251415,
      "max": 0.011436060415,
      "times": [
        0.005860052415000001,
        0.005558352415,
        0.005489651415,
        0.006120753415000001,
        0.006125253415,
        0.008115755415,
        0.007956456415,
        0.0056592524150000005,
        0.0065937534150000005,
        0.008552856415,
        0.006859954415000001,
        0.006236852415000001,
        0.005815652415000001,
        0.005737352415000001,
        0.0061278534150000005,
        0.006165152415000001,
        0.0056278524150000005,
        0.006131252415000001,
        0.006075653415000001,
        0.006064152415,
        0.0060812534150000005,
        0.005669151415,
        0.0061938534150000005,
        0.006029152415000001,
        0.005723052415000001,
        0.006371653415000001,
        0.006555653415,
        0.009934158415,
        0.005682752415000001,
        0.005650152415000001,
        0.005886352415000001,
        0.006409253415000001,
        0.0063327534150000005,
        0.006078452415,
        0.006286553415000001,
        0.0063806534150000005,
        0.006337152415000001,
        0.0058609524150000005,
        0.006204253415,
        0.005944852415000001,
        0.006099353415000001,
        0.006218552415000001,
        0.005623152415000001,
        0.005720552415000001,
        0.005897352415,
        0.006757153415000001,
        0.006200253415000001,
        0.005776352415000001,
        0.005720052415,
        0.005800852415000001,
        0.006130652415000001,
        0.006786254415000001,
        0.006404653415,
        0.006670053415000001,
        0.0056703524150000005,
        0.0062272524150000005,
        0.005879152415000001,
        0.005547052415000001,
        0.005553252415,
        0.005809052415000001,
        0.006205752415000001,
        0.005631152415000001,
        0.005818252415000001,
        0.006145552415000001,
        0.006249853415000001,
        0.006574453415000001,
        0.005675152415000001,
        0.005848652415000001,
        0.005893052415000001,
        0.005412251415,
        0.005912153415,
        0.011436060415,
        0.006413853415,
        0.0063606534150000005,
        0.0065858534150000005,
        0.005872552415000001,
        0.0059297524150000004,
        0.005828252415,
        0.006378353415,
        0.005665452415000001,
        0.006414953415000001,
        0.006419053415000001,
        0.006384653415000001,
        0.006723553415000001,
        0.006835754415000001,
        0.006228252415000001,
        0.005888052415000001,
        0.006378353415,
        0.006811954415000001,
        0.005980752415,
        0.005729452415000001,
        0.006233353415000001,
        0.007124854415,
        0.0068576534150000005,
        0.006430953415000001,
        0.005884052415,
        0.006047152415000001,
        0.006363452415000001,
        0.005613152415,
        0.005945452415000001
      ]
    },
    {
      "command": "deno run ./testing/console.js",
      "mean": 0.015858067105,
      "stddev": 0.001035327924484171,
      "median": 0.015582916915,
      "user": 0.012224754999999993,
      "system": 0.0036680906000000012,
      "min": 0.015203465414999999,
      "max": 0.022572477415,
      "times": [
        0.015426067415000001,
        0.015377166415,
        0.015346066415000002,
        0.015422366415,
        0.015449967415000002,
        0.015527266415000001,
        0.015256966415,
        0.015626367415000002,
        0.015330866415000002,
        0.015249166415000001,
        0.015218466415,
        0.015647367415000002,
        0.015484766415,
        0.015361567415,
        0.015220266415,
        0.015591366415000002,
        0.015371467415,
        0.016048367415,
        0.016115167415,
        0.015733767415,
        0.015627067415,
        0.015559066415,
        0.017833570415,
        0.015879567415,
        0.015549667415,
        0.015424766414999999,
        0.015408666415000001,
        0.015719167415,
        0.015506767415,
        0.015630566415,
        0.015507167415000002,
        0.015453166415,
        0.015591266414999999,
        0.016176967415,
        0.015487366415000002,
        0.015596367415,
        0.015930966415,
        0.015579367415,
        0.015358265414999999,
        0.015531067414999999,
        0.015735166415,
        0.015603566414999999,
        0.017258869415,
        0.016325867415,
        0.015610166415000001,
        0.017677870415,
        0.015618066415,
        0.015429666415000001,
        0.016178167415,
        0.015586466415,
        0.015875667415,
        0.016028067415,
        0.021870475415,
        0.015419666415000002,
        0.015490566415,
        0.015566266415000002,
        0.015520566415,
        0.015467566415000002,
        0.015907467415,
        0.015602266415,
        0.015601867415000002,
        0.015516966415,
        0.015451866415000001,
        0.015505866415,
        0.015885366415,
        0.015563466415000001,
        0.022572477415,
        0.016148667415,
        0.016081867415,
        0.017226769415,
        0.016430467415,
        0.016135067415,
        0.016224367415,
        0.016270467415,
        0.015944667415,
        0.015532066415,
        0.015680767415,
        0.015663566415,
        0.015375466415,
        0.015490866415000002,
        0.015467266415,
        0.016548868415,
        0.016824068415,
        0.015860466415,
        0.015503866415000001,
        0.015342466414999999,
        0.015618566415,
        0.015475966415,
        0.016221067415000002,
        0.015598167415,
        0.015576166415000002,
        0.015429466414999999,
        0.015347365415000001,
        0.015600666414999999,
        0.016364167415000002,
        0.015499466415,
        0.015203465414999999,
        0.015504966415000002,
        0.015277565415,
        0.015311565414999999
      ]
    },
    {
      "command": "node ./testing/console.js",
      "mean": 0.04171848496500002,
      "stddev": 0.002063192649339135,
      "median": 0.041548902415000005,
      "user": 0.03581248499999999,
      "system": 0.006763179899999999,
      "min": 0.038586194415000004,
      "max": 0.047369809415000005,