{
  "results": [
    {
      "command": "./elsa run ./testing/console.js",
      "mean": 0.0086861378,
      "stddev": 0.0007584524994990001,
      "median": 0.00857875341,
      "user": 0.0057332239,
      "system": 0.00393729535,
      "min": 0.007251732909999999,
      "max": 0.01211830591,
      "times": [
        0.00805594491,
        0.00869875591,
        0.008215547909999999,
        0.00913476191,
        0.00960946891,
        0.00827814891,
        0.00808974591,
        0.00889305791,
        0.00895285891,
        0.00933916491,
        0.00906686091,
        0.00943946591,
        0.01065108391,
        0.01062498391,
        0.00896985891,
        0.01001067491,
        0.00995207391,
        0.01044428191,
        0.00982037191,
        0.00963646891,
        0.00918646291,
        0.00841965091,
        0.00868795491,
        0.00831844891,
        0.00948196691,
        0.008179047909999999,
        0.00879935591,
        0.00846785191,
        0.008193446909999999,
        0.00792714391,
        0.0076594399099999995,
        0.00873945491,
        0.00862345391,
        0.00841935091,
        0.00914256191,
        0.00878495591,
        0.00826524791,
        0.00917556191,
        0.00926036291,
        0.00893375891,
        0.00814244591,
        0.008014643909999999,
        0.00837785091,
        0.00836144991,
        0.00996337391,
        0.00860485391,
        0.00854455191,
        0.00816214691,
        0.00878975591,
        0.01014107691,
        0.00817254691,
        0.00818314691,
        0.00807304591,
        0.007251732909999999,
        0.00844175091,
        0.00786804191,
        0.00878585691,
        0.00812194591,
        0.00859535391,
        0.00874425591,
        0.0076851399099999995,
        0.007851841909999999,
        0.007651039909999999,
        0.008290248909999999,
        0.00865945391,
        0.00929516391,
        0.00947296591,
        0.00817654791,
        0.00799104391,
        0.00880875691,
        0.00783924191,
        0.00835104991,
        0.00788344291,
        0.00819914691,
        0.00808964491,
        0.00841614991,
        0.00877385691,
        0.00825004791,
        0.009085160909999999,
        0.00877365591,
        0.00791104391,
        0.00806664491,
        0.00859355391,
        0.01211830591,
        0.00856395291,
        0.00820874791,
        0.00916546191,
        0.00931466491,
        0.00792844291,
        0.00809074591,
        0.00778124191,
        0.00890765791,
        0.00915836191,
        0.00896455891,
        0.00812404691,
        0.00844275091,
        0.00804504491,
        0.00865005491,
        0.008464150909999999,
        0.00868185491
      ]
    },
    {
      "command": "deno run ./testing/console.js",
      "mean": 0.017854978630000008,
      "stddev": 0.0015959422427773106,
      "median": 0.01763728791,
      "user": 0.013971784999999997,
      "system": 0.004001621950000001,
      "min": 0.01526295291,
      "max": 0.023993083910000004,
      "times": [
        0.018243597910000003,
        0.017896392910000003,
        0.01769838991,
        0.01871350491,
        0.018192196910000003,
        0.01754028791,
        0.018895806910000004,
        0.016711573910000003,
        0.015663758910000002,
        0.018878406910000003,
        0.023993083910000004,
        0.02000112391,
        0.021271042910000003,
        0.018294198910000004,
        0.01634306891,
        0.017960693910000002,
        0.015822860910000004,
        0.017225582910000002,
        0.015955362910000003,
        0.01635006891,
        0.018370799910000003,
        0.01784079191,
        0.016490570910000002,
        0.01846040091,
        0.017751389910000002,
        0.015688059910000003,
        0.01526295291,
        0.016774174910000002,
        0.017057379910000003,
        0.01780629091,
        0.017740289910000002,
        0.018290997910000002,
        0.017385784910000004,
        0.017632187910000003,
        0.016427170910000004,
        0.02020822691,
        0.018137595910000002,
        0.019002208910000002,
        0.01812259591,
        0.016803275910000002,
        0.019869721910000002,
        0.01683437691,
        0.01751358591,
        0.020748734910000004,
        0.01711738091,
        0.018496300910000003,
        0.01797089391,
        0.01685697691,
        0.016853975910000003,
        0.01705017891,
        0.016295968910000003,
        0.01811899591,
        0.01764238791,
        0.017102280910000003,
        0.01729058291,
        0.019062709910000003,
        0.01738808491,
        0.023941582910000002,
        0.01666917391,
        0.01658157291,
        0.01911311091,
        0.016400669910000002,
        0.01677177591,
        0.015758859910000002,
        0.01613716591,
        0.01708698091,
        0.018669403910000004,
        0.02146914591,
        0.016173765910000002,
        0.016176466910000003,
        0.017315282910000004,
        0.016626372910000003,
        0.019461314910000003,
        0.019353913910000003,
        0.015904161910000002,
        0.016599072910000002,
        0.020504430910000003,
        0.020876736910000002,
        0.018099994910000004,
        0.017196181910000004,
        0.017263482910000003,
        0.018746504910000003,
        0.01765418791,
        0.017436684910000003,
        0.01987462091,
        0.016999678910000003,
        0.018015093910000002,
        0.018073794910000003,
        0.017796189910000003,
        0.01748618491,
        0.01789219191,
        0.018248396910000002,
        0.019802720910000002,
        0.01674207491,
        0.01648657091,
        0.01630046791,
        0.01704677991,
        0.018807804910000003,
        0.020452530910000002,
        0.016367468910000002
      ]
    },
    {
      "command": "node ./testing/console.js",
      "mean": 0.045992503340000004,
      "stddev": 0.0037829071092787925,
      "median": 0.046003508910000004,
      "user": 0.040129714999999996,
      "system": 0.006673808949999999,
      "min": 0.03978791691,
      "max": 0.06291245891,