{
  "results": [
    {
      "command": "./elsa run ./testing/console.js",
      "mean": 0.00564286335,
      "stddev": 0.001095379504758894,
      "median": 0.005419249680000001,
      "user": 0.0037060024999999996,
      "system": 0.0026209574000000003,
      "min": 0.004600880680000001,
      "max": 0.012813370680000002,
      "times": [
        0.00592911168,
        0.005072491680000001,
        0.005984912680000001,
        0.006648427680000001,
        0.005933811680000001,
        0.00629192068,
        0.0054815016800000005,
        0.0053667986800000015,
        0.005750606680000001,
        0.0057805076800000015,
        0.005540002680000001,
        0.00503789168,
        0.0066141266800000004,
        0.00517149368,
        0.005542402680000001,
        0.011528941680000002,
        0.00532039768,
        0.004750183680000001,
        0.005263696680000001,
        0.00555510268,
        0.005427799680000001,
        0.006054514680000001,
        0.004908887680000001,
        0.005955412680000001,
        0.004600880680000001,
        0.005472101680000001,
        0.00502219068,
        0.005126692680000001,
        0.006053414680000001,
        0.00517459468,
        0.00475088368,
        0.0054182996800000004,
        0.0050018896800000014,
        0.005516902680000001,
        0.0050264906800000005,
        0.00500029068,
        0.00620341768,
        0.00496298968,
        0.005339197680000001,
        0.006018413680000001,
        0.005241295680000001,
        0.005184094680000001,
        0.005288996680000001,
        0.006694429680000001,
        0.0047850856800000004,
        0.00487268668,
        0.005420199680000001,
        0.0051434936800000015,
        0.00574040768,
        0.005183194680000001,
        0.004745983680000001,
        0.006063614680000001,
        0.005463100680000001,
        0.005215094680000001,
        0.005445900680000001,
        0.005193194680000001,
        0.0053176976800000005,
        0.00466268268,
        0.0055296026800000005,
        0.00562010368,
        0.004755983680000001,
        0.006385122680000001,
        0.0049669896800000005,
        0.004966988680000001,
        0.005310096680000001,
        0.00581850968,
        0.012813370680000002,
        0.00622611868,
        0.005122392680000001,
        0.004691683680000001,
        0.00534839768,
        0.004921188680000001,
        0.005155793680000001,
        0.005396299680000001,
        0.0055942036800000015,
        0.006835432680000001,
        0.00569080668,
        0.00583650768,
        0.005587000680000001,
        0.005322794680000001,
        0.00507758868,
        0.005075589680000001,
        0.006081812680000001,
        0.00644071968,
        0.0063867196800000015,
        0.005049988680000001,
        0.00515759168,
        0.006168513680000001,
        0.005407597680000001,
        0.007008432680000001,
        0.005578800680000001,
        0.0056028006800000005,
        0.00531389468,
        0.005660902680000001,
        0.005702202680000001,
        0.00502238868,
        0.0052572936800000004,
        0.006045811680000001,
        0.00760844668,
        0.005483098680000001
      ]
    },
    {
      "command": "deno run ./testing/console.js",
      "mean": 0.016349963920000002,
      "stddev": 0.0021730841456954796,
      "median": 0.016363688680000002,
      "user": 0.012960564999999993,
      "system": 0.0034265962999999997,
      "min": 0.013346671680000002,
      "max": 0.02540973968,
      "times": [
        0.01803558368,
        0.018302890680000003,
        0.01979852168,
        0.01820087968,
        0.018347383680000003,
        0.018572087680000002,
        0.020932840680000002,
        0.01778807068,
        0.01739846168,
        0.02540973968,
        0.017839070680000003,
        0.01724975868,
        0.018546187680000003,
        0.017547364680000004,
        0.01808817768,
        0.01809597668,
        0.017911773680000003,
        0.01869819068,
        0.017525264680000003,
        0.01945200768,
        0.01752746468,
        0.01581792668,
        0.01606093168,
        0.01527501468,
        0.01396318468,
        0.013718379680000002,
        0.01627973668,
        0.013526175680000002,
        0.013346671680000002,
        0.016148133680000003,
        0.01799687468,
        0.01855638768,
        0.014770003680000001,
        0.013906483680000001,
        0.01644764068,
        0.015478118680000003,
        0.013968085680000002,
        0.014760502680000002,
        0.01578332568,
        0.013484074680000001,
        0.013972985680000001,
        0.01512651068,
        0.015076609680000002,
        0.014634600680000002,
        0.01904089868,
        0.014382393680000001,
        0.01384418268,
        0.015076510680000002,
        0.013687778680000002,
        0.013685978680000002,
        0.01482090468,
        0.013839182680000001,
        0.01439869468,
        0.013915783680000002,
        0.01508911068,
        0.014131788680000002,
        0.013921584680000001,
        0.013785980680000002,
        0.018846494680000003,
        0.017756869680000002,
        0.01831388168,
        0.014644696680000001,
        0.017044446680000002,
        0.018103269680000002,
        0.017861964680000002,
        0.018662381680000003,
        0.019127092680000003,
        0.01810536968,
        0.019676904680000003,
        0.017961666680000002,
        0.015178005680000002,
        0.01607152568,
        0.01763875968,
        0.017464855680000002,
        0.01847547868,
        0.017719060680000003,
        0.016888743680000002,
        0.017231050680000002,
        0.014252085680000002,
        0.018068268680000003,
        0.017108448680000003,
        0.017363953680000002,
        0.01869838268,
        0.01697804568,
        0.017190249680000002,
        0.014799997680000003,
        0.013642271680000002,
        0.013745974680000002,
        0.014517091680000002,
        0.014656193680000002,
        0.013430067680000001,
        0.014696295680000002,
        0.013665372680000001,
        0.013736073680000002,
        0.014834197680000001,
        0.013864776680000001,
        0.01437798768,
        0.017604158680000002,
        0.017930765680000002,
        0.014076381680000001
      ]
    },
    {
      "command": "node ./testing/console.js",
      "mean": 0.04259358088000002,
      "stddev": 0.005017412668428623,
      "median": 0.041656823180000004,
      "user": 0.037312475000000005,
      "system": 0.006029149499999998,
      "min": 0.03548097168,
      "max": 0.059062937680000004,