{
  "results": [
    {
      "command": "./elsa run ./testing/console.js",
      "mean": 0.007877445785,
      "stddev": 0.0013268972587276036,
      "median": 0.007727434885,
      "user": 0.005304097599999998,
      "system": 0.0032118285499999994,
      "min": 0.0060410523850000005,
      "max": 0.016694690385000002,
      "times": [
        0.008215623385,
        0.007545170385000001,
        0.007620776385,
        0.007983505385,
        0.006740507385,
        0.006566193385,
        0.009762945385000001,
        0.009051789385,
        0.008691161385,
        0.008608954385000001,
        0.012326846385000001,
        0.007427861385,
        0.008466143385000001,
        0.007747486385,
        0.0076882813850000006,
        0.008009906385,
        0.007422960385,
        0.006510289385000001,
        0.006639899385,
        0.007973203385,
        0.0068923193850000015,
        0.007269649385,
        0.008563450385,
        0.008004406385000001,
        0.0076729813849999995,
        0.008172120385,
        0.007227945385,
        0.016694690385000002,
        0.008084813385,
        0.0067129053850000005,
        0.007699183385000001,
        0.007315552385,
        0.007123937385000001,
        0.008180120385,
        0.006651100385000001,
        0.008257926385000001,
        0.007530069385000001,
        0.008572151385,
        0.007193943385,
        0.007454063385000001,
        0.007078733385000001,
        0.007363356385,
        0.006398080385000001,
        0.006269670385,
        0.007258548385000001,
        0.007216545385,
        0.007047531385000002,
        0.007576673385,
        0.007669280385000001,
        0.007192342385,
        0.0071536393850000005,
        0.008891877385,
        0.0073433543850000005,
        0.0060410523850000005,
        0.0068501163850000005,
        0.0065382913850000005,
        0.006843815385,
        0.007636577385000001,
        0.007877297385,
        0.008004006385,
        0.007875896385000001,
        0.008166419385,
        0.008519347385,
        0.008355034385,
        0.008228724385,
        0.008331032385000001,
        0.008575151385,
        0.007933501385,
        0.007210044385000001,
        0.008371035385000001,
        0.008591152385,
        0.008498345385,
        0.007559872385000001,
        0.007684581385,
        0.008282128385,
        0.006989827385000001,
        0.008209523385,
        0.008314431385000001,
        0.007701183385000001,
        0.008292229385,
        0.007856695385000001,
        0.008665558385000001,
        0.007911799385,
        0.008120516385,
        0.008449341385,
        0.0070584323850000005,
        0.007006128385000001,
        0.0077995913850000004,
        0.007093835385,
        0.007080034385000001,
        0.006784410385,
        0.006626298385000002,
        0.007900598385,
        0.007994105385,
        0.008232425385,
        0.013054704385000001,
        0.008352734385000001,
        0.008050210385000001,
        0.007786689385,
        0.007707383385000001
      ]
    },
    {
      "command": "deno run ./testing/console.js",
      "mean": 0.014813870214999999,
      "stddev": 0.0008448008356178324,
      "median": 0.014757086885,
      "user": 0.011629025000000001,
      "system": 0.003166261250000002,
      "min": 0.012919292385000001,
      "max": 0.017802576385,
      "times": [
        0.015261477385000001,
        0.014276999385000001,
        0.017802576385,
        0.016064240385,
        0.016231153385000002,
        0.016091942385000002,
        0.015855523385000004,
        0.013337825385,
        0.014668630385,
        0.014650829385000001,
        0.014907649385000001,
        0.013991177385000001,
        0.014870846385,
        0.014744136385,
        0.013948773385,
        0.015153268385,
        0.014900048385000001,
        0.015527998385,
        0.015322082385,
        0.015500495385000002,
        0.015250476385000001,
        0.014223995385,
        0.014523319385,
        0.015362084385,
        0.015446290385,
        0.016001534385000002,
        0.015611304385000002,
        0.015254076385,
        0.014953552385,
        0.013654150385000001,
        0.014174091385,
        0.015294179385,
        0.014479014385,
        0.016238653385000003,
        0.015338082385000002,
        0.014432811385000001,
        0.016046637385000003,
        0.014803140385,
        0.014831442385,
        0.015726412385000003,
        0.014929350385000002,
        0.014374906385,
        0.014241896385000001,
        0.013608646385000001,
        0.013974475385,
        0.014647428385000001,
        0.014585522385,
        0.015384085385000001,
        0.013419931385,
        0.013894169385,
        0.013931872385,
        0.014887747385,
        0.014178591385000001,
        0.014447812385000001,
        0.015283877385,
        0.013765658385,
        0.013672551385,
        0.013121308385,
        0.014750336385,
        0.014684830385,
        0.015565199385,
        0.014325202385000001,
        0.013911270385,
        0.015184770384999999,
        0.014084684385,
        0.014502517385,
        0.013789960385000001,
        0.014262197385000001,
        0.015672109385000004,
        0.014867145385,
        0.016343861385000002,
        0.014121486385000001,
        0.013607746385000001,
        0.013483736385,
        0.014730534385,
        0.014223095385,
        0.014431811385000002,
        0.015021257385000002,
        0.015340283385000002,
        0.014435111385000001,
        0.016568878385000003,
        0.015269176385000001,
        0.015997533385000002,
        0.015418288385000001,
        0.016299257385,
        0.015488893385000002,
        0.014763837385,
        0.014465813385000002,
        0.014870944385000001,
        0.014481414385,
        0.014278598385,
        0.015563799385000002,
        0.014064081385000001,
        0.012919292385000001,
        0.014462513385,
        0.014918948385,
        0.014632826385,
        0.013645148385,
        0.015501094385000002,
        0.015334781385000001
      ]
    },
    {
      "command": "node ./testing/console.js",
      "mean": 0.03751393693499999,
      "stddev": 0.002330601351314462,
      "median": 0.037500015885,
      "user": 0.03263024500000001,
      "system": 0.005567196649999997,
      "min": 0.033285087385,
      "max": 0.043678803385,