{
  "results": [
    {
      "command": "./elsa run ./testing/console.js",
      "mean": 0.00883632854,
      "stddev": 0.00044782979176049697,
      "median": 0.008733749090000001,
      "user": 0.0060672626,
      "system": 0.0035455122,
      "min": 0.007938722090000001,
      "max": 0.00989728909,
      "times": [
        0.00853264309,
        0.008843253090000001,
        0.008288434090000001,
        0.009075261090000002,
        0.008451240090000001,
        0.00864364609,
        0.00859994509,
        0.00881395209,
        0.009112262090000002,
        0.00854924309,
        0.008527242090000001,
        0.008532742090000002,
        0.00823303209,
        0.00978138509,
        0.008659147090000001,
        0.00845404009,
        0.008501341090000001,
        0.009382671090000001,
        0.008548443090000002,
        0.00848074109,
        0.009599878090000001,
        0.008503941090000001,
        0.008181030090000001,
        0.008559643090000001,
        0.008409638090000001,
        0.007938722090000001,
        0.00841993909,
        0.008833253090000001,
        0.00845553909,
        0.008062226090000001,
        0.00821203109,
        0.009158363090000001,
        0.008656547090000001,
        0.00861654509,
        0.00800172409,
        0.008503641090000002,
        0.00843483909,
        0.008193830090000001,
        0.00822873109,
        0.00910006109,
        0.00883085209,
        0.008805651090000002,
        0.009423373090000001,
        0.008799851090000001,
        0.00989728909,
        0.008732249090000001,
        0.00867744709,
        0.009296168090000001,
        0.00867074609,
        0.009162463090000001,
        0.009150964090000002,
        0.008881454090000001,
        0.00926826709,
        0.00945207409,
        0.00909146109,
        0.009307568090000001,
        0.00886065309,
        0.008735249090000001,
        0.009057360090000001,
        0.00982598609,
        0.009585077090000001,
        0.008651646090000001,
        0.00915156309,
        0.00896535709,
        0.008708648090000002,
        0.009323469090000001,
        0.00912926309,
        0.008973657090000002,
        0.009415272090000001,
        0.00885715309,
        0.008421338090000001,
        0.00845313909,
        0.008707548090000001,
        0.008629146090000001,
        0.00834393609,
        0.008606445090000001,
        0.00843053809,
        0.00870224709,
        0.009696581090000001,
        0.009138362090000001,
        0.00850544209,
        0.00848314009,
        0.00971738309,
        0.009520876090000002,
        0.009023459090000002,
        0.00901575909,
        0.00892355509,
        0.00932356909,
        0.00974338309,
        0.00875835009,
        0.008401438090000001,
        0.00897175709,
        0.00871124809,
        0.00865294609,
        0.00965828009,
        0.008866853090000001,
        0.008591944090000001,
        0.009519275090000001,
        0.008982157090000002,
        0.00836373709
      ]
    },
    {
      "command": "deno run ./testing/console.js",
      "mean": 0.0174476167,
      "stddev": 0.000755876547468251,
      "median": 0.017186986090000002,
      "user": 0.01313696,
      "system": 0.00432208565,
      "min": 0.016637016089999998,
      "max": 0.01960411809,
      "times": [
        0.018200870089999998,
        0.01685522509,
        0.01683212409,
        0.01729124009,
        0.017306140089999998,
        0.01958441809,
        0.01714973509,
        0.01698352909,
        0.01718703609,
        0.01731404109,
        0.01905209909,
        0.01912250209,
        0.019318008089999998,
        0.01920930409,
        0.01938191009,
        0.01960411809,
        0.01809816709,
        0.01690742609,
        0.01666241909,
        0.01691612709,
        0.01742444409,
        0.01741994409,
        0.01765055209,
        0.01774975509,
        0.01923450509,
        0.01901629809,
        0.01731684009,
        0.01761325009,
        0.01712133309,
        0.01706073209,
        0.01716583509,
        0.01699552909,
        0.01709883309,
        0.01720153609,
        0.01706193109,
        0.01791876109,
        0.01693442809,
        0.01711593309,
        0.01686202509,
        0.018218271089999998,
        0.01735334209,
        0.01733214109,
        0.01752604709,
        0.01707323209,
        0.01718693609,
        0.01705383109,
        0.01728253909,
        0.01746624509,
        0.016981129089999998,
        0.01685102509,
        0.01675922109,
        0.01666111809,
        0.01849818109,
        0.01672962009,
        0.01667561809,
        0.01699022909,
        0.017434344089999998,
        0.01715133409,
        0.017376642089999998,
        0.01741774409,
        0.017625351089999998,
        0.01719753609,
        0.01703543009,
        0.01705183209,
        0.01710083309,
        0.01836847609,
        0.01782005809,
        0.01725883809,
        0.01689182609,
        0.01707613109,
        0.01876078909,
        0.01904669909,
        0.01903759809,
        0.01724693809,
        0.017093032089999998,
        0.01691232709,
        0.01685842509,
        0.01722263709,
        0.01729294009,
        0.01822367109,
        0.01711913309,
        0.01707773109,
        0.01718583509,
        0.01719063609,
        0.017034230089999998,
        0.01723143709,
        0.01726933809,
        0.01763745109,
        0.016836124089999998,
        0.01706323109,
        0.01672831909,
        0.016637016089999998,
        0.01771225309,
        0.01718343509,
        0.01670271909,
        0.01673152009,
        0.01671912009,
        0.01697812809,
        0.01667611909,
        0.01696882809
      ]
    },
    {
      "command": "node ./testing/console.js",
      "mean": 0.04209074871000002,
      "stddev": 0.001570614248118501,
      "median": 0.041544859090000004,
      "user": 0.03588732000000001,
      "system": 0.006998846349999997,
      "min": 0.039875004090000006,
      "max": 0.04627191909,