{
  "results": [
    {
      "command": "./elsa run ./testing/console.js",
      "mean": 0.007791470825,
      "stddev": 0.0007901622679982968,
      "median": 0.0077554496850000005,
      "user": 0.005311934000000001,
      "system": 0.0033822008,
      "min": 0.006224971185000001,
      "max": 0.011076359185,
      "times": [
        0.007425993185000001,
        0.007426693185,
        0.008344610185,
        0.0072699911850000005,
        0.007909302185,
        0.007462695185000001,
        0.007295291185000001,
        0.008072905185,
        0.008015104185,
        0.008665315185,
        0.008285309184999999,
        0.008900520185,
        0.008564214185,
        0.007824001185,
        0.008790318185,
        0.007865702185,
        0.008494013185,
        0.008262508185,
        0.008206208185,
        0.008955421185,
        0.011076359185,
        0.008786518185,
        0.008149306185,
        0.008552814185,
        0.010056841185,
        0.008407911185,
        0.008088706184999999,
        0.008232208185,
        0.008150006185,
        0.008762218185,
        0.007523495185,
        0.0075825971850000005,
        0.008141206185,
        0.007379793185,
        0.008658316184999999,
        0.007976103185,
        0.008545314185,
        0.0070357871850000005,
        0.007917702185,
        0.007328292185000001,
        0.007953003185,
        0.007064187185,
        0.007672498185,
        0.007122088185000001,
        0.007503295185000001,
        0.007334192185,
        0.0070130861850000005,
        0.008117506185,
        0.009141524185,
        0.009204026185,
        0.007710798185,
        0.007524196185000001,
        0.009132324185,
        0.0076082971850000005,
        0.007241290185,
        0.007927803185,
        0.007363193185000001,
        0.006633179185,
        0.007930903185,
        0.007732399185,
        0.007181189185,
        0.007325392185000001,
        0.007778500185000001,
        0.006962685185,
        0.007431894185,
        0.006965185185,
        0.008908720185,
        0.007415392185,
        0.007811399185000001,
        0.007428492185000001,
        0.0069141831850000005,
        0.007844099185,
        0.006673478185000001,
        0.007825000185,
        0.006880282185,
        0.007365091185000001,
        0.006522176185000001,
        0.009221524185,
        0.008055004184999999,
        0.007920801185,
        0.008448510184999999,
        0.007846200184999999,
        0.008584412185,
        0.007541195185000001,
        0.007844199185,
        0.006995985185,
        0.007072186185,
        0.006913583185000001,
        0.007312290185,
        0.006764780185,
        0.007199388185,
        0.006695479185,
        0.007575495185,
        0.006893082185000001,
        0.007096286185000001,
        0.006224971185000001,
        0.007046085185000001,
        0.006664279185,
        0.007867700185,
        0.006813081185
      ]
    },
    {
      "command": "deno run ./testing/console.js",
      "mean": 0.016654223325,
      "stddev": 0.0018942507701183602,
      "median": 0.016709202685,
      "user": 0.013050339999999995,
      "system": 0.003688670799999998,
      "min": 0.013904602185,
      "max": 0.023129466185,
      "times": [
        0.018080778185,
        0.016714354185,
        0.015031624184999998,
        0.014812221184999998,
        0.015446231185,
        0.020170615185,
        0.023129466185,
        0.017182662185,
        0.015201627185,
        0.015886039185,
        0.014725319185,
        0.014909022184999999,
        0.016913957185,
        0.017765272185,
        0.014709719185,
        0.018324082185,
        0.017598469185,
        0.017236863185,
        0.019154496185,
        0.018226681185,
        0.018708488185,
        0.015386331185000001,
        0.017282764185,
        0.016726354185,
        0.020430119185,
        0.020467019185,
        0.018466085185,
        0.018480185185,
        0.018461084185,
        0.018566187185,
        0.018075977185,
        0.017231063185,
        0.016543551185,
        0.015578734185000002,
        0.017648170185,
        0.018565087185,
        0.018144378185,
        0.014921322184999999,
        0.014473614185,
        0.016012242185,
        0.018327182185,
        0.017722471185,
        0.017175662185,
        0.020121114185,
        0.014781320185,
        0.016625552185,
        0.017953172185,
        0.014427911185,
        0.015760034185,
        0.017377162185,
        0.018723186185,
        0.018242877185,
        0.018512682185,
        0.020626419185,
        0.017708468185,
        0.018346279185,
        0.015617132185,
        0.018900789185,
        0.016125240185,
        0.018620983185,
        0.016144040185,
        0.018217777185,
        0.015240225185000001,
        0.018218877185,
        0.016704051185,
        0.014422311185,
        0.014703116185,
        0.015937437185,
        0.017200660185,
        0.014773817185,
        0.015003421185,
        0.014105305185,
        0.017999973185,
        0.016239342185000002,
        0.017727269185000002,
        0.014505612185,
        0.018001073185,
        0.014674215185,
        0.018578884185000002,
        0.016714450185,
        0.015433929185,
        0.015409428185,
        0.017583666185,
        0.014423711185,
        0.014019504185,
        0.014022304185,
        0.014146006185,
        0.013904602185,
        0.014975121184999999,
        0.015003921185000001,
        0.014546313185,
        0.014571314185,
        0.016940255185,
        0.014812817185,
        0.014085205185,
        0.015228925184999999,
        0.013951403185,
        0.014309809185,
        0.015285026185000002,
        0.014573314185
      ]
    },
    {
      "command": "node ./testing/console.js",
      "mean": 0.041843666885000005,
      "stddev": 0.0039655956903503955,
      "median": 0.041302700185000006,
      "user": 0.036750050000000006,
      "system": 0.005825810599999998,
      "min": 0.035695153185,
      "max": 0.055182369185,