{
  "results": [
    {
      "command": "./elsa run ./testing/console.js",
      "mean": 0.008631224555,
      "stddev": 0.002155462940240613,
      "median": 0.008218357195000001,
      "user": 0.00584181825,
      "system": 0.003349329,
      "min": 0.007157438695000001,
      "max": 0.025559276695,
      "times": [
        0.007604448695,
        0.007801452695000001,
        0.008536165695,
        0.008359062695,
        0.008333761695,
        0.007449545695,
        0.007709949695000001,
        0.007620748695,
        0.007707850695000001,
        0.007512146695000001,
        0.009049175695000002,
        0.017418632695000002,
        0.011002310695000002,
        0.011110410695000001,
        0.007327841695,
        0.007315840695000001,
        0.007699748695000001,
        0.007353141695000001,
        0.007594945695000001,
        0.0075677446950000015,
        0.007475843695000001,
        0.009629183695000001,
        0.007522844695000001,
        0.007488144695000001,
        0.007405242695000001,
        0.007863650695,
        0.009403079695,
        0.007754949695000001,
        0.007572245695,
        0.007375641695000001,
        0.007429443695000001,
        0.010609901695000002,
        0.009450079695,
        0.008379960695,
        0.008059854695,
        0.008111255695000002,
        0.008550863695,
        0.007264839695000001,
        0.007157938695000001,
        0.007490243695000001,
        0.007383842695,
        0.007157438695000001,
        0.012201730695000001,
        0.009080373695000001,
        0.0077159486950000005,
        0.008176256695,
        0.007944952695,
        0.008333759695000002,
        0.007945952695000001,
        0.009279577695000001,
        0.008684365695000001,
        0.008526963695,
        0.008639565695,
        0.009836487695000002,
        0.008698265695,
        0.008602164695000001,
        0.008935870695,
        0.008775667695000001,
        0.009026772695000001,
        0.008530063695000001,
        0.008064354695000001,
        0.008554563695000001,
        0.009478880695,
        0.009665483695000001,
        0.008429161695000001,
        0.008399860695,
        0.008279458695,
        0.008789967695000001,
        0.009450280695,
        0.008301158695000001,
        0.008525262695,
        0.007979653695,
        0.008149956695,
        0.007930751695,
        0.007941452695,
        0.009449580695000001,
        0.009009472695000001,
        0.008921570695,
        0.007628046695000001,
        0.008232057695000001,
        0.008913070695,
        0.007899251695000001,
        0.008045654695000001,
        0.008093155695000001,
        0.009049572695,
        0.008764267695000001,
        0.007371341695,
        0.008355360695000001,
        0.008537963695000001,
        0.025559276695,
        0.008400461695000002,
        0.008204656695000001,
        0.011675920695000001,
        0.009132274695000001,
        0.007494544695000001,
        0.007970552695,
        0.007988553695000001,
        0.007737348695,
        0.007785049695000001,
        0.007417042695000001
      ]
    },
    {
      "command": "deno run ./testing/console.js",
      "mean": 0.01646986311500001,
      "stddev": 0.0010335183174698752,
      "median": 0.016260596195,
      "user": 0.012948794999999999,
      "system": 0.003577688,
      "min": 0.015106675695000002,
      "max": 0.018648339695000002,
      "times": [
        0.017560224695,
        0.018451840695000003,
        0.017505923695,
        0.018265237695000002,
        0.017728227695,
        0.017110816695000003,
        0.017206718695,
        0.018338038695000003,
        0.015476886695,
        0.016160099695000003,
        0.015928695695,
        0.015447185695,
        0.016581907695000002,
        0.015444685695000002,
        0.015916395695000002,
        0.016260400695,
        0.015245582695000003,
        0.015742689695000003,
        0.015678886695,
        0.015449781695000001,
        0.015205777695000002,
        0.015566884695000002,
        0.017929626695000003,
        0.015791887695000003,
        0.016533100695,
        0.015648885695,
        0.016313896695,
        0.016519400695000002,
        0.017510118695,
        0.017933325695000002,
        0.018141930695000003,
        0.017977627695,
        0.018289132695,
        0.017357116695,
        0.017203113695,
        0.017522418695,
        0.018640039695000003,
        0.017154812695,
        0.018319933695000002,
        0.017231713695,
        0.017264814695000002,
        0.018476936695,
        0.017722022695000002,
        0.018327533695000002,
        0.017108711695,
        0.017111811695000003,
        0.016453600695,
        0.016955308695,
        0.018110229695,
        0.018648339695000002,
        0.017183613695000002,
        0.016009291695,
        0.017263614695000002,
        0.015321679695,
        0.015415780695000002,
        0.016315597695,
        0.015473282695,
        0.016755805695,
        0.015186977695000003,
        0.015580784695000002,
        0.016117393695000003,
        0.015697186695,
        0.015249278695,
        0.015432481695,
        0.016864206695,
        0.015880890695,
        0.015227577695000001,
        0.016302897695000002,
        0.015106675695000002,
        0.015974591695000002,
        0.016441699695000003,
        0.015396380695,
        0.015724187695000003,
        0.016325397695,
        0.015597484695,
        0.016056488695000003,
        0.015353476695,
        0.015309475695000001,
        0.015353675695000003,
        0.016693699695,
        0.016260791695000002,
        0.016368393695,
        0.015992687695,
        0.015599680695,
        0.016064288695,
        0.016592698695,
        0.015614880695,
        0.015982387695000003,
        0.016402194695,
        0.015398377695,
        0.016142689695,
        0.015314175695000001,
        0.015282475695000002,
        0.015293674695000002,
        0.017027406695,
        0.015285274695,
        0.015351976695000002,
        0.018203626695000003,
        0.016047888695,
        0.015678881695
      ]
    },
    {
      "command": "node ./testing/console.js",
      "mean": 0.04456808445500002,
      "stddev": 0.0037448296568863802,
      "median": 0.043346728695,
      "user": 0.039465964999999985,
      "system": 0.005886857,
      "min": 0.039224868695000005,
      "max": 0.058949588695000006,