{
  "results": [
    {
      "command": "./elsa run ./testing/console.js",
      "mean": 0.0076162608,
      "stddev": 0.0008271271242205137,
      "median": 0.00750082422,
      "user": 0.0052926931999999986,
      "system": 0.003263815500000001,
      "min": 0.0062742762200000005,
      "max": 0.01099867122,
      "times": [
        0.00902827322,
        0.00796207422,
        0.00812617422,
        0.00768397522,
        0.0075056742199999995,
        0.00703237522,
        0.00703817622,
        0.00756867422,
        0.00682037622,
        0.007147875220000001,
        0.00751227422,
        0.00769567522,
        0.0068798752200000006,
        0.007103675219999999,
        0.0066567762200000005,
        0.00811907422,
        0.00713037522,
        0.00746427522,
        0.00810097422,
        0.0065921752200000005,
        0.008497374220000001,
        0.00840227422,
        0.00912177322,
        0.00750837522,
        0.00682267522,
        0.0073212752199999995,
        0.00757477422,
        0.007776975220000001,
        0.00973537222,
        0.00824427422,
        0.00824427422,
        0.00903507322,
        0.00788927522,
        0.00841387322,
        0.008147174220000001,
        0.007549175220000001,
        0.00768807522,
        0.00656707522,
        0.00740617522,
        0.00654677622,
        0.00721227522,
        0.00722447522,
        0.00685247522,
        0.00644977622,
        0.00751107422,
        0.00718507522,
        0.00746897522,
        0.00676827622,
        0.007523874220000001,
        0.008864274220000001,
        0.00749597422,
        0.00817337422,
        0.00725167522,
        0.00697127522,
        0.0072251752199999995,
        0.00757507522,
        0.00761037522,
        0.00696667522,
        0.00681047522,
        0.0066570762200000005,
        0.00828527422,
        0.007709074220000001,
        0.00687957622,
        0.00671477522,
        0.007626875220000001,
        0.00717917522,
        0.00813527422,
        0.00741217422,
        0.00815537522,
        0.00732817522,
        0.007186075220000001,
        0.0071179752199999995,
        0.006602576220000001,
        0.00689977522,
        0.0062742762200000005,
        0.00702697522,
        0.00645327622,
        0.007739375220000001,
        0.007288575220000001,
        0.0069651752200000005,
        0.00661497522,
        0.007261475220000001,
        0.00684727622,
        0.00840117422,
        0.00737157422,
        0.0076574752199999995,
        0.00743717522,
        0.00725457522,
        0.00645127522,
        0.009236173220000001,
        0.00945597322,
        0.01099867122,
        0.00849397422,
        0.008574273220000001,
        0.009037174220000001,
        0.008792473220000001,
        0.008464074220000001,
        0.00825167422,
        0.00791807422,
        0.00866817322
      ]
    },
    {
      "command": "deno run ./testing/console.js",
      "mean": 0.015309159029999998,
      "stddev": 0.0013933579925181447,
      "median": 0.01501606722,
      "user": 0.011702875000000003,
      "system": 0.0036355331499999992,
      "min": 0.01327616922,
      "max": 0.01978796222,
      "times": [
        0.01382996822,
        0.01412766822,
        0.013845068220000001,
        0.01845406422,
        0.01704206522,
        0.01538486722,
        0.01522556722,
        0.01573626622,
        0.01691736522,
        0.017185265220000003,
        0.01664996622,
        0.016091566220000002,
        0.01607606622,
        0.015771466220000002,
        0.015231067220000002,
        0.014611867220000001,
        0.01492506822,
        0.01581146622,
        0.014172468220000001,
        0.01424516822,
        0.014083168220000001,
        0.013861468220000001,
        0.01458396822,
        0.014091268220000001,
        0.01387846822,
        0.01384556822,
        0.01387146822,
        0.01403316922,
        0.014495367220000001,
        0.01469046822,
        0.01410956822,
        0.01423196822,
        0.014091568220000001,
        0.014766667220000002,
        0.01528816722,
        0.014808167220000001,
        0.014279968220000001,
        0.01621246622,
        0.01505436722,
        0.01668006522,
        0.01453156822,
        0.01754216422,
        0.014656568220000001,
        0.01651526622,
        0.014476667220000001,
        0.01407596822,
        0.01377796922,
        0.01370206822,
        0.013493869220000001,
        0.01398476822,
        0.01422456822,
        0.01349436822,
        0.01345016922,
        0.01327616922,
        0.014359168220000001,
        0.013535968220000002,
        0.013534769220000001,
        0.01383726822,
        0.01371016922,
        0.01412966822,
        0.01451886722,
        0.015538267220000002,
        0.01388756822,
        0.01416306822,
        0.01367776822,
        0.01611076622,
        0.014643968220000001,
        0.014798867220000001,
        0.015120767220000001,
        0.01568686722,
        0.01864526322,
        0.01702626522,
        0.01718686522,
        0.01768796522,
        0.01650856522,
        0.01897556322,
        0.01662776622,
        0.01573856622,
        0.016214366220000002,
        0.01978796222,
        0.01670186622,
        0.01622146622,
        0.01618076622,
        0.01570176622,
        0.01665536522,
        0.015587967220000002,
        0.01662696522,
        0.01516936722,
        0.01464576822,
        0.014944767220000002,
        0.01604466622,
        0.01647626622,
        0.01657626522,
        0.01667826622,
        0.01497776722,
        0.016465065220000002,
        0.01620876622,
        0.01796186522,
        0.01623406522,
        0.015710067220000002
      ]
    },
    {
      "command": "node ./testing/console.js",
      "mean": 0.041511192620000005,
      "stddev": 0.0035605040487204686,
      "median": 0.041408791220000005,
      "user": 0.034963154999999996,
      "system": 0.007269550849999997,
      "min": 0.03473974822,
      "max": 0.05924262322,