{
  "results": [
    {
      "command": "./elsa run ./testing/console.js",
      "mean": 0.008190181349999999,
      "stddev": 0.0008270800316589684,
      "median": 0.00806441515,
      "user": 0.004246567200000001,
      "system": 0.004711791999999999,
      "min": 0.006176006650000001,
      "max": 0.011835482650000001,
      "times": [
        0.006948430650000001,
        0.0068003266500000015,
        0.007323142650000001,
        0.006176006650000001,
        0.0073433436500000004,
        0.007193838650000001,
        0.007715454650000002,
        0.008162569650000001,
        0.00850127965,
        0.00831867365,
        0.008056365650000001,
        0.008231470650000001,
        0.008049965650000001,
        0.009225202650000002,
        0.008385775650000002,
        0.01122806565,
        0.008312073650000001,
        0.00793006165,
        0.008027964650000002,
        0.008576081650000001,
        0.00817466965,
        0.008132367650000001,
        0.008497979650000001,
        0.007894060650000001,
        0.008463278650000001,
        0.007743555650000001,
        0.007796556650000001,
        0.00780715765,
        0.008127167650000001,
        0.0076346526500000005,
        0.00831777365,
        0.00797746365,
        0.008086866650000002,
        0.00773225565,
        0.007960662650000002,
        0.009048195650000002,
        0.00812266665,
        0.00716483765,
        0.006982231650000002,
        0.007110134650000001,
        0.008930991650000001,
        0.007812256650000002,
        0.0073500436500000006,
        0.0074957476500000005,
        0.010428538650000001,
        0.00884748865,
        0.00873268565,
        0.00792606065,
        0.007250839650000002,
        0.009436008650000001,
        0.008927591650000002,
        0.007565049650000001,
        0.007752755650000002,
        0.007501647650000002,
        0.00785175865,
        0.008053865650000002,
        0.007227738650000001,
        0.007294941650000001,
        0.007809057650000001,
        0.007542348650000001,
        0.00791696065,
        0.007593949650000001,
        0.008508778650000002,
        0.00899999465,
        0.008705285650000002,
        0.008534179650000001,
        0.00802596365,
        0.00809036565,
        0.008289372650000001,
        0.00811566665,
        0.00988582265,
        0.009275502650000001,
        0.00805826465,
        0.008485478650000001,
        0.008098566650000001,
        0.00840667565,
        0.00785755865,
        0.008286972650000002,
        0.007982162650000001,
        0.00808006565,
        0.008756386650000001,
        0.007896459650000002,
        0.008033664650000001,
        0.007918960650000001,
        0.008532780650000002,
        0.009512910650000001,
        0.008505878650000001,
        0.011835482650000001,
        0.01010572965,
        0.007968061650000002,
        0.008238070650000002,
        0.007820757650000001,
        0.007739455650000001,
        0.00795366165,
        0.00795396165,
        0.008997893650000002,
        0.008305172650000001,
        0.008070565650000002,
        0.00857358065,
        0.00808306565
      ]
    },
    {
      "command": "deno run ./testing/console.js",
      "mean": 0.01833086373,
      "stddev": 0.0020689997454377976,
      "median": 0.01791062065,
      "user": 0.01367414,
      "system": 0.004708492,
      "min": 0.01710164465,
      "max": 0.032863535650000004,
      "times": [
        0.01885570165,
        0.01769336565,
        0.01835098565,
        0.01865179565,
        0.02259421765,
        0.018251382650000002,
        0.01781686865,
        0.01821178065,
        0.01811177865,
        0.01738395565,
        0.01789067165,
        0.01752495965,
        0.01721884965,
        0.01805007565,
        0.01720964965,
        0.01754476065,
        0.01801907565,
        0.01794417365,
        0.01826448265,
        0.01753535965,
        0.017926272650000002,
        0.018004374650000002,
        0.01768416465,
        0.01765676365,
        0.01807437565,
        0.01727555065,
        0.01782566765,
        0.01755495965,
        0.01765066265,
        0.01786736965,
        0.01877949765,
        0.01817497865,
        0.01894390265,
        0.01791567065,
        0.01830128265,
        0.01860329165,
        0.01797117265,
        0.01874849665,
        0.01731525265,
        0.01815597865,
        0.01796477265,
        0.01769006365,
        0.01786006965,
        0.01759006065,
        0.01770786365,
        0.01826558165,
        0.01795427165,
        0.01807537565,
        0.01776496665,
        0.01790987065,
        0.01770306465,
        0.01776916665,
        0.01847738865,
        0.01744515565,
        0.01744305565,
        0.017802867650000002,
        0.02862000465,
        0.02139567965,
        0.01981132965,
        0.01776776565,
        0.032863535650000004,
        0.01768966365,
        0.01805007465,
        0.01787456965,
        0.01793327165,
        0.01760856165,
        0.01726855065,
        0.01737205365,
        0.01791137065,
        0.01837348565,
        0.01787796965,
        0.01747425765,
        0.01766516265,
        0.01801607365,
        0.01753015865,
        0.01796867165,
        0.01821767865,
        0.01781656565,
        0.01822587865,
        0.01745185465,
        0.01743365465,
        0.01793226965,
        0.01721454765,
        0.02294672665,
        0.01818757765,
        0.01823727965,
        0.01795527065,
        0.02278802065,
        0.01889500065,
        0.01811257565,
        0.01857469065,
        0.01715404665,
        0.01742565465,
        0.01761716065,
        0.01724864865,
        0.01731065165,
        0.01811967565,
        0.01746815565,
        0.01710164465,
        0.01760175965
      ]
    },
    {
      "command": "node ./testing/console.js",
      "mean": 0.04676403334,
      "stddev": 0.0029808199742226097,
      "median": 0.04634543715,
      "user": 0.03974029,
      "system": 0.007908192000000003,
      "min": 0.04274142465,
      "max": 0.05859482265,