{
  "results": [
    {
      "command": "./elsa run ./testing/console.js",
      "mean": 0.0064228780899999996,
      "stddev": 0.0007527715342649431,
      "median": 0.00636777495,
      "user": 0.00364602195,
      "system": 0.0036083574999999997,
      "min": 0.00536388195,
      "max": 0.00946585495,
      "times": [
        0.00621922095,
        0.00699205395,
        0.006469030950000001,
        0.006449530950000001,
        0.006511232950000001,
        0.00723176295,
        0.00836051095,
        0.00607431395,
        0.00756927795,
        0.0063571259500000005,
        0.00576660195,
        0.005816603950000001,
        0.006416428950000001,
        0.0056209949499999995,
        0.005591093950000001,
        0.00572739895,
        0.00559209395,
        0.00590530695,
        0.00585400495,
        0.00616941595,
        0.00592200595,
        0.006388424950000001,
        0.006573732950000001,
        0.00667653795,
        0.007036851950000001,
        0.006457228950000001,
        0.00829360495,
        0.006480328950000001,
        0.006166714950000001,
        0.00547938695,
        0.006279619950000001,
        0.005765298950000001,
        0.0073077629499999994,
        0.00536388195,
        0.0058722029500000005,
        0.006491728950000001,
        0.005513788950000001,
        0.006252218950000001,
        0.00602670995,
        0.00640772595,
        0.00548718695,
        0.007599675950000001,
        0.00598020795,
        0.00596940795,
        0.005670994950000001,
        0.006529230950000001,
        0.005710895950000001,
        0.006264719950000001,
        0.00682644395,
        0.006397025950000001,
        0.00574299795,
        0.006355223950000001,
        0.006033009950000001,
        0.00679934295,
        0.00657473295,
        0.006412126950000001,
        0.006263819950000001,
        0.00652823095,
        0.00586150295,
        0.00635592395,
        0.00652033095,
        0.00652613095,
        0.0058276019500000005,
        0.006725138950000001,
        0.00550638795,
        0.005536888950000001,
        0.006701738950000001,
        0.00674013995,
        0.00580910095,
        0.00649672995,
        0.00591640595,
        0.0063813249499999995,
        0.0060407099500000005,
        0.00637842395,
        0.006684037950000001,
        0.006815642950000001,
        0.00750667195,
        0.00664143595,
        0.00865642095,
        0.00704595295,
        0.006825743950000001,
        0.0076578789500000004,
        0.00946585495,
        0.00882592795,
        0.006774840950000001,
        0.00590390495,
        0.00638092495,
        0.00733546495,
        0.006047109950000001,
        0.00643382795,
        0.00599540795,
        0.005775798950000001,
        0.007273662950000001,
        0.005776398950000001,
        0.00717775895,
        0.00590070495,
        0.0056613939499999995,
        0.006206417950000001,
        0.00568949595,
        0.005909604950000001
      ]
    },
    {
      "command": "deno run ./testing/console.js",
      "mean": 0.015761957430000004,
      "stddev": 0.0017846496798931775,
      "median": 0.01509288395,
      "user": 0.012352675000000002,
      "system": 0.0034886843000000015,
      "min": 0.01354801695,
      "max": 0.01968387795,
      "times": [
        0.01431305395,
        0.01374112995,
        0.01968387795,
        0.017871102950000002,
        0.01791560495,
        0.015326895949999999,
        0.014631266950000001,
        0.01463386795,
        0.01495477995,
        0.013864334950000001,
        0.01370392795,
        0.014749071950000001,
        0.013991839950000001,
        0.01400004095,
        0.015244792949999999,
        0.01420464895,
        0.01448936195,
        0.01389333595,
        0.01569601195,
        0.015207790950000001,
        0.015163389950000002,
        0.01512768795,
        0.01431375395,
        0.01456676395,
        0.01505328395,
        0.014137046950000001,
        0.01593502195,
        0.01943836795,
        0.017724396950000002,
        0.01833252195,
        0.01798660695,
        0.01734578095,
        0.01865133495,
        0.01847562695,
        0.019280360950000002,
        0.01888964495,
        0.01779229895,
        0.01902244595,
        0.01751568095,
        0.01815370795,
        0.01948906295,
        0.01766598695,
        0.01861842695,
        0.017869395950000002,
        0.01752668095,
        0.018302413950000002,
        0.018047502950000002,
        0.018262311950000002,
        0.018929438950000002,
        0.01478406795,
        0.01576190895,
        0.015300888950000001,
        0.01555029895,
        0.013855528950000001,
        0.014811868950000001,
        0.01408733895,
        0.013669320950000001,
        0.01505807995,
        0.01439325095,
        0.01422214495,
        0.01451865695,
        0.01740907695,
        0.01381342695,
        0.01482846895,
        0.01619312695,
        0.01607472095,
        0.01738817595,
        0.01408473895,
        0.01390103095,
        0.014791768949999999,
        0.01378882595,
        0.01354801695,
        0.01385472895,
        0.014861370950000001,
        0.01632743095,
        0.01557359995,
        0.018121906950000002,
        0.01474166595,
        0.014763966950000002,
        0.01625032895,
        0.01841971795,
        0.01450735595,
        0.01482386895,
        0.01386592895,
        0.014256644950000001,
        0.015366491950000002,
        0.014237644950000001,
        0.01757708395,
        0.01583711095,
        0.01463296195,
        0.01426074595,
        0.013994034950000001,
        0.01502217695,
        0.01583641195,
        0.014725764950000001,
        0.015154082950000002,
        0.01391483195,
        0.01427684595,
        0.01531188395,
        0.01411073395
      ]
    },
    {
      "command": "node ./testing/console.js",
      "mean": 0.04342632531000001,
      "stddev": 0.005013395080044774,
      "median": 0.04233663495000001,
      "user": 0.03822548499999998,
      "system": 0.006246507100000001,
      "min": 0.03590530395,
      "max": 0.057399731950000005,