{
  "results": [
    {
      "command": "./elsa run ./testing/console.js",
      "mean": 0.006435791930000001,
      "stddev": 0.00034749004644038566,
      "median": 0.006383967630000001,
      "user": 0.0039146907,
      "system": 0.003269155900000001,
      "min": 0.005819922630000001,
      "max": 0.007667806630000001,
      "times": [
        0.006702014630000001,
        0.006209318630000001,
        0.006449817630000001,
        0.006171719630000001,
        0.006496516630000001,
        0.006468216630000001,
        0.006112519630000001,
        0.006643814630000001,
        0.006823313630000001,
        0.006435416630000001,
        0.006209918630000001,
        0.006170719630000001,
        0.006444916630000001,
        0.006645914630000001,
        0.006274018630000001,
        0.006149318630000001,
        0.00591342163,
        0.0069193126300000005,
        0.0064182176300000005,
        0.007235009630000001,
        0.006475915630000001,
        0.006812213630000001,
        0.006460916630000001,
        0.0065374156300000005,
        0.007129010630000001,
        0.006677914630000001,
        0.006425317630000001,
        0.00632971763,
        0.006918312630000001,
        0.006323217630000001,
        0.0063849176300000005,
        0.006252317630000001,
        0.006484216630000001,
        0.0063681176300000005,
        0.00635381763,
        0.005819922630000001,
        0.006011820630000001,
        0.0062367186300000006,
        0.006207418630000001,
        0.0062961176300000005,
        0.006549115630000001,
        0.006671615630000001,
        0.0063830176300000005,
        0.006306318630000001,
        0.006211619630000001,
        0.006645614630000001,
        0.006276918630000001,
        0.00584112163,
        0.00731460863,
        0.007667806630000001,
        0.006160118630000001,
        0.006174819630000001,
        0.00667991463,
        0.006234518630000001,
        0.006529515630000001,
        0.006699714630000001,
        0.006729214630000001,
        0.006263017630000001,
        0.006156819630000001,
        0.0062541186300000004,
        0.006363717630000001,
        0.006213818630000001,
        0.006186618630000001,
        0.006842613630000001,
        0.007011811630000001,
        0.00716000963,
        0.006796713630000001,
        0.006324018630000001,
        0.006650414630000001,
        0.006444516630000001,
        0.006754313630000001,
        0.006559015630000001,
        0.006068120630000001,
        0.006170618630000001,
        0.006509416630000001,
        0.005987920630000001,
        0.0059772216300000005,
        0.006524816630000001,
        0.0062275186300000005,
        0.006349817630000001,
        0.006048520630000001,
        0.005826721630000001,
        0.006971312630000001,
        0.006564515630000001,
        0.006390716630000001,
        0.00723351063,
        0.00594642163,
        0.006794514630000001,
        0.006122619630000001,
        0.0065287166300000005,
        0.005856321630000001,
        0.006592016630000001,
        0.00637621863,
        0.006044020630000001,
        0.006088919630000001,
        0.006247918630000001,
        0.00674461463,
        0.0062830186300000005,
        0.006535715630000001,
        0.006111520630000001
      ]
    },
    {
      "command": "deno run ./testing/console.js",
      "mean": 0.015909586620000003,
      "stddev": 0.0006476967353538613,
      "median": 0.01576193513,
      "user": 0.01249634,
      "system": 0.003386553800000001,
      "min": 0.01528123963,
      "max": 0.02038879463,
      "times": [
        0.015637534629999998,
        0.015532535630000002,
        0.01584533363,
        0.01567623563,
        0.01595293263,
        0.01619483163,
        0.01773251663,
        0.01577663463,
        0.016596827629999998,
        0.015460637630000001,
        0.01577263463,
        0.01566453563,
        0.01579963463,
        0.01623672963,
        0.01603853263,
        0.01563833563,
        0.01593233263,
        0.01699732363,
        0.01705082363,
        0.01579163463,
        0.01665462663,
        0.01568423563,
        0.01579663463,
        0.01611383163,
        0.01567593563,
        0.01600323263,
        0.01596053263,
        0.01563593563,
        0.01591553363,
        0.01547783663,
        0.01569843563,
        0.01579903363,
        0.015674235629999998,
        0.01540183763,
        0.015379038630000003,
        0.015451837630000001,
        0.015497737630000003,
        0.015292738630000002,
        0.015331738630000003,
        0.015459137630000003,
        0.01588863363,
        0.01662992763,
        0.01633692963,
        0.01580293463,
        0.01578783463,
        0.015566936630000002,
        0.015593435630000001,
        0.01574943463,
        0.016814925629999998,
        0.01578853463,
        0.01578493363,
        0.015430537630000003,
        0.01572753563,
        0.015490536630000001,
        0.01571543463,
        0.01548993763,
        0.015494436630000002,
        0.015553336630000003,
        0.01576753463,
        0.01604573263,
        0.01579333463,
        0.015624835630000002,
        0.01555023763,
        0.015701636629999998,
        0.01568443563,
        0.01572863563,
        0.015904033629999998,
        0.015561037630000002,
        0.015915133629999998,
        0.01610863263,
        0.01601143263,
        0.01605763263,
        0.01586593463,
        0.015668435629999998,
        0.01605713263,
        0.01585863463,
        0.01570803563,
        0.02038879463,
        0.015848434629999998,
        0.01671932663,
        0.01694802463,
        0.01611363263,
        0.01572323563,
        0.01578523463,
        0.01617323163,
        0.015487337630000002,
        0.01635303063,
        0.01575633563,
        0.01575563563,
        0.01790431663,
        0.01570373563,
        0.01564583563,
        0.015339339630000002,
        0.015383138630000003,
        0.015405338630000003,
        0.01567103563,
        0.01528123963,
        0.015554036630000002,
        0.01579903563,
        0.01572803563
      ]
    },
    {
      "command": "node ./testing/console.js",
      "mean": 0.04280496123000001,
      "stddev": 0.001975177500441943,
      "median": 0.042744470130000004,
      "user": 0.038678449999999996,
      "system": 0.0053339066000000004,
      "min": 0.04000016563,
      "max": 0.052692928630000004,