{
  "results": [
    {
      "command": "./elsa run ./testing/console.js",
      "mean": 0.006733403429999996,
      "stddev": 0.0006446964384010354,
      "median": 0.006606783830000001,
      "user": 0.0039332849499999975,
      "system": 0.003626677650000001,
      "min": 0.00583443333,
      "max": 0.009605638330000001,
      "times": [
        0.00644643333,
        0.00678903533,
        0.00587653333,
        0.00605383333,
        0.00663343433,
        0.00583443333,
        0.00805493633,
        0.00688233433,
        0.007276435330000001,
        0.008443836330000001,
        0.0065828343300000005,
        0.00645943433,
        0.00673973433,
        0.00697023433,
        0.007608535330000001,
        0.0072674353300000005,
        0.00675073433,
        0.00720493533,
        0.00662353433,
        0.0061519333300000005,
        0.006230234330000001,
        0.00629013333,
        0.00703033533,
        0.00648783433,
        0.00722793433,
        0.00691623533,
        0.006585734330000001,
        0.00596253333,
        0.00631043333,
        0.00725173533,
        0.008386836330000001,
        0.00720093533,
        0.0071808353299999995,
        0.00608973333,
        0.009605638330000001,
        0.0071669353300000006,
        0.006639634330000001,
        0.006149133330000001,
        0.00622353333,
        0.00653633433,
        0.006718634330000001,
        0.00706423533,
        0.00814143633,
        0.00827903633,
        0.00667823433,
        0.006409734330000001,
        0.00655803433,
        0.006271233330000001,
        0.0064204343300000005,
        0.0059578333300000005,
        0.006994334330000001,
        0.007000635330000001,
        0.00673213433,
        0.00609623333,
        0.00719533533,
        0.00643873433,
        0.007051034330000001,
        0.006568634330000001,
        0.00706193533,
        0.006403533330000001,
        0.00639393433,
        0.00597133333,
        0.00698713433,
        0.006842835330000001,
        0.00628443333,
        0.00675623433,
        0.00616433433,
        0.006576234330000001,
        0.0064069333300000005,
        0.006679334330000001,
        0.0063792343300000005,
        0.006385634330000001,
        0.00604023333,
        0.00638483333,
        0.00592633333,
        0.0067882353300000005,
        0.00765103533,
        0.00725703533,
        0.00788243533,
        0.006382434330000001,
        0.00704693533,
        0.00641023333,
        0.00661753433,
        0.00685693533,
        0.0062033333300000005,
        0.00593133333,
        0.0065536343300000004,
        0.00633513333,
        0.008096236330000001,
        0.0063335343300000005,
        0.00654173433,
        0.00599193333,
        0.00689603433,
        0.006220034330000001,
        0.006819834330000001,
        0.0059610333300000005,
        0.00662523433,
        0.00600683333,
        0.006991935330000001,
        0.006596033330000001
      ]
    },
    {
      "command": "deno run ./testing/console.js",
      "mean": 0.015586405169999994,
      "stddev": 0.0013576785717105265,
      "median": 0.015146995830000001,
      "user": 0.012312925,
      "system": 0.0034068787499999986,
      "min": 0.013978344330000001,
      "max": 0.022437055330000004,
      "times": [
        0.016513947330000004,
        0.015957546330000003,
        0.015071746330000002,
        0.020420952330000002,
        0.022437055330000004,
        0.016511647330000004,
        0.01641214733,
        0.01570424633,
        0.015427745330000001,
        0.01511224633,
        0.01510194533,
        0.015313745330000001,
        0.017354049330000003,
        0.01472224433,
        0.014733645330000001,
        0.014651545330000001,
        0.016649047330000003,
        0.01476894533,
        0.016254346330000002,
        0.01473004533,
        0.015206245330000001,
        0.016217347330000003,
        0.01502484533,
        0.01543764633,
        0.017252448330000003,
        0.01454134433,
        0.01606044733,
        0.015775246330000003,
        0.01562234633,
        0.015197545330000001,
        0.015649646330000003,
        0.01501534533,
        0.01513864633,
        0.014900145330000001,
        0.015004745330000001,
        0.01492324533,
        0.01501834533,
        0.01492314533,
        0.016915547330000003,
        0.014846245330000002,
        0.014458445330000002,
        0.014801544330000001,
        0.01486934533,
        0.01564814633,
        0.018713850330000004,
        0.016700647330000002,
        0.017582448330000004,
        0.018065049330000003,
        0.016693447330000003,
        0.015339446330000001,
        0.015312545330000002,
        0.014425445330000002,
        0.01600744633,
        0.016135047330000003,
        0.016912447330000004,
        0.015137246330000001,
        0.01523564533,
        0.013978344330000001,
        0.01448274433,
        0.014383544330000001,
        0.014295745330000002,
        0.01464124433,
        0.01448904533,
        0.014918045329999999,
        0.01809274933,
        0.015234245330000002,
        0.015198545330000002,
        0.015102046330000002,
        0.015836946330000004,
        0.014639744330000001,
        0.015374246330000002,
        0.01507144533,
        0.01459674533,
        0.016002546330000002,
        0.01541834633,
        0.01437174433,
        0.019089051330000002,
        0.017625048330000004,
        0.01468524533,
        0.01605934633,
        0.014611545330000001,
        0.01480854533,
        0.015441145330000001,
        0.018420650330000003,
        0.01608984633,
        0.014598145330000001,
        0.015155345330000002,
        0.014914245330000001,
        0.015335846330000001,
        0.01470084433,
        0.014904045330000002,
        0.01498094533,
        0.014333145330000002,
        0.01407124333,
        0.01427374533,
        0.01574744633,
        0.01442374433,
        0.01399134433,
        0.014607044330000001,
        0.01508734533
      ]
    },
    {
      "command": "node ./testing/console.js",
      "mean": 0.04286034637000001,
      "stddev": 0.0029127684419417653,
      "median": 0.04304283283,
      "user": 0.037383545000000004,
      "system": 0.006716382699999999,
      "min": 0.03763217533,
      "max": 0.050655793330000004,