{
  "results": [
    {
      "command": "./elsa run ./testing/console.js",
      "mean": 0.010695566445,
      "stddev": 0.0011379471815633083,
      "median": 0.010502298835,
      "user": 0.005961178749999999,
      "system": 0.005653017999999999,
      "min": 0.009161610835,
      "max": 0.018768116835,
      "times": [
        0.010012438835,
        0.010069140835,
        0.009513122835,
        0.010870366835,
        0.009760130835,
        0.010371750835,
        0.009695628835000001,
        0.009399518835,
        0.010698461835,
        0.010380550835,
        0.009613425835,
        0.011975903835000001,
        0.011297080835,
        0.010302948835,
        0.010910168835000001,
        0.010554956835,
        0.011377783835,
        0.010440552835,
        0.011445786835000001,
        0.010848666835000001,
        0.011255979835,
        0.011200577835000001,
        0.010293247835,
        0.010302647835000001,
        0.010465753835000001,
        0.009785431835,
        0.009731829835,
        0.009877534835,
        0.010291048835,
        0.010216445835,
        0.009428319835,
        0.010173644835,
        0.011753696835,
        0.010802464835000001,
        0.010808964835,
        0.010936569835,
        0.009829232835,
        0.010137842835,
        0.010641559835,
        0.009903735835,
        0.010840666835,
        0.010034039835000001,
        0.012575723835,
        0.009788231835000001,
        0.009541823835000001,
        0.009539723835,
        0.011811297835,
        0.009161610835,
        0.009917235835000001,
        0.010493354835000001,
        0.011013971835,
        0.011090074835,
        0.012305014835000001,
        0.010654359835,
        0.010762662835,
        0.009598524835,
        0.009926035835000001,
        0.010300948835,
        0.010283847835,
        0.010754962835000001,
        0.009732629835000001,
        0.010561956835,
        0.011797696835000001,
        0.010808164835,
        0.010680161835,
        0.010324749835,
        0.010746262835000001,
        0.010983670835,
        0.010501148835,
        0.010877761835000001,
        0.010557350835,
        0.009550917835,
        0.012796822835,
        0.010227440835,
        0.009798925835,
        0.012016497835,
        0.010503448835,
        0.010328243835,
        0.010187038835,
        0.010298342835,
        0.010070735835,
        0.011747288835000001,
        0.012263506835,
        0.010354243835,
        0.010469748835,
        0.011276873835000001,
        0.018768116835,
        0.010231939835,
        0.009670921835,
        0.010961763835,
        0.012309907835,
        0.011429478835000001,
        0.010655553835000001,
        0.010896761835000001,
        0.011071467835000001,
        0.012130901835000001,
        0.009939230835,
        0.012628316835,
        0.010540549835000001,
        0.011091068835
      ]
    },
    {
      "command": "deno run ./testing/console.js",
      "mean": 0.018911102285000002,
      "stddev": 0.0016982629741269797,
      "median": 0.018518688335000002,
      "user": 0.013813155000000004,
      "system": 0.005141981999999997,
      "min": 0.017393352835,
      "max": 0.028439512835000003,
      "times": [
        0.019072415835000002,
        0.019094016835,
        0.018810806835000003,
        0.019182518835000002,
        0.019941342835,
        0.019166517835,
        0.018796306835000002,
        0.018409193835,
        0.018615200835,
        0.018023581835,
        0.024705793835,
        0.018164385835,
        0.028439512835000003,
        0.018172286835000002,
        0.018754504835,
        0.017855776835,
        0.018862008835000003,
        0.023039841835,
        0.018573099835000002,
        0.018063783835,
        0.018807606835,
        0.017999980835000002,
        0.021064978835,
        0.018658501835,
        0.021230783835000003,
        0.018577899835,
        0.018852808835000002,
        0.018769505835000002,
        0.022955628835000002,
        0.018639591835,
        0.019554820835,
        0.018953201835000003,
        0.020824560835000002,
        0.021118869835,
        0.018327781835,
        0.019387915835000002,
        0.017869467835,
        0.019247010835,
        0.022440410835,
        0.018461385835,
        0.018643992835,
        0.018770695835,
        0.018369683835,
        0.017780264835,
        0.017531557835,
        0.017919869835,
        0.022097499835000003,
        0.018598990835000002,
        0.022932426835000002,
        0.018395083835000003,
        0.017714962835,
        0.017967270835,
        0.017930869835000002,
        0.018420284835000002,
        0.019434816835,
        0.019368613835,
        0.019647722835000003,
        0.018159476835,
        0.019335712835,
        0.018197877835,
        0.017961070835000002,
        0.018262479835,
        0.017941069835,
        0.017995171835,
        0.017435654835,
        0.017597858835,
        0.018709493835,
        0.021891493835,
        0.017393352835,
        0.018568689835000003,
        0.018490187835,
        0.018547188835000002,
        0.018984302835,
        0.018844098835,
        0.017993971835,
        0.019051004835,
        0.017412853835000002,
        0.019080905835000002,
        0.017803663835,
        0.017710053835,
        0.017487746835,
        0.019174198835,
        0.017423844835,
        0.017767755835,
        0.017638951835,
        0.017610850835,
        0.017819656835,
        0.019889820835000002,
        0.018403574835000002,
        0.017530147835000003,
        0.017591949835000002,
        0.017786855835,
        0.017598950835000002,
        0.017626450835,
        0.017958961835000002,
        0.017893858835000002,
        0.017813156835,
        0.017795555835,
        0.020017423835000003,
        0.017902658835
      ]
    },
    {
      "command": "node ./testing/console.js",
      "mean": 0.045271363255,
      "stddev": 0.0028144221310535023,
      "median": 0.044759834335,
      "user": 0.037778825,
      "system": 0.008274432399999998,
      "min": 0.041041313835,
      "max": 0.061963801835000006,