{
  "results": [
    {
      "command": "./elsa run ./testing/console.js",
      "mean": 0.008045790684999997,
      "stddev": 0.0007170568188877753,
      "median": 0.007884948965,
      "user": 0.0057163359,
      "system": 0.0034363516,
      "min": 0.0067060399650000005,
      "max": 0.010840570965,
      "times": [
        0.008610153965,
        0.008766054965,
        0.007743546965000001,
        0.009064057965,
        0.008614653965,
        0.008880155964999999,
        0.008555652965,
        0.008500652965,
        0.007514445965000001,
        0.007623645965000001,
        0.008297151965,
        0.008569953965,
        0.007895147965,
        0.007881548965,
        0.008201650965,
        0.010772369965,
        0.008150650965,
        0.008176350964999999,
        0.008151949965,
        0.010840570965,
        0.008970756965,
        0.008219550964999999,
        0.007342943965,
        0.007866548965,
        0.007325143965,
        0.008773555965,
        0.007633545965000001,
        0.007764747965,
        0.007354944965000001,
        0.007479844965,
        0.007522645965000001,
        0.0073045449650000005,
        0.008233650965,
        0.007874847964999999,
        0.008327950964999999,
        0.007968449964999999,
        0.008491152965,
        0.007676546965,
        0.007929748965,
        0.008370851965,
        0.007959148965,
        0.007487845965000001,
        0.007825347965,
        0.009331159965,
        0.009312458965,
        0.0072561439650000005,
        0.007514645965000001,
        0.008926255965,
        0.007408844965,
        0.007483545965,
        0.007700446965000001,
        0.007934948964999999,
        0.007478645965,
        0.007621645965000001,
        0.0074160459650000005,
        0.008271850964999999,
        0.009080757965,
        0.007485044965000001,
        0.007732647965000001,
        0.007374044965000001,
        0.007456044965000001,
        0.007727147965000001,
        0.0077802479650000015,
        0.008138549965,
        0.007194643965,
        0.008630053965,
        0.008567552965,
        0.007955749965,
        0.007825547965,
        0.0067060399650000005,
        0.007822147965,
        0.007891048965,
        0.007904747965,
        0.008650353965,
        0.008258550965,
        0.007680547965,
        0.007563645965,
        0.006870440965,
        0.007069341965000001,
        0.007888348965,
        0.008028049964999999,
        0.008364051964999999,
        0.007626046965,
        0.008742454965,
        0.007079241965000001,
        0.009632761965,
        0.007193542965,
        0.008968055964999999,
        0.007614146965000001,
        0.007527545965000001,
        0.009483158965,
        0.008225150965,
        0.007577144965,
        0.008701352964999999,
        0.007873947965,
        0.007004841965,
        0.008204849965,
        0.007755446965,
        0.007830447964999999,
        0.007722246965000001
      ]
    },
    {
      "command": "deno run ./testing/console.js",
      "mean": 0.015239134405000004,
      "stddev": 0.0009054392401693174,
      "median": 0.015090999964999999,
      "user": 0.011821479999999997,
      "system": 0.0034709767999999996,
      "min": 0.013901190965,
      "max": 0.018966027965,
      "times": [
        0.015876905965,
        0.014426595965,
        0.015249402964999999,
        0.015023899965,
        0.014866398965,
        0.014811997965,
        0.014802796965,
        0.014319193965000001,
        0.015997005965,
        0.014636395965,
        0.014478895965,
        0.015438101965,
        0.016882112965,
        0.015410401965,
        0.014240992965000001,
        0.013958291965,
        0.014304793965,
        0.015160399965000002,
        0.015335101965,
        0.015090099965,
        0.015254999965000002,
        0.015857204965,
        0.015615802965000002,
        0.014487394965,
        0.015509902964999999,
        0.015249600964999999,
        0.015503801965000001,
        0.013970191965,
        0.014383194965,
        0.014342993965,
        0.014161192965,
        0.015091899964999999,
        0.014356993965,
        0.013901190965,
        0.015082299965,
        0.015295800965000002,
        0.014632596965,
        0.015421901965000002,
        0.014777696965,
        0.015300101965,
        0.015200799965000001,
        0.015020198964999999,
        0.014862497964999999,
        0.018966027965,
        0.015593603965000001,
        0.018119121965000002,
        0.015978305965,
        0.016593310965,
        0.015761003965,
        0.015052599965,
        0.014726296965,
        0.015211999965,
        0.014778997965,
        0.014711196965,
        0.014585095965,
        0.015715303965,
        0.016665110965,
        0.015532402965,
        0.014480295965,
        0.014003791965,
        0.015285600965,
        0.015075698964999999,
        0.014313593965,
        0.014807096965,
        0.015114399965,
        0.014865197965,
        0.014667596965,
        0.014838996965,
        0.013964889965,
        0.014929297965000001,
        0.014311192965,
        0.018055919965,
        0.015613401964999999,
        0.015063497964999999,
        0.017302414965,
        0.014652894965,
        0.017210113965,
        0.015923803965,
        0.015061497965,
        0.014817895965,
        0.014801496965,
        0.015932804965000002,
        0.014761895965,
        0.014516093965,
        0.015101398964999999,
        0.014725295965,
        0.015223898965,
        0.015234899965,
        0.015749702965,
        0.014965697965,
        0.015751402965,
        0.015388500965,
        0.015445100965,
        0.015461200965000001,
        0.015531701965000002,
        0.015199298965,
        0.014745995965,
        0.015485101965000001,
        0.017630815965,
        0.016321607965000002
      ]
    },
    {
      "command": "node ./testing/console.js",
      "mean": 0.04149360057500002,
      "stddev": 0.0028692280814487793,
      "median": 0.041044568965,
      "user": 0.03634819999999999,
      "system": 0.0058402846000000005,
      "min": 0.035934637965,
      "max": 0.055272563965,