{
  "results": [
    {
      "command": "./elsa run ./testing/console.js",
      "mean": 0.009634306135,
      "stddev": 0.0013983838451281493,
      "median": 0.009336726975000001,
      "user": 0.00671499835,
      "system": 0.0039546009999999986,
      "min": 0.008243036975000001,
      "max": 0.019921154975,
      "times": [
        0.009108668975000001,
        0.009538183975000001,
        0.009958298975000002,
        0.010022300975,
        0.010604521975000001,
        0.011244544975000001,
        0.010679124975,
        0.009263774975000002,
        0.009190771975000001,
        0.009164870975000001,
        0.009658487975000001,
        0.009104367975000001,
        0.009314676975,
        0.008816657975000001,
        0.008930462975000001,
        0.008609350975,
        0.009635187975,
        0.009606385975000001,
        0.009204871975,
        0.011063238975,
        0.010053102975,
        0.011384049975000001,
        0.009276874975,
        0.008881960975,
        0.008641451975,
        0.008391143975000001,
        0.010206407975000002,
        0.008572349975,
        0.009358776975,
        0.009124568975,
        0.009820593975000002,
        0.009048865975,
        0.009533283975000001,
        0.009403978975000001,
        0.010207306975,
        0.009854394975000002,
        0.019921154975,
        0.011258844975000001,
        0.010159704975000001,
        0.009998499975,
        0.011855266975,
        0.010386713975000001,
        0.009829193975,
        0.014255251975000001,
        0.009536382975,
        0.010291309975000001,
        0.009115267975,
        0.008877059975,
        0.009675687975000001,
        0.008263837975,
        0.010045900975,
        0.008824857975000001,
        0.008425543975000001,
        0.010387513975,
        0.008702053975,
        0.008753354975,
        0.008506845975000002,
        0.008938461975,
        0.008643751975,
        0.012015071975000001,
        0.010093003975,
        0.009039565975,
        0.009000563975,
        0.010133004975,
        0.009359576975,
        0.010549919975,
        0.009739390975000001,
        0.008814857975000001,
        0.010913332975,
        0.009830194975000001,
        0.010240008975000001,
        0.008704652975000001,
        0.010033900975000001,
        0.008757255975000001,
        0.009415278975,
        0.008959662975000001,
        0.008900059975000001,
        0.009797992975000001,
        0.008698652975,
        0.008789955975000001,
        0.009402177975,
        0.009197170975,
        0.010010500975000001,
        0.010374312975000001,
        0.009784991975,
        0.009085767975,
        0.009448879975000001,
        0.010360212975000001,
        0.008438743975000001,
        0.008651251975000001,
        0.008844858975000001,
        0.008761055975000001,
        0.008951961975,
        0.008418843975000001,
        0.009297674975000001,
        0.008418343975000001,
        0.008243036975000001,
        0.009158769975000002,
        0.008467044975,
        0.009198771975
      ]
    },
    {
      "command": "deno run ./testing/console.js",
      "mean": 0.017879388895000004,
      "stddev": 0.0012256646226439859,
      "median": 0.017552667475,
      "user": 0.013442535000000002,
      "system": 0.004496035999999998,
      "min": 0.016091615975,
      "max": 0.021570611975,
      "times": [
        0.017290759975,
        0.016598034975000002,
        0.016701638975000002,
        0.017116653975,
        0.017180455975,
        0.016608835975,
        0.019983455975,
        0.018407399975000002,
        0.019665644975,
        0.016834342975000003,
        0.018237493975,
        0.017313760975000002,
        0.016810942975,
        0.016523531975000002,
        0.019308731975,
        0.018739810975,
        0.018006884975,
        0.021437806975,
        0.018856214975,
        0.019766746975000003,
        0.017091851975000003,
        0.016937746975,
        0.018900616975000003,
        0.016451828975000003,
        0.017458064975,
        0.016592934975,
        0.018468500975000003,
        0.019030920975,
        0.018578004975000003,
        0.018469000975,
        0.021570611975,
        0.020123259975000002,
        0.019800947975,
        0.017217555975,
        0.017405062975,
        0.018789711975,
        0.016894944975000003,
        0.017272657975,
        0.016620234975000002,
        0.019122023975000003,
        0.018326795975,
        0.018258092975,
        0.016244121975,
        0.019520438975000002,
        0.017155153975,
        0.020399869975000002,
        0.016225320975000002,
        0.019238328975,
        0.017535967975,
        0.018322895975000003,
        0.018510802975,
        0.017052249975000003,
        0.016239520975,
        0.017463365975000002,
        0.016310523975,
        0.016469229975000003,
        0.017333160975,
        0.016453928975,
        0.016644535975000003,
        0.017673871975,
        0.016690636975000003,
        0.016577933975,
        0.017126253975000002,
        0.018704708975,
        0.018601404975000003,
        0.017318959975000003,
        0.017159454975000002,
        0.018164989975,
        0.016418126975000003,
        0.016994046975,
        0.017261157975,
        0.019191225975,
        0.018670406975,
        0.017161153975000003,
        0.016581432975,
        0.017505765975,
        0.016091615975,
        0.016679535975,
        0.017543766975,
        0.017997683975,
        0.020482771975,
        0.019947852975000003,
        0.019889950975,
        0.018842713975,
        0.018850513975,
        0.017686871975,
        0.017955981975,
        0.016526530975000002,
        0.019048620975000003,
        0.018508001975,
        0.017561567975,
        0.017927980975,
        0.016967246975000003,
        0.018162288975000003,
        0.016816740975,
        0.017791575975,
        0.016642534975,
        0.017980381975,
        0.017825776975000002,
        0.018518901975
      ]
    },
    {
      "command": "node ./testing/console.js",
      "mean": 0.049012010775,
      "stddev": 0.0031719576160340393,
      "median": 0.048867421975000006,
      "user": 0.04253955499999999,
      "system": 0.007733521000000002,
      "min": 0.042829755975,
      "max": 0.058715721975,