{
  "results": [
    {
      "command": "./elsa run ./testing/console.js",
      "mean": 0.006303407799999999,
      "stddev": 0.0006742212393579133,
      "median": 0.00621782685,
      "user": 0.0041472684,
      "system": 0.0030277475999999992,
      "min": 0.0053294688500000005,
      "max": 0.01070911785,
      "times": [
        0.00589177385,
        0.0056262718500000005,
        0.0058535728500000005,
        0.00721698585,
        0.00654557985,
        0.00629337785,
        0.00578407285,
        0.0063662788500000005,
        0.0058968738500000005,
        0.0063454778500000005,
        0.0059390738500000005,
        0.00620977685,
        0.0076122898500000005,
        0.006275477850000001,
        0.00610527585,
        0.006765881850000001,
        0.00614827685,
        0.006334477850000001,
        0.007251786850000001,
        0.00611877585,
        0.006487379850000001,
        0.00621487685,
        0.006399978850000001,
        0.006017674850000001,
        0.005922973850000001,
        0.0073733878499999995,
        0.0063216778500000004,
        0.0059487748500000005,
        0.00596357485,
        0.00608337585,
        0.00674728185,
        0.006714680850000001,
        0.0064346798500000005,
        0.00683178185,
        0.00644327885,
        0.0062374768500000006,
        0.00640007885,
        0.0060729758500000005,
        0.0075004888500000005,
        0.00576047285,
        0.006461478850000001,
        0.00620397685,
        0.00571727185,
        0.006160776850000001,
        0.01070911785,
        0.00706568485,
        0.00755138985,
        0.006958783850000001,
        0.006458678850000001,
        0.00630167785,
        0.00599567485,
        0.00580057385,
        0.00699188385,
        0.0058145728500000006,
        0.0069801848500000005,
        0.006670280850000001,
        0.005858873850000001,
        0.00622077685,
        0.005554470850000001,
        0.0067296818500000005,
        0.00543226985,
        0.00608797585,
        0.005656171850000001,
        0.0060152758500000006,
        0.00579697285,
        0.00643497885,
        0.007364687850000001,
        0.00684898285,
        0.00618667685,
        0.0053294688500000005,
        0.00618687685,
        0.00584597385,
        0.00649407885,
        0.00594227485,
        0.00584277385,
        0.00547676985,
        0.00662368085,
        0.006680581850000001,
        0.00665108085,
        0.00630127785,
        0.00570637185,
        0.007121785850000001,
        0.006058775850000001,
        0.00550926985,
        0.00560137185,
        0.0062861778500000005,
        0.00589617385,
        0.00557927085,
        0.00639217885,
        0.00636147885,
        0.006232776850000001,
        0.0059595748500000005,
        0.00633927785,
        0.00553747085,
        0.00616787685,
        0.00646777985,
        0.00560337085,
        0.00583037385,
        0.00554117085,
        0.00628537785
      ]
    },
    {
      "command": "deno run ./testing/console.js",
      "mean": 0.01615710114999999,
      "stddev": 0.0008947279524252724,
      "median": 0.01597501635,
      "user": 0.013097269999999996,
      "system": 0.003132810399999999,
      "min": 0.015091358850000002,
      "max": 0.02076220985,
      "times": [
        0.01756908085,
        0.01754798085,
        0.015298460850000003,
        0.01563776285,
        0.01619196885,
        0.015530462850000001,
        0.01538256085,
        0.01685037385,
        0.01582506485,
        0.015334260850000002,
        0.01599896685,
        0.015383160850000003,
        0.01545526185,
        0.01543446085,
        0.01617236885,
        0.01600156685,
        0.015412460850000002,
        0.01658267285,
        0.01583206485,
        0.01739657985,
        0.01645427085,
        0.01535726085,
        0.01627996885,
        0.01578826485,
        0.01532276085,
        0.01645177085,
        0.01831368785,
        0.01658767185,
        0.01659737185,
        0.01532926085,
        0.015543861850000002,
        0.01636457085,
        0.015378160850000001,
        0.01514785885,
        0.01698637585,
        0.01562106285,
        0.015382061850000002,
        0.01703307585,
        0.01534906085,
        0.015465461850000002,
        0.01636286985,
        0.015544362850000002,
        0.01602136685,
        0.01681987385,
        0.01547626185,
        0.01594376585,
        0.016147767849999998,
        0.01517115985,
        0.016060866849999998,
        0.01632556985,
        0.01579246485,
        0.01563686385,
        0.01696977485,
        0.015553762850000001,
        0.015512762850000002,
        0.01695697485,
        0.01597046685,
        0.01574276385,
        0.01634466985,
        0.02076220985,
        0.01711257685,
        0.01867159185,
        0.01742157985,
        0.017368878849999998,
        0.015506262850000002,
        0.01646497085,
        0.01707437585,
        0.01543856085,
        0.015688363849999998,
        0.01654887185,
        0.015396161850000001,
        0.015429560850000001,
        0.01665137285,
        0.01539106185,
        0.015611062850000001,
        0.01621826885,
        0.015468961850000002,
        0.01697967585,
        0.01737237885,
        0.016312269849999998,
        0.015438661850000002,
        0.01771878185,
        0.01562726385,
        0.01673307385,
        0.01623866885,
        0.01597956585,
        0.015518762850000001,
        0.01623196885,
        0.015091358850000002,
        0.01592626585,
        0.016455370849999998,
        0.015281159850000002,
        0.01539106185,
        0.016258668849999998,
        0.015585862850000002,
        0.01758058085,
        0.01714567785,
        0.01536616085,
        0.01598786685,
        0.015318559850000002
      ]
    },
    {
      "command": "node ./testing/console.js",
      "mean": 0.043642909199999996,
      "stddev": 0.002809779938466174,
      "median": 0.04319896585,
      "user": 0.038417740000000006,
      "system": 0.006038883,
      "min": 0.03926877985,
      "max": 0.05192149685,