{
  "results": [
    {
      "command": "./elsa run ./testing/console.js",
      "mean": 0.007885170869999996,
      "stddev": 0.0008306143521367016,
      "median": 0.007660180690000001,
      "user": 0.00528036,
      "system": 0.003559872400000001,
      "min": 0.006471034190000001,
      "max": 0.01053649519,
      "times": [
        0.00827900519,
        0.00838551019,
        0.008674221190000001,
        0.007748684190000001,
        0.007632180190000001,
        0.007341068190000001,
        0.00795599319,
        0.01053649519,
        0.00800099519,
        0.007421372190000001,
        0.007102059190000001,
        0.00817160219,
        0.007126260190000001,
        0.00965296019,
        0.007985494190000001,
        0.007410371190000001,
        0.008060597190000001,
        0.007313767190000001,
        0.007367470190000001,
        0.00725326519,
        0.00880072619,
        0.00851871519,
        0.007666781190000001,
        0.00888072919,
        0.00857051719,
        0.009511453190000001,
        0.00847351219,
        0.008236503190000001,
        0.008100198190000001,
        0.00843071119,
        0.00844831119,
        0.00718256219,
        0.007403070190000001,
        0.00729036619,
        0.00766928119,
        0.009402550190000001,
        0.007319267190000001,
        0.007239764190000001,
        0.007228463190000001,
        0.00794919319,
        0.00691115119,
        0.008670121190000001,
        0.006983654190000001,
        0.00726416519,
        0.00666044219,
        0.00693685219,
        0.007411171190000001,
        0.007041457190000001,
        0.007094858190000001,
        0.00873792319,
        0.00751617519,
        0.007261065190000001,
        0.00735316919,
        0.00684574919,
        0.00904383519,
        0.00682974819,
        0.0071537601900000004,
        0.00716136119,
        0.007505274190000001,
        0.006960653190000001,
        0.00765358019,
        0.00672594419,
        0.007258065190000001,
        0.00745357219,
        0.00746127219,
        0.006471034190000001,
        0.008137700190000001,
        0.00725206519,
        0.007242364190000001,
        0.007574778190000001,
        0.00800599419,
        0.00843121219,
        0.00726666519,
        0.007519475190000001,
        0.00675744619,
        0.00726176519,
        0.00702015619,
        0.00723346419,
        0.0069270521900000005,
        0.00786708919,
        0.007609979190000001,
        0.00772058319,
        0.00832920719,
        0.00923324319,
        0.009804565190000001,
        0.00739657019,
        0.00982776619,
        0.00835940919,
        0.008627919190000001,
        0.00911573819,
        0.008288806190000001,
        0.00862431919,
        0.00831380619,
        0.00823780419,
        0.00966666019,
        0.00818400119,
        0.00860361819,
        0.00875862419,
        0.008062996190000001,
        0.00914614019
      ]
    },
    {
      "command": "deno run ./testing/console.js",
      "mean": 0.016388481830000003,
      "stddev": 0.001903882174062916,
      "median": 0.015722946190000003,
      "user": 0.012754099999999997,
      "system": 0.0037046208000000003,
      "min": 0.01401842919,
      "max": 0.02227815419,
      "times": [
        0.01836800119,
        0.018804819190000002,
        0.01831959919,
        0.016831240190000003,
        0.01480556119,
        0.015113973190000001,
        0.01543828619,
        0.01455045119,
        0.014993869190000002,
        0.01769387519,
        0.015325182190000002,
        0.01806178919,
        0.015974207190000003,
        0.01809349119,
        0.01475365919,
        0.018902523190000003,
        0.01474255919,
        0.014762659190000001,
        0.018888121190000003,
        0.01861641119,
        0.01914103119,
        0.01478236119,
        0.01536448319,
        0.014879864190000001,
        0.01566249419,
        0.01816399319,
        0.014682055190000001,
        0.02095170119,
        0.01611991319,
        0.02227815419,
        0.01739396219,
        0.01657093019,
        0.01918933319,
        0.018873020190000003,
        0.01969825319,
        0.018138792190000003,
        0.01820059319,
        0.01605660919,
        0.01848840519,
        0.02172443219,
        0.015224977190000002,
        0.01787198119,
        0.015926605190000002,
        0.017667373190000002,
        0.014699256190000001,
        0.01765647319,
        0.01427233919,
        0.01475295819,
        0.015467387190000001,
        0.01409333219,
        0.01414913519,
        0.014348943190000001,
        0.014986868190000002,
        0.01474185819,
        0.01409323219,
        0.01587610219,
        0.01449494919,
        0.01425593919,
        0.01842150219,
        0.01517527519,
        0.01645262519,
        0.014567951190000001,
        0.01505367019,
        0.015473086190000002,
        0.01482776119,
        0.014598153190000001,
        0.016462225190000002,
        0.015783398190000002,
        0.014346642190000002,
        0.014313441190000002,
        0.016006407190000002,
        0.01452115019,
        0.01800068619,
        0.01506007019,
        0.018025486190000002,
        0.014317841190000001,
        0.01579570019,
        0.01401842919,
        0.014916965190000003,
        0.01477226019,
        0.014560251190000002,
        0.014552850190000001,
        0.014629254190000001,
        0.015233377190000001,
        0.01770147319,
        0.01953404519,
        0.017948083190000002,
        0.01848750419,
        0.01900672519,
        0.01778077619,
        0.01710124919,
        0.015481386190000002,
        0.01536868219,
        0.01927283519,
        0.01498086719,
        0.018096489190000002,
        0.017192453190000002,
        0.01563939219,
        0.014990567190000002,
        0.01639882319
      ]
    },
    {
      "command": "node ./testing/console.js",
      "mean": 0.04539047941999999,
      "stddev": 0.004564774778027974,
      "median": 0.045896716690000006,
      "user": 0.03966340999999998,
      "system": 0.006839529599999996,
      "min": 0.03768575019,
      "max": 0.05521583319,