{
  "results": [
    {
      "command": "./elsa run ./testing/console.js",
      "mean": 0.007650831670000002,
      "stddev": 0.0010217544107111278,
      "median": 0.007334581520000001,
      "user": 0.0049606537499999985,
      "system": 0.0035980850000000004,
      "min": 0.005953209020000001,
      "max": 0.01119009602,
      "times": [
        0.00730883102,
        0.007027427020000001,
        0.00730493202,
        0.007292931020000001,
        0.007466634020000001,
        0.00788734102,
        0.0073549320200000014,
        0.00807384402,
        0.008467351020000001,
        0.00768733802,
        0.00785364002,
        0.008162546020000001,
        0.008526552020000001,
        0.00826014702,
        0.00715622902,
        0.00910056102,
        0.00670492202,
        0.007101228020000001,
        0.00687282402,
        0.007277031020000001,
        0.007107128020000001,
        0.007314231020000001,
        0.006582819020000001,
        0.00850285102,
        0.00790984202,
        0.0078006390200000015,
        0.007563035020000001,
        0.0071456290200000005,
        0.008809556020000001,
        0.00795194202,
        0.009271864020000001,
        0.007817240020000001,
        0.007872140020000001,
        0.008147745020000001,
        0.008090944020000001,
        0.010149278020000001,
        0.01119009602,
        0.00908976102,
        0.008210347020000001,
        0.006789923020000001,
        0.00702532602,
        0.006826924020000001,
        0.006948325020000001,
        0.007275131020000001,
        0.011075594020000001,
        0.006553919020000001,
        0.00736073202,
        0.00716983002,
        0.00751993502,
        0.007432933020000001,
        0.00719233002,
        0.007652737020000001,
        0.006852024020000001,
        0.006678021020000001,
        0.0068143230200000005,
        0.006789323020000001,
        0.006662820020000001,
        0.00810024502,
        0.00662972002,
        0.007100328020000001,
        0.0065858190200000005,
        0.007720039020000001,
        0.007158929020000001,
        0.00765963702,
        0.005953209020000001,
        0.007000626020000001,
        0.006256714020000001,
        0.00703142702,
        0.00766143702,
        0.00831084802,
        0.00704652702,
        0.006855323020000001,
        0.008309648020000001,
        0.007097527020000001,
        0.006780622020000001,
        0.010601484020000001,
        0.008203044020000001,
        0.00799844102,
        0.007277929020000001,
        0.006548918020000001,
        0.00833464702,
        0.00759933502,
        0.009064259020000002,
        0.006982424020000001,
        0.00715332802,
        0.00613401002,
        0.007064325020000001,
        0.00814024302,
        0.006992025020000001,
        0.00833634702,
        0.006742321020000001,
        0.00704112502,
        0.006809522020000001,
        0.00917436102,
        0.00685532202,
        0.009063459020000001,
        0.007396532020000001,
        0.009168160020000002,
        0.010520983020000001,
        0.0065875180200000005
      ]
    },
    {
      "command": "deno run ./testing/console.js",
      "mean": 0.01818480294,
      "stddev": 0.0011184909730027055,
      "median": 0.018110852020000002,
      "user": 0.014262594999999996,
      "system": 0.003959575,
      "min": 0.01615107002,
      "max": 0.02318758702,
      "times": [
        0.01998373502,
        0.02318758702,
        0.019686630020000002,
        0.01770669802,
        0.019321924020000002,
        0.01835790902,
        0.018201906020000002,
        0.01749589402,
        0.018772816020000003,
        0.01763449702,
        0.01925162302,
        0.01868001402,
        0.018299807020000003,
        0.01893991802,
        0.01873471402,
        0.01835740902,
        0.01756809602,
        0.01927452302,
        0.01860361302,
        0.01788290102,
        0.01756909502,
        0.018709914020000003,
        0.01894581802,
        0.019899434020000002,
        0.01788960102,
        0.017642297020000003,
        0.019054020020000003,
        0.01893551802,
        0.01864611302,
        0.01738419302,
        0.019039420020000003,
        0.01818860602,
        0.01738999202,
        0.01767119702,
        0.01925152302,
        0.01770859802,
        0.01836320902,
        0.01825650702,
        0.017708298020000002,
        0.01936112502,
        0.01818800602,
        0.018296407020000002,
        0.017602697020000002,
        0.02052304202,
        0.01838090502,
        0.018106402020000002,
        0.01890061402,
        0.018835113020000002,
        0.017342289020000002,
        0.019661727020000002,
        0.01716688602,
        0.01860431002,
        0.01738008902,
        0.01662777802,
        0.01929262002,
        0.020229936020000002,
        0.01811530202,
        0.016878981020000003,
        0.01677828002,
        0.01865121002,
        0.019297720020000002,
        0.018686911020000002,
        0.017065085020000002,
        0.01615107002,
        0.016790280020000003,
        0.01680188002,
        0.01763479402,
        0.02025933602,
        0.01767789502,
        0.01819650302,
        0.01969522702,
        0.01878681202,
        0.019891431020000003,
        0.01729878802,
        0.01788399802,
        0.01865631002,
        0.01907611702,
        0.01670587902,
        0.01765759402,
        0.016180671020000002,
        0.016275272020000002,
        0.017507891020000003,
        0.016776980020000002,
        0.01696688302,
        0.017024784020000003,
        0.01682098102,
        0.017675195020000003,
        0.01808050102,
        0.01707758402,
        0.01797909902,
        0.017059384020000002,
        0.01692418302,
        0.01795199902,
        0.01738408902,
        0.01864501002,
        0.017250087020000002,
        0.017176487020000002,
        0.01980522602,
        0.01756668902,
        0.01701838102
      ]
    },
    {
      "command": "node ./testing/console.js",
      "mean": 0.04772005078,
      "stddev": 0.0028293619065541194,
      "median": 0.04718657502,
      "user": 0.04193187500000001,
      "system": 0.0069027716,
      "min": 0.04146963502,
      "max": 0.055101741020000004,