{
  "results": [
    {
      "command": "./elsa run ./testing/console.js",
      "mean": 0.00856774252,
      "stddev": 0.0009733545635651697,
      "median": 0.00841180016,
      "user": 0.005228665600000001,
      "system": 0.003935427799999999,
      "min": 0.00733802016,
      "max": 0.01400790816,
      "times": [
        0.008853763160000002,
        0.008442151160000001,
        0.00804184016,
        0.00857255416,
        0.00931647516,
        0.00866835816,
        0.01400790816,
        0.00926167416,
        0.00833664716,
        0.008941565160000001,
        0.008477652160000002,
        0.008351848160000001,
        0.008169344160000001,
        0.00821884416,
        0.007965938160000002,
        0.008849462160000002,
        0.010324105160000001,
        0.008536953160000001,
        0.00843115116,
        0.008783961160000001,
        0.01171044316,
        0.008434851160000001,
        0.00826604616,
        0.008447951160000002,
        0.009168172160000002,
        0.008660757160000001,
        0.008404250160000001,
        0.008439551160000001,
        0.007731831160000001,
        0.008597255160000001,
        0.008425151160000002,
        0.008219544160000002,
        0.008145342160000001,
        0.009162171160000001,
        0.008805261160000001,
        0.00798983816,
        0.00813234216,
        0.00821474516,
        0.00840585016,
        0.008058640160000002,
        0.007784232160000001,
        0.00733802016,
        0.00793643716,
        0.009242373160000001,
        0.008350048160000002,
        0.007866335160000001,
        0.007895235160000002,
        0.008144043160000001,
        0.00865875716,
        0.007830533160000002,
        0.007812133160000002,
        0.00751812416,
        0.00894986516,
        0.009420479160000002,
        0.00811634116,
        0.00874386016,
        0.008423750160000002,
        0.007920636160000001,
        0.008119141160000001,
        0.008682357160000001,
        0.008509953160000002,
        0.00816114316,
        0.007873335160000001,
        0.00797873816,
        0.00813284216,
        0.00836304816,
        0.008826762160000001,
        0.00869585816,
        0.00796883716,
        0.00788513516,
        0.008410450160000001,
        0.008034239160000001,
        0.00891176416,
        0.008419651160000001,
        0.00841315016,
        0.008219644160000001,
        0.00913527016,
        0.00795663716,
        0.008176944160000001,
        0.00798893816,
        0.00843355116,
        0.008488252160000001,
        0.009241374160000001,
        0.00819234416,
        0.00883476216,
        0.008595955160000002,
        0.01385170416,
        0.010498409160000001,
        0.00827824616,
        0.00849705316,
        0.008413650160000001,
        0.008618956160000002,
        0.008323347160000001,
        0.00870245816,
        0.007739631160000001,
        0.00836594916,
        0.00850665316,
        0.008152843160000001,
        0.00812744016,
        0.00812443816
      ]
    },
    {
      "command": "deno run ./testing/console.js",
      "mean": 0.016881249800000005,
      "stddev": 0.0006606291496421572,
      "median": 0.01671937116,
      "user": 0.013002429999999999,
      "system": 0.0038311583999999987,
      "min": 0.01619975116,
      "max": 0.02040027216,
      "times": [
        0.01639056916,
        0.01656107416,
        0.01640496916,
        0.01647457116,
        0.01640736916,
        0.01714309016,
        0.01678327516,
        0.01645516416,
        0.01669787116,
        0.01732048816,
        0.01713448316,
        0.02040027216,
        0.01971795416,
        0.01646826416,
        0.01635376116,
        0.01636156116,
        0.01756819516,
        0.01675307216,
        0.01648056416,
        0.01648986516,
        0.01676437316,
        0.01678337316,
        0.01656156716,
        0.01645666416,
        0.01673117116,
        0.01672147116,
        0.01684037416,
        0.01668667116,
        0.01680827416,
        0.01712258216,
        0.016945078159999998,
        0.01655556716,
        0.01646886416,
        0.016515566159999998,
        0.01678147316,
        0.016736472159999998,
        0.016203257159999998,
        0.01671657116,
        0.01687767516,
        0.01673387216,
        0.01666567016,
        0.01777340016,
        0.01752049316,
        0.01655726716,
        0.01656076716,
        0.01712548216,
        0.016717271159999998,
        0.01668487016,
        0.01654756716,
        0.01709558216,
        0.01668177016,
        0.01777090016,
        0.01667016916,
        0.01671537116,
        0.01663716916,
        0.01653306616,
        0.01665197016,
        0.01669417016,
        0.01687617516,
        0.01693097716,
        0.01720958416,
        0.01683997516,
        0.01696897816,
        0.01680826716,
        0.01743828516,
        0.01682086716,
        0.01697407116,
        0.01683976816,
        0.01841631116,
        0.01901872716,
        0.01793099816,
        0.01651575916,
        0.01626795316,
        0.01632475416,
        0.01647445816,
        0.016585561159999998,
        0.01674526616,
        0.01635355416,
        0.016522059159999998,
        0.01645775816,
        0.01684856816,
        0.01662246216,
        0.01698367216,
        0.01698747216,
        0.01718447716,
        0.01705347316,
        0.01847681216,
        0.01707977416,
        0.01721977816,
        0.01695237116,
        0.016723665159999998,
        0.01657806116,
        0.01661246216,
        0.01622515116,
        0.01745838516,
        0.01631765416,
        0.01633235416,
        0.01619975116,
        0.01648435816,
        0.01648385916
      ]
    },
    {
      "command": "node ./testing/console.js",
      "mean": 0.04132748271,
      "stddev": 0.0015568473217840045,
      "median": 0.04080590966,
      "user": 0.03679277999999999,
      "system": 0.0053287366,
      "min": 0.03925573316000001,
      "max": 0.04563755416,