{
  "results": [
    {
      "command": "./elsa run ./testing/console.js",
      "mean": 0.009633396735000003,
      "stddev": 0.0019007859565155826,
      "median": 0.009207415255000002,
      "user": 0.0052663667499999985,
      "system": 0.005090865999999999,
      "min": 0.007816879255,
      "max": 0.023793302255,
      "times": [
        0.009096013255000002,
        0.008958309255000001,
        0.009312618255000002,
        0.008993911255000002,
        0.009420921255,
        0.009554125255000002,
        0.009279717255000002,
        0.008741203255000001,
        0.007864181255000002,
        0.007816879255,
        0.009003710255000002,
        0.008021785255000002,
        0.008839006255000002,
        0.008003384255,
        0.008770604255000002,
        0.008836005255000001,
        0.009793831255000001,
        0.012282097255000003,
        0.023793302255,
        0.011080365255000002,
        0.017714541255,
        0.009817332255000002,
        0.009512423255000001,
        0.008829605255000001,
        0.010415647255000002,
        0.010815658255,
        0.009982736255000001,
        0.007823679255000002,
        0.008485996255000001,
        0.008460396255000002,
        0.008730803255,
        0.009363220255000002,
        0.009348220255000001,
        0.009581326255000001,
        0.009019011255,
        0.008547199255000002,
        0.009583626255000002,
        0.008918608255000002,
        0.009035211255000002,
        0.008566698255000001,
        0.008777603255000002,
        0.009067811255000002,
        0.008850305255000001,
        0.008195488255000001,
        0.009517423255,
        0.009203815255000001,
        0.009290417255,
        0.008753703255000002,
        0.008821005255000002,
        0.009374519255000002,
        0.008970708255000001,
        0.008569098255000001,
        0.009242916255000002,
        0.009694828255000001,
        0.008178288255,
        0.008894607255,
        0.010087738255000001,
        0.009072212255000002,
        0.009251816255000002,
        0.010549351255000002,
        0.010268943255000001,
        0.010921760255000001,
        0.009309417255,
        0.009832731255000001,
        0.011044164255000002,
        0.011010163255000002,
        0.011283970255000001,
        0.008952708255000002,
        0.008807005255000002,
        0.009177114255000002,
        0.009709428255000001,
        0.009205415255000002,
        0.010054838255000002,
        0.009807631255000001,
        0.011973788255000001,
        0.013225121255000001,
        0.009097612255000002,
        0.009124013255000002,
        0.009842532255000001,
        0.009130713255,
        0.009209415255000002,
        0.009144613255000001,
        0.009836632255000002,
        0.009444521255000001,
        0.010614452255000002,
        0.010791356255000002,
        0.010803957255000001,
        0.009191415255000002,
        0.009272817255000001,
        0.008895707255000001,
        0.010256043255000001,
        0.008670001255000002,
        0.010409847255000002,
        0.009629926255,
        0.008951508255,
        0.009131712255000002,
        0.008128186255000001,
        0.008421894255000001,
        0.009349118255000002,
        0.009029910255
      ]
    },
    {
      "command": "deno run ./testing/console.js",
      "mean": 0.02021296397500001,
      "stddev": 0.001889537605765661,
      "median": 0.019902144755,
      "user": 0.015083384999999996,
      "system": 0.005164070200000001,
      "min": 0.017194423255,
      "max": 0.029653052255,
      "times": [
        0.019603088255,
        0.021893048255000002,
        0.018917870255,
        0.018347355255,
        0.017985445255,
        0.018433357255,
        0.019797693255000002,
        0.019299580255,
        0.019917396255,
        0.018503758255,
        0.029653052255,
        0.021144629255000002,
        0.019894596255,
        0.020694816255,
        0.019336581255,
        0.019333881255,
        0.019208177255,
        0.020513010255000002,
        0.021223628255,
        0.021270129255,
        0.021647340255,
        0.019235976255000002,
        0.022443561255,
        0.024818923255,
        0.023862098255000002,
        0.024098004255,
        0.019382281255,
        0.017849940255000002,
        0.019364880255,
        0.019267277255,
        0.017937442255,
        0.018052246255,
        0.017194423255,
        0.018443856255000002,
        0.020732816255,
        0.019280877255000002,
        0.021614538255,
        0.020955321255,
        0.019457483255,
        0.021195928255,
        0.019842492255,
        0.021057225255,
        0.020473509255,
        0.019124974255,
        0.018861867255,
        0.019291078255,
        0.018972869255,
        0.018190149255,
        0.019259577255,
        0.020472109255,
        0.017859840255,
        0.020564811255,
        0.022725968255,
        0.021859346255000002,
        0.024730221255,
        0.023114679255,
        0.019205275255,
        0.018516457255,
        0.020146101255,
        0.020797318255,
        0.017871140255,
        0.021078524255,
        0.019189375255000002,
        0.019603786255000002,
        0.020491708255,
        0.020793915255,
        0.020755814255,
        0.022290655255,
        0.019620585255,
        0.021159525255000002,
        0.019984595255,
        0.019807489255,
        0.020769815255,
        0.019483481255,
        0.018716261255,
        0.022376256255,
        0.020096997255000002,
        0.020230001255,
        0.020922619255,
        0.022189252255,
        0.022575962255000002,
        0.023060375255,
        0.021249428255,
        0.017952941255,
        0.018265549255,
        0.018180047255,
        0.017778937255000002,
        0.017651333255000002,
        0.017290623255000002,
        0.020068496255000002,
        0.020346204255,
        0.019847091255,
        0.022662865255,
        0.021308929255,
        0.019916292255,
        0.019909693255,
        0.018749462255000002,
        0.019450880255,
        0.020854517255,
        0.019872791255
      ]
    },
    {
      "command": "node ./testing/console.js",
      "mean": 0.04867752595500002,
      "stddev": 0.005886410386136757,
      "median": 0.049598798255,
      "user": 0.04153931499999999,
      "system": 0.008323216599999999,
      "min": 0.035654880255,
      "max": 0.060457127255,