{
  "results": [
    {
      "command": "./elsa run ./testing/console.js",
      "mean": 0.008533405965000001,
      "stddev": 0.0013727893917838741,
      "median": 0.008498282585,
      "user": 0.0053612181000000005,
      "system": 0.0038888364,
      "min": 0.006350902585,
      "max": 0.015900257585,
      "times": [
        0.006960425585,
        0.0077783555850000005,
        0.006659714585,
        0.006764018585,
        0.006501608585,
        0.007176633585,
        0.006987726585,
        0.0077246535849999996,
        0.007000127585,
        0.007102730585,
        0.006921124585,
        0.007635450585,
        0.007078730585,
        0.008035465585,
        0.006960325585,
        0.007298238585,
        0.006769718585,
        0.006451507585,
        0.006350902585,
        0.009138706585,
        0.008998001585,
        0.009030102585,
        0.008426680585,
        0.007551047585,
        0.009612824585,
        0.008910497585,
        0.007603349585,
        0.008048465585,
        0.008476781585,
        0.009414816585,
        0.007663551584999999,
        0.008656988585,
        0.006805119585,
        0.007754955585000001,
        0.008263473585,
        0.008473082585,
        0.008715490585000001,
        0.007834458585,
        0.009596423585,
        0.008759892585,
        0.008345276585,
        0.008990400585,
        0.008177870585,
        0.008173770585,
        0.008160069585,
        0.007954762585,
        0.008519783585,
        0.007770955584999999,
        0.008072767585,
        0.009793930585000001,
        0.007646550585,
        0.007613949585,
        0.010242947585,
        0.015900257585,
        0.012974748585000001,
        0.007796756585,
        0.008628187585,
        0.009117805585,
        0.007780556585000001,
        0.008400378585,
        0.008360477585,
        0.008674788585,
        0.008804394585,
        0.007851358585,
        0.007494345584999999,
        0.007656250585,
        0.013814779585,
        0.008898997585,
        0.007821057585000001,
        0.008133469585,
        0.008418279585,
        0.007764855585000001,
        0.009033202585,
        0.009112305585000001,
        0.009067903585,
        0.009794330585,
        0.009382215585000001,
        0.009439017585,
        0.008775792585,
        0.008564784585,
        0.008810294585,
        0.008797793585,
        0.009275111585,
        0.009439217585,
        0.009303111585000001,
        0.009424716585,
        0.008979900585,
        0.009417016585,
        0.009788030585,
        0.009017801585,
        0.009066904585,
        0.009753328585,
        0.009117105585,
        0.009488518585,
        0.008951499585,
        0.008955999585,
        0.009456718585000001,
        0.008955199585,
        0.009337113585000001,
        0.009188708585
      ]
    },
    {
      "command": "deno run ./testing/console.js",
      "mean": 0.015420625105,
      "stddev": 0.0015562022443885283,
      "median": 0.014902620085,
      "user": 0.01230405,
      "system": 0.0031432052,
      "min": 0.013658573585,
      "max": 0.022216791585000003,
      "times": [
        0.019624995585000003,
        0.022216791585000003,
        0.018974370585000004,
        0.016082063585000004,
        0.014776015585,
        0.015499541585,
        0.017796826585,
        0.016330772585000004,
        0.015758951585000004,
        0.018230843585000003,
        0.018007935585000003,
        0.018588656585000002,
        0.014737814585,
        0.018129039585000003,
        0.015983760585000003,
        0.017337009585000004,
        0.014839917585000001,
        0.017991134585000002,
        0.015023724585,
        0.018043936585000003,
        0.017571518585,
        0.017717423585000003,
        0.015245732585,
        0.013938683585,
        0.013789678585000001,
        0.013909483585,
        0.014582507585,
        0.014037388585000001,
        0.014240695585000001,
        0.015361536585,
        0.014265995585,
        0.014295896585,
        0.015407738584999999,
        0.015071526585,
        0.014163792585000001,
        0.018615857585000003,
        0.015216731584999999,
        0.014579307585000001,
        0.015160729585,
        0.016094463585000003,
        0.015312334585000002,
        0.015367137585000001,
        0.015725150585000004,
        0.014044787585000001,
        0.014521006585000001,
        0.014879818585000001,
        0.014403101585,
        0.015551644585000001,
        0.016163866585000002,
        0.014845517585,
        0.014644210585000001,
        0.015474341585,
        0.015599845585,
        0.014678711585,
        0.015072126585,
        0.014327498585,
        0.014374800585,
        0.014243795585,
        0.015101327585,
        0.014303897585000001,
        0.014504905585,
        0.014894519585,
        0.014946821585,
        0.014616609585,
        0.018663259585,
        0.014910720585,
        0.014090889585,
        0.014405501585000001,
        0.014377300585,
        0.013790878585000001,
        0.014122291585,
        0.014066888585000001,
        0.013658573585,
        0.014519605585000001,
        0.017111301585000002,
        0.014529705585,
        0.014225894585000001,
        0.015083226585,
        0.013919783585,
        0.013984085585,
        0.015472840585,
        0.014854418585000001,
        0.013965984585,
        0.013881881585,
        0.014524505585,
        0.014855017585,
        0.015404938585000002,
        0.016421176585000002,
        0.014405201585000001,
        0.014020787585,
        0.014399801585,
        0.015677248585,
        0.016023161585,
        0.015979259585000002,
        0.017852629585,
        0.014499104585,
        0.015217031585,
        0.014236094585000001,
        0.014437202585000001,
        0.015635746585000002
      ]
    },
    {
      "command": "node ./testing/console.js",
      "mean": 0.04211540760500001,
      "stddev": 0.004312247849057575,
      "median": 0.040076301085,
      "user": 0.037056289999999985,
      "system": 0.005739037599999997,
      "min": 0.035353876585000006,
      "max": 0.051970792585,