{
  "results": [
    {
      "command": "./elsa run ./testing/console.js",
      "mean": 0.008435656135000002,
      "stddev": 0.0012501235602515298,
      "median": 0.008158246805000002,
      "user": 0.0052480387500000005,
      "system": 0.0039021041000000013,
      "min": 0.006737290805000001,
      "max": 0.016325830805,
      "times": [
        0.007801795805000001,
        0.007714594805000001,
        0.007776095805000001,
        0.009287501805,
        0.007909395805,
        0.0071267928050000005,
        0.007572694805,
        0.008019696805,
        0.007691894805,
        0.008120196805,
        0.007243092805,
        0.008604599805000002,
        0.008048395805,
        0.007683295805,
        0.008249696805000001,
        0.007769494805000001,
        0.007993196805000002,
        0.008145896805,
        0.010317506805000001,
        0.009779403805000001,
        0.009213700805,
        0.008554997805,
        0.0074972948050000005,
        0.007324592805,
        0.007932296805,
        0.007573593805000001,
        0.011363810805000001,
        0.016325830805,
        0.011145109805000001,
        0.012932816805000002,
        0.009690702805000001,
        0.011080209805000001,
        0.008896499805000001,
        0.008269897805,
        0.008964299805000001,
        0.008397697805000002,
        0.008165697805,
        0.008239996805000002,
        0.007371393805000001,
        0.008066396805,
        0.007661594805000001,
        0.007668994805000001,
        0.006737290805000001,
        0.007180592805,
        0.0071863928050000005,
        0.008439298805,
        0.008702298805000001,
        0.007627194805000001,
        0.007962395805000001,
        0.007840595805000001,
        0.007877695805000001,
        0.008156996805,
        0.009119401805000002,
        0.008905399805,
        0.008714298805000001,
        0.008428098805000001,
        0.008421897805000002,
        0.008864299805000002,
        0.007752195805000001,
        0.008365697805,
        0.008263096805000002,
        0.008073996805,
        0.008025196805,
        0.009101000805,
        0.009488202805000002,
        0.009227400805000001,
        0.008241197805000001,
        0.009594302805000001,
        0.008663398805000002,
        0.008367797805,
        0.008628698805000001,
        0.008434498805000001,
        0.007632394805000001,
        0.008217496805,
        0.008376697805000001,
        0.008531898805,
        0.008159496805000001,
        0.007848695805000002,
        0.007587994805000001,
        0.007452593805000001,
        0.007430693805000001,
        0.007421993805000001,
        0.008113696805,
        0.009428002805,
        0.008571997805,
        0.008497098805,
        0.009351101805000001,
        0.007371993805000001,
        0.008557798805,
        0.007388393805000001,
        0.0073857938050000006,
        0.008742098805000001,
        0.007917596805000001,
        0.008138696805000002,
        0.008058995805000002,
        0.009226501805,
        0.009413401805,
        0.007684995805000001,
        0.007895695805000002,
        0.0075782938050000005
      ]
    },
    {
      "command": "deno run ./testing/console.js",
      "mean": 0.016096784395000008,
      "stddev": 0.001563776651083188,
      "median": 0.015977928805,
      "user": 0.012024625,
      "system": 0.004042297299999999,
      "min": 0.013482918805,
      "max": 0.020158045805,
      "times": [
        0.013482918805,
        0.014164721805,
        0.014189921805000002,
        0.013637719805000002,
        0.019391743805,
        0.019641543805,
        0.015768728805,
        0.016502630805,
        0.015894128805,
        0.016904533805,
        0.016098029805,
        0.015330225805,
        0.014852424805000002,
        0.015390026805000002,
        0.014248221805,
        0.014572223805000001,
        0.014045120805000002,
        0.014661823805000002,
        0.014032220805000002,
        0.015296326805000003,
        0.014850524805000001,
        0.014468822805000002,
        0.014188221805000002,
        0.016641131805,
        0.015716827805,
        0.017127533805,
        0.015997628805,
        0.013574518805000001,
        0.013902420805000001,
        0.018041037805,
        0.014227521805,
        0.014951924805000003,
        0.018641839805,
        0.017272133805000003,
        0.018156037805,
        0.015083724805,
        0.017281334805000003,
        0.016696631805,
        0.018075037805000003,
        0.018848940805000002,
        0.017615634805000002,
        0.016131329805,
        0.016818532805,
        0.017273333805000003,
        0.016497430805,
        0.016327930805,
        0.016281029805000003,
        0.015497326805000003,
        0.017478235805000002,
        0.015314825805000001,
        0.015711827805000002,
        0.015972828805000002,
        0.014525622805000001,
        0.015027924805000002,
        0.015985028805000003,
        0.017523235805000002,
        0.016218629805000002,
        0.016152829805,
        0.015125124805000001,
        0.013701319805,
        0.014292121805000002,
        0.017042433805,
        0.015273525805,
        0.016387929805000003,
        0.014637323805000001,
        0.015781427805,
        0.016705331805,
        0.015983028805,
        0.016288729805000002,
        0.015414026805000001,
        0.015954228805,
        0.014062620805000002,
        0.015254025805000002,
        0.017702635805000002,
        0.015136225805,
        0.015185424805,
        0.014308422805000002,
        0.015337525805000002,
        0.014562022805000002,
        0.014979424805000002,
        0.014322021805000001,
        0.014388622805000001,
        0.015648927805,
        0.017301633805,
        0.017057933805,
        0.018681739805,
        0.017844636805,
        0.017434634805,
        0.017856335805,
        0.017592335805,
        0.019164841805000003,
        0.020102944805000002,
        0.020158045805,
        0.016958232805,
        0.015617926805000001,
        0.016905732805,
        0.018571338805,
        0.016889831805,
        0.017527334805000003,
        0.016335929805000003
      ]
    },
    {
      "command": "node ./testing/console.js",
      "mean": 0.043899946805,
      "stddev": 0.004210007625437956,
      "median": 0.043231805304999996,
      "user": 0.037298464999999996,
      "system": 0.0073115570000000015,
      "min": 0.036764710804999996,
      "max": 0.058491099805,