{
  "results": [
    {
      "command": "./elsa run ./testing/console.js",
      "mean": 0.0078064748150000005,
      "stddev": 0.0007525949848028562,
      "median": 0.007621854465000001,
      "user": 0.005859186800000002,
      "system": 0.0029286679999999997,
      "min": 0.006663091465000001,
      "max": 0.010766645465,
      "times": [
        0.007561603465,
        0.007466202465,
        0.007789707465,
        0.008170911465000001,
        0.007693605465000001,
        0.0077102054650000015,
        0.007624204465000001,
        0.0073394004650000014,
        0.007684104465000001,
        0.007566204465,
        0.009136124465000001,
        0.008163511465,
        0.008198812465000002,
        0.007977608465000001,
        0.009619130465,
        0.007693205465,
        0.007619504465000001,
        0.009846834465,
        0.007361200465,
        0.007220799465,
        0.007471602465000001,
        0.007899608465000001,
        0.008807720465000002,
        0.007262099465000001,
        0.009124924465000002,
        0.0076177044650000015,
        0.007951708465,
        0.008311813465000002,
        0.008089510465000001,
        0.0075398034650000015,
        0.007218998465000001,
        0.007866708465,
        0.007289499465000002,
        0.007566603465,
        0.007259900465000002,
        0.007612603465000001,
        0.0075771044650000015,
        0.007831607465000001,
        0.007139497465,
        0.007850007465000001,
        0.007249299465000001,
        0.007626604465000001,
        0.007325100465000001,
        0.007790307465,
        0.007461501465000001,
        0.006982896465000001,
        0.0068086934650000005,
        0.007889808465,
        0.007505902465,
        0.010273539465,
        0.008835021465,
        0.007882307465,
        0.007474902465000001,
        0.007978809465,
        0.007631404465000002,
        0.008451515465000002,
        0.007393701465000001,
        0.007611803465000001,
        0.006737793465000001,
        0.008446114465000001,
        0.007637404465000001,
        0.008437914465000002,
        0.007120397465000001,
        0.007390600465000001,
        0.006747593465000001,
        0.007368800465,
        0.007296700465000002,
        0.007889107465000001,
        0.007215999465000001,
        0.007220498465000001,
        0.007796807465000001,
        0.0071158974650000015,
        0.008085210465000001,
        0.010766645465,
        0.007636004465,
        0.006689291465000001,
        0.009813133465,
        0.007989009465,
        0.007455602465000001,
        0.009352127465,
        0.008104210465000001,
        0.007917108465000001,
        0.007573703465000001,
        0.008238612465000001,
        0.0074394024650000015,
        0.007222698465000002,
        0.006857194465000001,
        0.008401314465,
        0.007673005465,
        0.007609704465,
        0.009116123465,
        0.006965195465000001,
        0.008555216465000001,
        0.006663091465000001,
        0.007499602465000001,
        0.008239212465000001,
        0.007601404465000001,
        0.006986195465000001,
        0.007504403465,
        0.007366400465000001
      ]
    },
    {
      "command": "deno run ./testing/console.js",
      "mean": 0.015174926494999994,
      "stddev": 0.0010934497285225273,
      "median": 0.014918950965,
      "user": 0.011416610000000004,
      "system": 0.0038032207999999994,
      "min": 0.013841087465,
      "max": 0.021854793465,
      "times": [
        0.015224305465000003,
        0.015625810465,
        0.014598397465000001,
        0.014516095465000002,
        0.018270245465,
        0.015367407465000002,
        0.014974201465000002,
        0.015194305465,
        0.016803926465,
        0.014367393465000001,
        0.015255706465000003,
        0.015086203465000001,
        0.015144503465000002,
        0.014330693465,
        0.015874614465,
        0.015769512465,
        0.018146943465,
        0.014363394465000002,
        0.014881600465000002,
        0.014979602465,
        0.014637197465000001,
        0.014310292465,
        0.014595997465000001,
        0.015200504465000002,
        0.014650097465000001,
        0.014710198465000001,
        0.014820300465000002,
        0.014429894465,
        0.014536096465000002,
        0.014046489465,
        0.015776212464999998,
        0.014281192465000002,
        0.017942441465,
        0.014717198465000001,
        0.015322406465000002,
        0.014236592465000001,
        0.014673797465000001,
        0.014973102465,
        0.015627010465,
        0.014869100465000002,
        0.014450495465000001,
        0.014373593465,
        0.015771512464999998,
        0.014430395465,
        0.014821499465000002,
        0.014052189465000002,
        0.015092303465,
        0.015041503465,
        0.014703598465000002,
        0.014240291465,
        0.015519609465000002,
        0.015345406465000001,
        0.015095703465,
        0.014889600465000001,
        0.014241992465,
        0.015112403465000002,
        0.015305106465000001,
        0.015274205465000001,
        0.016871527465,
        0.015608809465,
        0.015677011465,
        0.014633997465000001,
        0.015000301465000003,
        0.016240718464999998,
        0.016783025465,
        0.016923127465,
        0.013841087465,
        0.014299392465000001,
        0.021854793465,
        0.016308719465,
        0.015920413464999998,
        0.014613696465000001,
        0.014820599465,
        0.014277992465000002,
        0.015010502465,
        0.014277192465000001,
        0.015389507465000002,
        0.014673697465000001,
        0.014658497465000002,
        0.015131403465,
        0.015800412465,
        0.015598310465000003,
        0.014924200465,
        0.014656797465000001,
        0.014316392465000001,
        0.014172491465000001,
        0.014761798465000002,
        0.014152391465,
        0.016147817465,
        0.015006101465000003,
        0.016200318465,
        0.014558596465000002,
        0.014292592465000002,
        0.014514695465000001,
        0.014461595465000001,
        0.014780898465000001,
        0.016705225465,
        0.014982801465000002,
        0.014913701465,
        0.014837099465000001
      ]
    },
    {
      "command": "node ./testing/console.js",
      "mean": 0.04004426356500001,
      "stddev": 0.0025691063733192365,
      "median": 0.03933402246500001,
      "user": 0.03441957000000001,
      "system": 0.006574149600000002,
      "min": 0.035490871465000004,
      "max": 0.051372882465,