{
  "results": [
    {
      "command": "./elsa run ./testing/bench_scripts/fs.js --fs",
      "mean": 0.008870133850000003,
      "stddev": 0.001941266852118999,
      "median": 0.0084471319,
      "user": 0.005536729900000001,
      "system": 0.004088748999999999,
      "min": 0.0068122719,
      "max": 0.022408567900000002,
      "times": [
        0.0083414819,
        0.0085682829,
        0.007559976899999999,
        0.0102136939,
        0.0077114778999999994,
        0.008074779899999999,
        0.0069436728999999996,
        0.0077227779,
        0.0084662829,
        0.0073175749,
        0.0079694799,
        0.0068122719,
        0.0085018829,
        0.0099065909,
        0.009244286899999999,
        0.0092268869,
        0.0074002758999999994,
        0.0087515849,
        0.0075213759,
        0.007895778899999999,
        0.007866578899999999,
        0.0073794759,
        0.0072408748999999994,
        0.0081187799,
        0.0081636809,
        0.007669477899999999,
        0.007955378899999999,
        0.0071555739,
        0.008744984899999999,
        0.008281180899999999,
        0.0090092859,
        0.0090189859,
        0.0075102759,
        0.0101155929,
        0.0085005829,
        0.0080579799,
        0.0085978829,
        0.008189180899999999,
        0.0077762779,
        0.007244174899999999,
        0.008608782899999999,
        0.0074743768999999995,
        0.0083236809,
        0.0094597889,
        0.0075736768999999995,
        0.009393187899999999,
        0.0082143809,
        0.0082041809,
        0.0084359819,
        0.0083019819,
        0.007644776899999999,
        0.0076959778999999996,
        0.0084582819,
        0.0082570809,
        0.0078170789,
        0.008982085899999999,
        0.0084667819,
        0.0091870869,
        0.0090532859,
        0.0080766799,
        0.008403181899999999,
        0.0076205779,
        0.0079072789,
        0.007784577899999999,
        0.0078091779,
        0.008075379899999999,
        0.0090100849,
        0.008853084899999999,
        0.0090415859,
        0.009888590899999999,
        0.0083475809,
        0.007353275899999999,
        0.0077610779,
        0.008704483899999999,
        0.022408567900000002,
        0.0100828929,
        0.0087478839,
        0.007908978899999999,
        0.008593282899999999,
        0.008503582899999999,
        0.0113871999,
        0.014660320899999999,
        0.0105265949,
        0.0109955979,
        0.0125018069,
        0.0122281059,
        0.0094567879,
        0.0099002919,
        0.0122562049,
        0.0088850849,
        0.0086481839,
        0.008363781899999999,
        0.0086593829,
        0.0078757789,
        0.0110200979,
        0.0096231889,
        0.0088897849,
        0.011905003899999999,
        0.008836384899999999,
        0.0132129109
      ]
    },
    {
      "command": "deno run --allow-read ./testing/bench_scripts/fs_deno.js",
      "mean": 0.01574505964,
      "stddev": 0.0014773384707030977,
      "median": 0.0154830739,
      "user": 0.012067934999999995,
      "system": 0.0038048474999999985,
      "min": 0.0133687109,
      "max": 0.022039063900000003,
      "times": [
        0.0146425189,
        0.0144026179,
        0.0141643169,
        0.0153905239,
        0.0152333229,
        0.017475836900000003,
        0.0149812209,
        0.015903626900000002,
        0.016707032900000002,
        0.018748743900000003,
        0.016635731900000002,
        0.0152077229,
        0.0155690249,
        0.015102821899999999,
        0.0144839179,
        0.0149847209,
        0.014967321899999999,
        0.015793125900000003,
        0.015578624899999999,
        0.0147137199,
        0.0138137139,
        0.015466023899999999,
        0.0178802389,
        0.0165280309,
        0.015782825900000002,
        0.015432222899999999,
        0.0152509229,
        0.0148197199,
        0.0148254209,
        0.017632536900000002,
        0.015838225900000003,
        0.0146958189,
        0.0147960199,
        0.015583524900000001,
        0.015578224900000001,
        0.017783737900000002,
        0.0166336309,
        0.018276540900000002,
        0.016213628900000002,
        0.015490523899999999,
        0.015853926900000002,
        0.019032244900000002,
        0.0171037339,
        0.015619624899999998,
        0.0193838479,
        0.0153794229,
        0.0148535209,
        0.017947638900000003,
        0.017947738900000003,
        0.015855025900000003,
        0.018732943900000004,
        0.0157478259,
        0.0148211199,
        0.0158530269,
        0.0133739109,
        0.0136174129,
        0.0145349179,
        0.0141900169,
        0.015539123899999998,
        0.016147727900000002,
        0.0153315239,
        0.0141046149,
        0.015095921900000002,
        0.015358623900000002,
        0.0146546189,
        0.0142197159,
        0.0160125279,
        0.017744637900000002,
        0.0168176319,
        0.015028920900000001,
        0.0139947159,
        0.0133687109,
        0.0144397179,
        0.0144508179,
        0.0160258269,
        0.0154815239,
        0.0151202219,
        0.022039063900000003,
        0.0163983299,
        0.0187679439,
        0.0172020339,
        0.016665030900000002,
        0.0187569429,
        0.0159103259,
        0.0151872219,
        0.0143802169,
        0.0137516139,
        0.0145815179,
        0.0146466189,
        0.0154846239,
        0.0150845209,
        0.014718918899999999,
        0.0159097259,
        0.0146270189,
        0.0140621149,
        0.0148624199,
        0.015916425900000003,
        0.0156441239,
        0.0156153249,
        0.016500829900000003
      ]
    },
    {
      "command": "node ./testing/bench_scripts/fs_node.js",
      "mean": 0.040971930749999996,
      "stddev": 0.0035056735180823595,
      "median": 0.040305216399999996,
      "user": 0.03420402499999999,
      "system": 0.007662865999999999,
      "min": 0.0340003309,
      "max": 0.0578894679,