{
  "results": [
    {
      "command": "./elsa run ./testing/bench_scripts/fs.js --fs",
      "mean": 0.008695136124999996,
      "stddev": 0.00047731147112652496,
      "median": 0.008630852514999999,
      "user": 0.005011652600000002,
      "system": 0.0044285921500000006,
      "min": 0.007619198015000001,
      "max": 0.011208668015,
      "times": [
        0.009204663015,
        0.008934434015,
        0.008196257015,
        0.008257965015,
        0.008388378015,
        0.008454284014999999,
        0.009172759015,
        0.008913232015,
        0.009123453015,
        0.009110052015,
        0.008896330015,
        0.008795019014999999,
        0.008393978015,
        0.010127257015,
        0.009498592015,
        0.008949835015,
        0.008365376015,
        0.008447783015,
        0.008401979015,
        0.008462185015,
        0.008554294015,
        0.009085550014999999,
        0.008346273014999999,
        0.008397479014999999,
        0.008157753015,
        0.008600099015,
        0.008158154015,
        0.007821319015,
        0.007619198015000001,
        0.008073845015,
        0.009278470015,
        0.009069548015,
        0.008778917015,
        0.008481988014999999,
        0.011208668015,
        0.008954336015,
        0.008803920015,
        0.008864526014999999,
        0.009258267015,
        0.008762616015,
        0.008703510014999999,
        0.008048242015,
        0.008984039014999999,
        0.008222060015,
        0.008015639015,
        0.009172358015,
        0.008827323015,
        0.009241565015,
        0.008518891015,
        0.008276166015,
        0.008840724014999999,
        0.008405179015,
        0.008928033015,
        0.009484791014999999,
        0.008534093014999999,
        0.008652605015,
        0.009111852015,
        0.008876528015,
        0.008677407015,
        0.008109349015,
        0.008488087015,
        0.008613601015,
        0.008779717014999999,
        0.008723112015,
        0.008662306015,
        0.008364375015,
        0.008698509015,
        0.008547694015,
        0.009316073014999999,
        0.008481187014999999,
        0.009310572014999999,
        0.008784518015,
        0.008660305015,
        0.009186660014999999,
        0.008624802015,
        0.008297268015,
        0.008898130015,
        0.008338172014999999,
        0.008521691015,
        0.008483087015,
        0.008520291014999999,
        0.009101451015,
        0.008611400015,
        0.008207759015,
        0.008449984015,
        0.008496989015,
        0.008639204014999999,
        0.008636903014999999,
        0.008844725014999999,
        0.008566996015,
        0.008190057015,
        0.008460685015,
        0.008515490015,
        0.009329175015,
        0.009105552014999999,
        0.008338073015,
        0.008874027014999999,
        0.008493388014999999,
        0.008338672015,
        0.008013539015
      ]
    },
    {
      "command": "deno run --allow-read ./testing/bench_scripts/fs_deno.js",
      "mean": 0.016675043964999997,
      "stddev": 0.00046378088437931995,
      "median": 0.016540656515000002,
      "user": 0.01258408,
      "system": 0.004209574599999999,
      "min": 0.016129167015,
      "max": 0.018363686015000002,
      "times": [
        0.016325086015,
        0.016995756015,
        0.016351089015,
        0.016129167015,
        0.016136068015,
        0.016237877015,
        0.016583213015,
        0.016407896015,
        0.017142070015,
        0.016521507015,
        0.016541209015,
        0.016635818015,
        0.016515806015,
        0.017995258015,
        0.016792635015,
        0.016163970015,
        0.016655518015,
        0.016233173015,
        0.016538504015,
        0.016318382015,
        0.016631614015,
        0.016487299015,
        0.016442394015,
        0.016538304015,
        0.016448495015,
        0.016338284015,
        0.016333984015,
        0.016377788015,
        0.017170969015,
        0.016611512015,
        0.017114863015,
        0.017333986015,
        0.017399592015,
        0.016964248015,
        0.017599112015,
        0.016582309015,
        0.016756627015,
        0.016561407015,
        0.016405791015,
        0.016310881015,
        0.016259676015,
        0.016298480015,
        0.016268077015,
        0.016181868015,
        0.016231173015,
        0.016568807015,
        0.016553406015,
        0.017462699015,
        0.016546305015,
        0.016491699015,
        0.017307783015,
        0.016601511015,
        0.016537804015,
        0.016639515015,
        0.016610012015,
        0.016716923015,
        0.016540104015,
        0.016531704015,
        0.016499101015,
        0.016539404015,
        0.016521002015,
        0.016863438015,
        0.016615012015,
        0.017242277015,
        0.016684419015,
        0.016534504015,
        0.016522803015,
        0.017390591015,
        0.016682819015,
        0.016292880015,
        0.016464697015,
        0.016752226015,
        0.017237676015,
        0.016539004015,
        0.016751422015,
        0.016686815015,
        0.018074657015,
        0.016415688015,
        0.016380085015,
        0.016460593015,
        0.016704617015,
        0.016652912015,
        0.017325380015,
        0.016713818015,
        0.016242270015,
        0.016304177015,
        0.016383185015,
        0.016567703015,
        0.016414187015,
        0.016560203015,
        0.017929242015,
        0.016299876015,
        0.016228268015,
        0.016148061015,
        0.018363686015000002,
        0.018244274015,
        0.016331779015,
        0.016464993015,
        0.016634110015,
        0.016863534015
      ]
    },
    {
      "command": "node ./testing/bench_scripts/fs_node.js",
      "mean": 0.039925712735,
      "stddev": 0.0010604021685607615,
      "median": 0.039873973515,
      "user": 0.03325156,
      "system": 0.0081164031,
      "min": 0.037968832015,
      "max": 0.043257974015,