{
  "results": [
    {
      "command": "./elsa run ./testing/bench_scripts/fs.js --fs",
      "mean": 0.008262762389999994,
      "stddev": 0.0006028951654349224,
      "median": 0.00819279273,
      "user": 0.005906438250000003,
      "system": 0.0030792732000000005,
      "min": 0.00725766223,
      "max": 0.01054973023,
      "times": [
        0.009646258230000001,
        0.00829145123,
        0.008554072230000001,
        0.00856257323,
        0.00823654723,
        0.008353056230000001,
        0.0075887952300000006,
        0.00886749723,
        0.00867728123,
        0.01054973023,
        0.01008729323,
        0.00985487523,
        0.00921652423,
        0.00875058723,
        0.008963404230000001,
        0.00836335623,
        0.00856527223,
        0.008424062230000001,
        0.008456264230000001,
        0.008211844230000001,
        0.00774610723,
        0.007670301230000001,
        0.0075133892300000005,
        0.007483387230000001,
        0.007563493230000001,
        0.00801782923,
        0.00819544323,
        0.008029630230000001,
        0.00881569223,
        0.008320553230000001,
        0.00823944723,
        0.008190142230000001,
        0.008125638230000001,
        0.007969025230000001,
        0.008313853230000001,
        0.00829745123,
        0.00832305323,
        0.00812113723,
        0.008102136230000001,
        0.00801762923,
        0.007889519230000001,
        0.00880289123,
        0.007879118230000001,
        0.00747288623,
        0.007550392230000001,
        0.00760489623,
        0.008243447230000001,
        0.007884219230000001,
        0.007478087230000001,
        0.00739298023,
        0.007693503230000001,
        0.00781811323,
        0.00780241223,
        0.00822444123,
        0.00812633123,
        0.00784900923,
        0.0076708952300000004,
        0.00789411223,
        0.00780820623,
        0.0076705952300000005,
        0.00890419223,
        0.00804112423,
        0.00822293823,
        0.00785891023,
        0.008149133230000001,
        0.00837715023,
        0.00790971423,
        0.007555386230000001,
        0.00810022923,
        0.007467479230000001,
        0.00838655123,
        0.00830444523,
        0.00788251123,
        0.00725766223,
        0.007292666230000001,
        0.007996620230000001,
        0.00803382323,
        0.008624070230000001,
        0.0078083052300000014,
        0.00862857023,
        0.00792191523,
        0.008726178230000001,
        0.008541963230000001,
        0.00835444823,
        0.007847508230000001,
        0.008745079230000001,
        0.00891189323,
        0.007949817230000001,
        0.008112030230000001,
        0.00790361323,
        0.00863357023,
        0.00865497223,
        0.008210437230000001,
        0.00807092623,
        0.00934802623,
        0.00928272123,
        0.00941273123,
        0.009137810230000001,
        0.00888209023,
        0.00879488323
      ]
    },
    {
      "command": "deno run --allow-read ./testing/bench_scripts/fs_deno.js",
      "mean": 0.016309420989999993,
      "stddev": 0.0006660509573785559,
      "median": 0.016076621729999997,
      "user": 0.012378985,
      "system": 0.00405644,
      "min": 0.01568108523,
      "max": 0.02040986223,
      "times": [
        0.01607862823,
        0.018241495229999998,
        0.01612693223,
        0.01585341223,
        0.01607952923,
        0.015941818229999998,
        0.01587761323,
        0.01713731023,
        0.01580710723,
        0.016736279229999998,
        0.01646015823,
        0.01618363723,
        0.01668027523,
        0.01615203423,
        0.016064828229999998,
        0.01615843523,
        0.016330648229999998,
        0.01703110223,
        0.01622643923,
        0.01606352723,
        0.01604622623,
        0.01587761423,
        0.01606152723,
        0.01650586123,
        0.016977097229999998,
        0.01647195923,
        0.016059627229999998,
        0.01581860823,
        0.01589111423,
        0.02040986223,
        0.01621383923,
        0.01629744623,
        0.01603512523,
        0.015988222229999998,
        0.01589151423,
        0.016125232229999998,
        0.01597342023,
        0.01613763323,
        0.01628754523,
        0.01728712223,
        0.015925716229999998,
        0.01595621923,
        0.01818579023,
        0.01831980123,
        0.01649876123,
        0.01652526323,
        0.015990022229999998,
        0.01609663023,
        0.01604322623,
        0.01720261523,
        0.01572859723,
        0.01666966023,
        0.01651534823,
        0.01632283423,
        0.01609341723,
        0.01682737223,
        0.01627583023,
        0.01597220723,
        0.017434518229999998,
        0.01609481723,
        0.01643144223,
        0.01716359823,
        0.01584489723,
        0.01590910223,
        0.01587189923,
        0.01606211423,
        0.01589970223,
        0.016008610229999998,
        0.01593370523,
        0.01595740623,
        0.01711729423,
        0.01615622123,
        0.015786293229999998,
        0.01595290623,
        0.01585039823,
        0.01573959023,
        0.01603901323,
        0.01584339823,
        0.01586880023,
        0.01597900823,
        0.01593090423,
        0.01684347423,
        0.016391639229999998,
        0.016272531229999998,
        0.01615972223,
        0.01602051123,
        0.01585469823,
        0.01607461523,
        0.01602081223,
        0.01634663623,
        0.016672461229999998,
        0.016199524229999998,
        0.01695838223,
        0.01600261023,
        0.015711988229999998,
        0.01606441423,
        0.01594440523,
        0.016038212229999998,
        0.01607161523,
        0.01568108523
      ]
    },
    {
      "command": "node ./testing/bench_scripts/fs_node.js",
      "mean": 0.03890462445,
      "stddev": 0.0012860500865970403,
      "median": 0.038690613730000004,
      "user": 0.033577395,
      "system": 0.006522229599999999,
      "min": 0.03720595723,
      "max": 0.04387706823,