{
  "results": [
    {
      "command": "./elsa run ./testing/bench_scripts/fs.js --fs",
      "mean": 0.007716052315,
      "stddev": 0.0012044577050165266,
      "median": 0.007389921725000001,
      "user": 0.004797517100000001,
      "system": 0.0038116396499999995,
      "min": 0.006150422725000001,
      "max": 0.015673613725,
      "times": [
        0.008418020725,
        0.008754619725000001,
        0.006918922725000001,
        0.008604919725,
        0.007501821725000001,
        0.007688321725000002,
        0.006776921725000001,
        0.007916121725000001,
        0.007370621725000001,
        0.008850819725,
        0.006735922725000001,
        0.007959420725,
        0.007331721725000001,
        0.007155021725000001,
        0.007142921725,
        0.0067690227250000005,
        0.007150321725000001,
        0.006851021725000001,
        0.008338720725,
        0.007333521725000001,
        0.008401720725,
        0.008499420725,
        0.009789319725,
        0.008123720725,
        0.007779820725000002,
        0.010108919725,
        0.0074137207250000005,
        0.007177422725000001,
        0.007459220725000001,
        0.008666020725000001,
        0.0077520217250000014,
        0.006976421725000001,
        0.010973017725,
        0.010108118725,
        0.008488120725,
        0.007335821725000001,
        0.006684822725000001,
        0.007496321725,
        0.007475221725000001,
        0.0072817217250000016,
        0.006944121725000001,
        0.007167921725000001,
        0.008441720725,
        0.008759819725,
        0.007522921725,
        0.0073958217250000005,
        0.009198719725,
        0.015673613725,
        0.008354720725,
        0.006967321725000001,
        0.008026820725,
        0.007328621725000001,
        0.0064861227250000006,
        0.007267621725,
        0.006361322725000001,
        0.007705921725000001,
        0.006584022725000001,
        0.008242220725,
        0.007669520725000001,
        0.010157018725,
        0.008239620725,
        0.006315022725000001,
        0.007495621725000001,
        0.0072588217250000005,
        0.006716522725000001,
        0.007347121725000002,
        0.0066304227250000005,
        0.006675721725000001,
        0.007132521725000001,
        0.007597321725000001,
        0.006856121725000001,
        0.007002422725000001,
        0.0068652217250000005,
        0.006150422725000001,
        0.007062622725000001,
        0.006453821725000001,
        0.006792122725000001,
        0.007204921725000001,
        0.007657121725000001,
        0.007660720725000001,
        0.008797120725,
        0.008552820725,
        0.007925520725,
        0.007282421725000001,
        0.008313720725,
        0.007187121725000001,
        0.0071557217250000004,
        0.006409222725000001,
        0.007031821725000001,
        0.007384021725000001,
        0.0072918217250000006,
        0.007316521725000001,
        0.007290121725,
        0.007996321725,
        0.008900719725,
        0.007576121725000002,
        0.007849720725,
        0.008029321725,
        0.007049021725000001,
        0.0073362217250000005
      ]
    },
    {
      "command": "deno run --allow-read ./testing/bench_scripts/fs_deno.js",
      "mean": 0.015403611664999999,
      "stddev": 0.0013218227782508154,
      "median": 0.015152913725,
      "user": 0.012144550000000002,
      "system": 0.0034052988000000005,
      "min": 0.013301815725,
      "max": 0.019732908725,
      "times": [
        0.014496713725,
        0.014666614725,
        0.014397614725,
        0.013605715725,
        0.014571313725,
        0.014418314725,
        0.014347514725,
        0.014303814725,
        0.017229512725,
        0.014635113725000001,
        0.014642914725000001,
        0.014251914725,
        0.015139213725,
        0.014756214725000001,
        0.014420514725,
        0.014462214725,
        0.014142014725,
        0.013620614725,
        0.013376015725,
        0.014227215725,
        0.013618414725,
        0.014377414725,
        0.013301815725,
        0.016094012725000002,
        0.015208714725,
        0.015166613725,
        0.013968114725000001,
        0.015552613725,
        0.015227413725,
        0.014717014725,
        0.014748813725,
        0.015349913725,
        0.015864613725,
        0.016836911725,
        0.015544913725000001,
        0.016046812725,
        0.014092415725,
        0.013773314725000001,
        0.015003613725,
        0.015475913725000002,
        0.017781711725,
        0.015844212725,
        0.015720413725,
        0.014953413725,
        0.014761214725000001,
        0.014615114725000001,
        0.015646812725,
        0.017549711725,
        0.016321312725000002,
        0.015020414725,
        0.015138113725,
        0.014455314725000001,
        0.014525313725,
        0.013551715725,
        0.013828915725,
        0.014027914725,
        0.014849114725000001,
        0.013895615725000001,
        0.015206813725,
        0.015052313725000002,
        0.014614314725,
        0.013978714725,
        0.014165615725,
        0.013826414725,
        0.013880915725,
        0.014372314725,
        0.014269914725000001,
        0.013644614725,
        0.013528315725,
        0.016377512725,
        0.017242011725,
        0.016365212725,
        0.016775612725,
        0.016725711725000002,
        0.017913011725,
        0.016907111725,
        0.017315211725,
        0.017740611725,
        0.019732908725,
        0.016722512725,
        0.016273912725,
        0.015945313725,
        0.017000011725,
        0.017045411725,
        0.015869513725,
        0.016450512725,
        0.016650911725000002,
        0.016089513725,
        0.016607811725,
        0.016405012725,
        0.016201112725,
        0.017126912725000002,
        0.017858710725,
        0.016586012725,
        0.018019210725000002,
        0.016666812725,
        0.016901711725,
        0.015954113725,
        0.015716712725000002,
        0.016467412725
      ]
    },
    {
      "command": "node ./testing/bench_scripts/fs_node.js",
      "mean": 0.037869580325000006,
      "stddev": 0.002569219334692623,
      "median": 0.037724341225000006,
      "user": 0.03210954,
      "system": 0.00667488435,
      "min": 0.032394196725000005,
      "max": 0.047104182725000006,