{
  "results": [
    {
      "command": "./elsa run ./testing/bench_scripts/fs.js --fs",
      "mean": 0.008341164425,
      "stddev": 0.0016903125839489758,
      "median": 0.008019281125,
      "user": 0.004337177950000001,
      "system": 0.0046529122000000004,
      "min": 0.006892557625,
      "max": 0.019580018625000004,
      "times": [
        0.008287386625,
        0.008215184625,
        0.007827276625,
        0.007747475625,
        0.008162284625,
        0.007405968625,
        0.008315986625,
        0.007546971625000001,
        0.008410989625,
        0.007944679625000001,
        0.008254785625,
        0.008126983625,
        0.007711774625000001,
        0.007736075625,
        0.007682374625,
        0.009264506625,
        0.008379688625,
        0.007452669625,
        0.019580018625000004,
        0.008496690625,
        0.007227064625,
        0.009117102625,
        0.008275185625,
        0.008267886625,
        0.008731795625,
        0.007392168625000001,
        0.0074342686250000005,
        0.007604172625000001,
        0.008392588625,
        0.008656193625000001,
        0.008936699625,
        0.008519391625,
        0.008397088625,
        0.017270971625000003,
        0.009397008625,
        0.008348487625,
        0.007580971625,
        0.010187924625,
        0.008421988625,
        0.007946279625,
        0.008731495625,
        0.008081981625,
        0.007883277625,
        0.008417789625,
        0.007496570625000001,
        0.006892557625,
        0.007971579625000001,
        0.007749775625,
        0.007718874625,
        0.0072516656250000006,
        0.007712273625,
        0.010315227625000001,
        0.007919378625000001,
        0.007567271625,
        0.007548070625,
        0.0071179616250000004,
        0.007860077625,
        0.007152663625,
        0.008077981625,
        0.0074107686249999995,
        0.007671073625,
        0.008343687625,
        0.007914778625,
        0.007620372625,
        0.008333087625,
        0.0073222666250000006,
        0.008230984625,
        0.007655773625000001,
        0.008168883625,
        0.008382288625,
        0.007825276625,
        0.008437589625,
        0.007247764625,
        0.008403487625,
        0.008280285625,
        0.0076906746249999994,
        0.008413988625,
        0.008339587625,
        0.0073225666250000005,
        0.007799775625,
        0.009079301625000001,
        0.008280585625,
        0.0077752756249999996,
        0.007365667625000001,
        0.008542491625,
        0.009496410625,
        0.014026703625000001,
        0.008057981625,
        0.008470489625,
        0.007980580625,
        0.0076092716250000005,
        0.007941178625,
        0.007715274625000001,
        0.008518190625,
        0.008413788625,
        0.007483469625000001,
        0.007282965625,
        0.009466710625000001,
        0.007853077625,
        0.007820576625
      ]
    },
    {
      "command": "deno run --allow-read ./testing/bench_scripts/fs_deno.js",
      "mean": 0.017824507405000006,
      "stddev": 0.0008738584342359956,
      "median": 0.017573074625000004,
      "user": 0.013598345000000003,
      "system": 0.004325068600000001,
      "min": 0.016905060625000003,
      "max": 0.021537155625000002,
      "times": [
        0.017823979625000003,
        0.018405792625000004,
        0.018016283625000004,
        0.018345090625,
        0.018003183625000002,
        0.017910281625000003,
        0.019874621625,
        0.017256068625000003,
        0.019875222625,
        0.017591975625000002,
        0.017846680625000003,
        0.017218167625000003,
        0.017828279625000002,
        0.017546474625000003,
        0.018136686625000002,
        0.018617496625000004,
        0.017109065625000003,
        0.017534973625000002,
        0.017323769625000002,
        0.021537155625000002,
        0.017067764625000002,
        0.017553074625,
        0.017953482625000003,
        0.017383871625000002,
        0.018274088625000004,
        0.017572974625,
        0.017300169625000004,
        0.018028983625,
        0.018816899625,
        0.021433053625000004,
        0.017640676625000004,
        0.017140166625,
        0.017260167625000003,
        0.017712876625000002,
        0.020472333625000002,
        0.018011982625000002,
        0.017470071625000003,
        0.018156585625000003,
        0.017834178625000002,
        0.017406170625,
        0.017168165625000002,
        0.017377770625000004,
        0.018552293625000004,
        0.018502892625000003,
        0.017006862625000004,
        0.018052484625000004,
        0.019496512625000004,
        0.017173165625000004,
        0.019344910625000003,
        0.017069063625000002,
        0.017378170625,
        0.016933561625000003,
        0.017667575625,
        0.018245887625000002,
        0.018251687625000002,
        0.018254188625000004,
        0.017902680625000004,
        0.018243687625,
        0.017704577625000002,
        0.017422870625000003,
        0.016952761625000003,
        0.017126865625,
        0.017655175625000002,
        0.017374470625000003,
        0.017202766625,
        0.017508572625000003,
        0.017331268625000004,
        0.017247367625000003,
        0.017573174625000004,
        0.017568873625000002,
        0.017720276625000003,
        0.016905060625000003,
        0.017327369625000002,
        0.017030762625,
        0.017052363625000004,
        0.017032162625000003,
        0.017614075625000003,
        0.016972261625000002,
        0.017102464625,
        0.017562874625000002,
        0.017380769625000004,
        0.017606774625000002,
        0.017799278625,
        0.017451171625,
        0.017600975625,
        0.017295468625,
        0.017374369625000004,
        0.017479571625000002,
        0.017007162625000002,
        0.019843319625,
        0.019125404625000002,
        0.017084463625,
        0.017152765625000004,
        0.017662874625,
        0.018310787625,
        0.017411670625000004,
        0.018127484625000002,
        0.017406170625,
        0.017867279625000003,
        0.017562172625000004
      ]
    },
    {
      "command": "node ./testing/bench_scripts/fs_node.js",
      "mean": 0.045563022355000024,
      "stddev": 0.003754077544699649,
      "median": 0.044254303625000005,
      "user": 0.03757978500000001,
      "system": 0.009589236199999997,
      "min": 0.041583048625,
      "max": 0.060937339625,