{
  "results": [
    {
      "command": "./elsa run ./testing/bench_scripts/fs.js --fs",
      "mean": 0.00744600192,
      "stddev": 0.00048428541278725424,
      "median": 0.007318963800000001,
      "user": 0.004940351199999997,
      "system": 0.0034021399999999997,
      "min": 0.0067492343,
      "max": 0.0087473453,
      "times": [
        0.0087473453,
        0.007402371300000001,
        0.007923699300000002,
        0.0078731973,
        0.0074625753000000005,
        0.008421027300000002,
        0.0071740583,
        0.0070987543,
        0.008135411300000001,
        0.007355268300000001,
        0.0071022543,
        0.008150612300000002,
        0.007137356300000001,
        0.007953902300000001,
        0.0073243663,
        0.0069334443,
        0.007944700300000001,
        0.0068352393000000004,
        0.0074897763,
        0.0080572073,
        0.0078354943,
        0.007864496300000001,
        0.007999404300000002,
        0.008010105300000002,
        0.008191314300000002,
        0.0067492343,
        0.0074307723,
        0.006984848300000001,
        0.0078571963,
        0.006976648300000001,
        0.008331122300000002,
        0.0069158443000000005,
        0.006906044300000001,
        0.0069397453,
        0.0071131543,
        0.007852395300000002,
        0.006799137300000001,
        0.0071443573,
        0.0073478683,
        0.007822494300000002,
        0.0072414623,
        0.007834494300000001,
        0.0072589633,
        0.007264963300000001,
        0.0069872483,
        0.006806635300000001,
        0.007354263300000001,
        0.0080477023,
        0.007063548300000001,
        0.006782932300000001,
        0.0070073453,
        0.0071890543,
        0.007098249300000001,
        0.0074121673,
        0.0076401793,
        0.007963196300000001,
        0.0068433353,
        0.006966743300000001,
        0.0067931333,
        0.0069220403000000005,
        0.0072236563,
        0.008077503300000002,
        0.0068038333,
        0.0070823493000000005,
        0.0071119513,
        0.007138852300000001,
        0.007128351300000001,
        0.007994599300000002,
        0.007179854300000001,
        0.0071637533,
        0.007198655300000001,
        0.007392065300000001,
        0.006952642300000001,
        0.008436523300000002,
        0.0071334513,
        0.0069834433,
        0.008231512300000002,
        0.0073406633,
        0.008459024300000001,
        0.007313561300000001,
        0.007357563300000001,
        0.007025046300000001,
        0.008050202300000002,
        0.0079128943,
        0.008396321300000002,
        0.007635079300000001,
        0.008134506300000002,
        0.007418167300000001,
        0.0070112443,
        0.0074860713,
        0.0073956663,
        0.0077660863,
        0.0072232563000000005,
        0.0069981443,
        0.0072340573,
        0.0073055603000000005,
        0.007354263300000001,
        0.0080373013,
        0.0072769603,
        0.0071636533
      ]
    },
    {
      "command": "deno run --allow-read ./testing/bench_scripts/fs_deno.js",
      "mean": 0.017011595709999997,
      "stddev": 0.000978048015457836,
      "median": 0.0170477638,
      "user": 0.013620340000000002,
      "system": 0.0035704600000000014,
      "min": 0.015029266300000002,
      "max": 0.0193530973,
      "times": [
        0.0163312353,
        0.0173384893,
        0.0172951873,
        0.015067168300000001,
        0.015258378300000002,
        0.0160108183,
        0.0170781753,
        0.0168217623,
        0.0174016923,
        0.0181786343,
        0.017592703300000002,
        0.0193530973,
        0.0173024873,
        0.015327682300000001,
        0.0165062453,
        0.0176342053,
        0.0181936353,
        0.0171851813,
        0.0186758613,
        0.0180684283,
        0.0168401633,
        0.017170580300000002,
        0.0182447383,
        0.0166404523,
        0.0165190453,
        0.0178989203,
        0.0167761593,
        0.0168651643,
        0.0165498473,
        0.015594296300000003,
        0.0161217243,
        0.015228176300000002,
        0.015385585300000003,
        0.0160919223,
        0.0185939563,
        0.016364037300000002,
        0.015428187300000002,
        0.0164342413,
        0.015260478300000003,
        0.0160271193,
        0.0170356733,
        0.015029266300000002,
        0.0162569313,
        0.015050167300000002,
        0.016736757300000002,
        0.0170156723,
        0.015482290300000002,
        0.0171320723,
        0.0177106993,
        0.0171090673,
        0.0179923143,
        0.018943864300000002,
        0.0169140573,
        0.0170287623,
        0.017889608300000002,
        0.0169887613,
        0.015332573300000001,
        0.0179909143,
        0.0174948873,
        0.017471486300000002,
        0.015161764300000003,
        0.015029357300000002,
        0.0163239253,
        0.016941758300000002,
        0.0170893663,
        0.0183948353,
        0.0172183733,
        0.0184219373,
        0.0191444753,
        0.016549837300000002,
        0.0170569643,
        0.0180805183,
        0.0177214993,
        0.0175630913,
        0.0169029563,
        0.0169465583,
        0.0179403113,
        0.0169294573,
        0.0172964773,
        0.0181717243,
        0.0168838553,
        0.0167547483,
        0.0179712123,
        0.0171897723,
        0.0173941823,
        0.0168662543,
        0.0172496743,
        0.0173555803,
        0.0170130623,
        0.0168252513,
        0.0176771973,
        0.0172436743,
        0.017062065300000002,
        0.0164952343,
        0.0170047613,
        0.0187248533,
        0.017344080300000002,
        0.0171186673,
        0.017800004300000002,
        0.0170385633
      ]
    },
    {
      "command": "node ./testing/bench_scripts/fs_node.js",
      "mean": 0.0399281048,
      "stddev": 0.0025673912807358435,
      "median": 0.03898835230000001,
      "user": 0.03496161,
      "system": 0.00619386,
      "min": 0.03704326830000001,
      "max": 0.0500742143,