{
  "results": [
    {
      "command": "./elsa run ./testing/bench_scripts/fs.js --fs",
      "mean": 0.00920652658,
      "stddev": 0.0011923303862981375,
      "median": 0.00897968243,
      "user": 0.00547085255,
      "system": 0.004555450199999998,
      "min": 0.00800285593,
      "max": 0.01875324493,
      "times": [
        0.00899118293,
        0.009697001929999999,
        0.008828677929999999,
        0.00922538893,
        0.00930949193,
        0.008881580929999999,
        0.008973481929999999,
        0.00816436093,
        0.00915718693,
        0.00843976793,
        0.00811365993,
        0.00894528193,
        0.00869187493,
        0.009229088929999999,
        0.00866687493,
        0.00869177493,
        0.008429967929999999,
        0.009699101929999999,
        0.00868167493,
        0.00907318593,
        0.00875217693,
        0.00878417693,
        0.00890718093,
        0.00946019593,
        0.00929329093,
        0.00876267693,
        0.00867057393,
        0.01002761093,
        0.008403466929999999,
        0.00885407993,
        0.008765676929999999,
        0.01200806393,
        0.01038202093,
        0.00920228893,
        0.01032661893,
        0.01178935793,
        0.00932099193,
        0.00991590793,
        0.01875324493,
        0.00911998593,
        0.008531769929999999,
        0.009726501929999999,
        0.00807865793,
        0.00953289693,
        0.00898788393,
        0.009902206929999999,
        0.01052882393,
        0.00884487893,
        0.01017571493,
        0.009306590929999999,
        0.010343718929999999,
        0.00871337593,
        0.00899998393,
        0.00898588293,
        0.008535470929999999,
        0.00972780293,
        0.009265690929999999,
        0.00833486493,
        0.00951159693,
        0.00845346893,
        0.00830096493,
        0.00891438093,
        0.01004191093,
        0.00872997593,
        0.00843836793,
        0.00901618393,
        0.009944708929999999,
        0.00863817293,
        0.00886237893,
        0.00881997793,
        0.00894798193,
        0.00918638793,
        0.00909328593,
        0.00857267193,
        0.00945839593,
        0.00862677393,
        0.00967940093,
        0.00822876193,
        0.00886407893,
        0.00825926393,
        0.00839956693,
        0.009246189929999999,
        0.00818826093,
        0.00800285593,
        0.009821204929999999,
        0.00964689893,
        0.00934689193,
        0.00955329693,
        0.00872897493,
        0.008896978929999999,
        0.00908668493,
        0.00883427793,
        0.00964389893,
        0.00937729193,
        0.00952569593,
        0.008780375929999999,
        0.010058710929999999,
        0.00820466093,
        0.008388065929999999,
        0.008419866929999999
      ]
    },
    {
      "command": "deno run --allow-read ./testing/bench_scripts/fs_deno.js",
      "mean": 0.017690717950000004,
      "stddev": 0.0010248126375733766,
      "median": 0.01758410493,
      "user": 0.012944885000000003,
      "system": 0.004860340199999999,
      "min": 0.01639817393,
      "max": 0.02335355693,
      "times": [
        0.01933575393,
        0.019913268930000002,
        0.01899084493,
        0.01774641093,
        0.01704959293,
        0.01769990993,
        0.01968146293,
        0.01805121993,
        0.01828662593,
        0.01814982193,
        0.01760410793,
        0.01889714193,
        0.01748030393,
        0.01796581693,
        0.01816592193,
        0.01793131593,
        0.01787241493,
        0.01733820093,
        0.01696439093,
        0.01809462093,
        0.01724219793,
        0.01824102493,
        0.01700989193,
        0.01773841193,
        0.01689698893,
        0.01769310993,
        0.01745100393,
        0.01992076893,
        0.01798361793,
        0.01718179693,
        0.01998047093,
        0.01700999193,
        0.01770070993,
        0.01689038893,
        0.01732529993,
        0.01838712893,
        0.01753090593,
        0.01693038993,
        0.01747560493,
        0.01984446693,
        0.01805601993,
        0.01820852393,
        0.01702149193,
        0.01781941393,
        0.01721329693,
        0.01689568893,
        0.01776451193,
        0.018119920930000002,
        0.01748140393,
        0.01692158993,
        0.01654337793,
        0.01688218693,
        0.01765310693,
        0.01687028693,
        0.018413826930000002,
        0.01831902493,
        0.01720809493,
        0.01812261893,
        0.01663377993,
        0.01774340893,
        0.01663827993,
        0.01782221093,
        0.01756600493,
        0.01646977593,
        0.01639817393,
        0.01662177993,
        0.01747490193,
        0.01659447893,
        0.01770610793,
        0.01665948093,
        0.01651167693,
        0.01729439793,
        0.01672798193,
        0.01649797593,
        0.01958145793,
        0.01702268993,
        0.01760220493,
        0.01677428393,
        0.01755890493,
        0.01661157893,
        0.017787810930000002,
        0.01675558293,
        0.01864593293,
        0.01826232293,
        0.01812611893,
        0.02335355693,
        0.01786341193,
        0.01794031393,
        0.01751390393,
        0.01769140793,
        0.01654297793,
        0.01656227793,
        0.01661047993,
        0.01832752393,
        0.01676038293,
        0.01894214093,
        0.01710889293,
        0.01751400293,
        0.01815471993,
        0.01692878793
      ]
    },
    {
      "command": "node ./testing/bench_scripts/fs_node.js",
      "mean": 0.04396276046999999,
      "stddev": 0.0020382470697136628,
      "median": 0.04357145443,
      "user": 0.03672938499999999,
      "system": 0.008494421649999997,
      "min": 0.040720187930000006,
      "max": 0.05472774793000001,