{
  "results": [
    {
      "command": "./elsa run ./testing/bench_scripts/fs.js --fs",
      "mean": 0.006113397570000002,
      "stddev": 0.0006972358550075117,
      "median": 0.00606256595,
      "user": 0.0037893138999999993,
      "system": 0.003198040000000001,
      "min": 0.005047956950000001,
      "max": 0.00867478995,
      "times": [
        0.006979774950000001,
        0.006023665950000001,
        0.00603826495,
        0.00651936995,
        0.00712317595,
        0.0059038649500000005,
        0.00623496695,
        0.00640736995,
        0.00594626495,
        0.006442668950000001,
        0.006472468950000001,
        0.00678537295,
        0.00607756695,
        0.005975964950000001,
        0.00568066295,
        0.00605676595,
        0.0064937699500000005,
        0.006257467950000001,
        0.008403087949999999,
        0.00657616995,
        0.00600176495,
        0.006751372950000001,
        0.007505978950000001,
        0.006104166950000001,
        0.00867478995,
        0.005834863950000001,
        0.007236576950000001,
        0.00626366795,
        0.00657987095,
        0.0059983649500000005,
        0.006953774950000001,
        0.00613816695,
        0.00623366695,
        0.00676927295,
        0.00611186695,
        0.00716357595,
        0.00635006895,
        0.00654626995,
        0.005536361950000001,
        0.00739417795,
        0.00586756495,
        0.005846663950000001,
        0.00655046995,
        0.00607196695,
        0.0062986679500000005,
        0.00682667295,
        0.00585326495,
        0.005229857950000001,
        0.005152457950000001,
        0.00592886495,
        0.00590406495,
        0.0051660579500000005,
        0.00561266195,
        0.00734177795,
        0.005742062950000001,
        0.006149466950000001,
        0.0057721629500000005,
        0.0056652629500000004,
        0.00552136095,
        0.005381559950000001,
        0.00748627895,
        0.005300458950000001,
        0.00519025895,
        0.00618486695,
        0.006276867950000001,
        0.0053351599500000004,
        0.00534475895,
        0.006656971950000001,
        0.0053976599500000005,
        0.00622206795,
        0.00563486195,
        0.0056384619500000005,
        0.00561296195,
        0.00528215895,
        0.005774063950000001,
        0.00531905895,
        0.00631426895,
        0.006972273950000001,
        0.005331759950000001,
        0.00546005995,
        0.00567916295,
        0.005047956950000001,
        0.00527085895,
        0.005070156950000001,
        0.007220576950000001,
        0.00523135795,
        0.005604861950000001,
        0.00593386495,
        0.00524445895,
        0.005678062950000001,
        0.0055640609500000006,
        0.00622966795,
        0.005750662950000001,
        0.005058756950000001,
        0.00633896895,
        0.00624996795,
        0.00607386595,
        0.006123166950000001,
        0.00673547195,
        0.006068365950000001
      ]
    },
    {
      "command": "deno run --allow-read ./testing/bench_scripts/fs_deno.js",
      "mean": 0.01703682374,
      "stddev": 0.0018852211732899224,
      "median": 0.01701606595,
      "user": 0.013651174999999998,
      "system": 0.0035048860000000005,
      "min": 0.015082848950000002,
      "max": 0.03065589195,
      "times": [
        0.01861418195,
        0.01512414895,
        0.01578895495,
        0.01612075895,
        0.01539145095,
        0.01698096695,
        0.01744596995,
        0.01774597395,
        0.01758037095,
        0.018138076950000002,
        0.01720606895,
        0.01542065195,
        0.01852147995,
        0.01719446795,
        0.01814877695,
        0.01818187795,
        0.01718326795,
        0.018692581950000002,
        0.01721726795,
        0.01723136895,
        0.02314432295,
        0.01772567295,
        0.03065589195,
        0.018323177950000002,
        0.019358087950000002,
        0.01708866795,
        0.01809237595,
        0.01869408195,
        0.01716936795,
        0.01825167795,
        0.01709936795,
        0.01705896695,
        0.01708316695,
        0.01807647595,
        0.01745087095,
        0.01795297495,
        0.01684646495,
        0.01683056495,
        0.01782497395,
        0.01711736795,
        0.017242667950000002,
        0.019358087950000002,
        0.01799697495,
        0.01839517895,
        0.015307450949999999,
        0.01566345495,
        0.01701636595,
        0.01798717595,
        0.01747057095,
        0.01622315895,
        0.015577852949999998,
        0.015371151950000002,
        0.01651986195,
        0.015180749949999999,
        0.015280249950000001,
        0.01666456395,
        0.01509544895,
        0.015289550950000001,
        0.01624245895,
        0.015207749950000002,
        0.015219949949999999,
        0.01529805095,
        0.01628495995,
        0.01577255495,
        0.01626145995,
        0.01525645095,
        0.015171048950000002,
        0.01617645895,
        0.01521034995,
        0.01513904995,
        0.01640426095,
        0.01605025795,
        0.01571085395,
        0.01666986395,
        0.01602695695,
        0.01523614995,
        0.01543155195,
        0.01583815495,
        0.01595385695,
        0.015082848950000002,
        0.01634746095,
        0.01714206695,
        0.01858898195,
        0.01698026595,
        0.01700366595,
        0.01868138195,
        0.01704316695,
        0.015406851950000001,
        0.01641846095,
        0.01699606595,
        0.01715266795,
        0.01756557095,
        0.017717772950000002,
        0.01701576595,
        0.01774147295,
        0.01683466495,
        0.01756807195,
        0.016843364950000002,
        0.01711496795,
        0.01846067995
      ]
    },
    {
      "command": "node ./testing/bench_scripts/fs_node.js",
      "mean": 0.04133871558000002,
      "stddev": 0.0025474111678228544,
      "median": 0.04068028395000001,
      "user": 0.03549211499999999,
      "system": 0.007142962000000002,
      "min": 0.03723125195,
      "max": 0.04882565895,