{
  "results": [
    {
      "command": "./elsa run ./testing/bench_scripts/fs.js --fs",
      "mean": 0.010470731060000005,
      "stddev": 0.0013217755125219846,
      "median": 0.01014795335,
      "user": 0.006215614799999998,
      "system": 0.0052682736,
      "min": 0.009082602850000001,
      "max": 0.016890284850000003,
      "times": [
        0.01033141985,
        0.01029671685,
        0.00965866185,
        0.010461830850000001,
        0.011223596850000002,
        0.00959595585,
        0.010237810850000001,
        0.00997578885,
        0.01072925385,
        0.010498234850000001,
        0.009488846850000001,
        0.01050193485,
        0.00989778185,
        0.01152242285,
        0.00999349085,
        0.010954072850000001,
        0.010184907850000001,
        0.010034193850000001,
        0.009993590850000001,
        0.00955965385,
        0.00939213885,
        0.01036772285,
        0.009731467850000002,
        0.010891767850000001,
        0.01064064585,
        0.009628858850000001,
        0.011074683850000001,
        0.010083497850000001,
        0.010928870850000001,
        0.01011560085,
        0.00989078185,
        0.00923432585,
        0.015363953850000002,
        0.010557138850000002,
        0.016890284850000003,
        0.00969426485,
        0.01004829485,
        0.00951964985,
        0.01014680285,
        0.00994528685,
        0.00969576485,
        0.010597442850000001,
        0.010371922850000001,
        0.00931223185,
        0.01005599585,
        0.009534050850000001,
        0.01084016385,
        0.01050573485,
        0.00989228085,
        0.01074315585,
        0.01026661385,
        0.01001549185,
        0.01043242785,
        0.010211809850000001,
        0.01025521385,
        0.01016920485,
        0.010824062850000002,
        0.009782772850000001,
        0.01117099185,
        0.01111248685,
        0.01021370985,
        0.01014910385,
        0.01004609585,
        0.00970596485,
        0.01009859985,
        0.01005048585,
        0.010190097850000001,
        0.00979076285,
        0.01293713185,
        0.011703826850000001,
        0.010938460850000001,
        0.00985426885,
        0.01054452785,
        0.010119490850000001,
        0.01015519485,
        0.009672253850000001,
        0.009589445850000001,
        0.00985606885,
        0.01044571885,
        0.00962874985,
        0.00976406085,
        0.00988957185,
        0.00955384385,
        0.01002648385,
        0.016614845850000004,
        0.015561756850000002,
        0.01276941785,
        0.01067793885,
        0.00995867785,
        0.009082602850000001,
        0.009884570850000001,
        0.009895572850000001,
        0.01089045785,
        0.01033880985,
        0.01021879985,
        0.00976376085,
        0.00978116285,
        0.00998827985,
        0.01060813285,
        0.01103836985
      ]
    },
    {
      "command": "deno run --allow-read ./testing/bench_scripts/fs_deno.js",
      "mean": 0.019086628459999998,
      "stddev": 0.0019231358595422883,
      "median": 0.01856046185,
      "user": 0.013426050000000002,
      "system": 0.005478074,
      "min": 0.01735604585,
      "max": 0.029316776850000004,
      "times": [
        0.018617982850000003,
        0.029316776850000004,
        0.018330858850000003,
        0.01887570385,
        0.019112523850000004,
        0.018693888850000003,
        0.020078104850000004,
        0.027819951850000003,
        0.018352760850000004,
        0.01777031185,
        0.018262752850000005,
        0.018580379850000002,
        0.019251535850000005,
        0.017657401850000004,
        0.019731575850000002,
        0.017898321850000003,
        0.018391463850000005,
        0.019689072850000003,
        0.017841117850000004,
        0.025257737850000003,
        0.019031117850000005,
        0.01879619785,
        0.017861819850000002,
        0.01820404885,
        0.018916707850000002,
        0.018065136850000003,
        0.019075620850000002,
        0.018488471850000004,
        0.018053335850000005,
        0.018056735850000002,
        0.022170479850000004,
        0.01878479485,
        0.019164711850000002,
        0.019484037850000004,
        0.018998796850000003,
        0.018726774850000003,
        0.020282103850000004,
        0.018293539850000002,
        0.017635184850000003,
        0.017740092850000003,
        0.018068520850000002,
        0.019663851850000004,
        0.018465753850000002,
        0.023629480850000002,
        0.018415348850000002,
        0.01846535385,
        0.01943333385,
        0.01800901485,
        0.018689371850000004,
        0.019650050850000003,
        0.018199031850000002,
        0.018516257850000002,
        0.019014998850000003,
        0.018135525850000004,
        0.019569243850000004,
        0.018009115850000004,
        0.017849801850000003,
        0.018798480850000004,
        0.020838048850000002,
        0.018291238850000002,
        0.018033317850000005,
        0.021805329850000003,
        0.017405865850000004,
        0.017513274850000003,
        0.01763658485,
        0.017875903850000003,
        0.019501138850000002,
        0.017445868850000004,
        0.019484437850000005,
        0.017940609850000004,
        0.020137691850000004,
        0.019312923850000004,
        0.023398461850000003,
        0.019541441850000004,
        0.018459752850000004,
        0.018747376850000004,
        0.018636267850000002,
        0.021432798850000004,
        0.018987796850000002,
        0.01774149385,
        0.019310922850000002,
        0.018860685850000003,
        0.02179921485,
        0.019452617850000003,
        0.020975642850000004,
        0.019725039850000004,
        0.018190414850000003,
        0.019080487850000005,
        0.017721975850000002,
        0.017883389850000004,
        0.017532059850000004,
        0.017605566850000004,
        0.01735604585,
        0.017433852850000004,
        0.017927792850000002,
        0.017866987850000002,
        0.018397831850000004,
        0.018540543850000004,
        0.018482238850000002,
        0.01840943185
      ]
    },
    {
      "command": "node ./testing/bench_scripts/fs_node.js",
      "mean": 0.04562921657999997,
      "stddev": 0.003501403493578193,
      "median": 0.044680081850000004,
      "user": 0.036821239999999984,
      "system": 0.0099682988,
      "min": 0.040696788850000006,
      "max": 0.06437318185,