{
  "results": [
    {
      "command": "./elsa run ./testing/bench_scripts/fs.js --fs",
      "mean": 0.008144071895,
      "stddev": 0.0011053851878517307,
      "median": 0.007950855185000001,
      "user": 0.0057328205,
      "system": 0.0034542630000000004,
      "min": 0.006666151185,
      "max": 0.013374374185000001,
      "times": [
        0.008848159185,
        0.007823854185,
        0.007646754185,
        0.007812555185,
        0.007476253185,
        0.008665957185,
        0.009474361185,
        0.007522753185,
        0.007970156185,
        0.008708857185,
        0.008731758185,
        0.008527858185,
        0.008758658185,
        0.007278652185,
        0.0076730551849999995,
        0.007816554185,
        0.011148967185,
        0.013374374185000001,
        0.011339168185,
        0.008730458185,
        0.007915855184999999,
        0.008529957185,
        0.008852958185,
        0.007667454185,
        0.007555954185,
        0.007949955185,
        0.008009855185,
        0.008372257185,
        0.008381256185,
        0.007346453185000001,
        0.008027956185,
        0.008051955185,
        0.008516057185,
        0.010786465185,
        0.007604654185,
        0.007950955185,
        0.0075921531850000005,
        0.007374653185,
        0.007497954184999999,
        0.008322856185,
        0.007265153185,
        0.008097655185,
        0.008345557185,
        0.007617053185,
        0.007622954184999999,
        0.008577057185,
        0.007948555185,
        0.008112356185,
        0.008221456185,
        0.008057855185,
        0.0073698531850000006,
        0.007959155185,
        0.008166456185,
        0.009527061185,
        0.008969558185,
        0.006851651185,
        0.008490757185,
        0.009146459185,
        0.008136955185,
        0.007836255185,
        0.009561360185,
        0.006909652185,
        0.0074405531850000005,
        0.007294153184999999,
        0.0072322521849999995,
        0.007280553185,
        0.007408853185,
        0.007950755185,
        0.006938251185,
        0.007419053185,
        0.007860755185,
        0.009324960185,
        0.007096452184999999,
        0.008236256185,
        0.007971755185,
        0.0076065541849999994,
        0.009653761185,
        0.011482767185,
        0.008169256185,
        0.007507853185,
        0.006666151185,
        0.0070702521850000005,
        0.007132852185,
        0.007447453184999999,
        0.006961552185,
        0.006913751185,
        0.0073209531849999995,
        0.006757950185,
        0.007388753184999999,
        0.008462757185,
        0.008358957185,
        0.007061251185000001,
        0.007863755185,
        0.007023952185,
        0.008124455185,
        0.008124956185,
        0.008166556185,
        0.007311753185,
        0.011135666185,
        0.008811058185
      ]
    },
    {
      "command": "deno run --allow-read ./testing/bench_scripts/fs_deno.js",
      "mean": 0.015529148304999997,
      "stddev": 0.0012459639663722245,
      "median": 0.015422480685,
      "user": 0.01161299,
      "system": 0.003995271099999999,
      "min": 0.013323473185,
      "max": 0.020438098185,
      "times": [
        0.016700085185,
        0.015867083185000002,
        0.016330284185000002,
        0.015539481184999999,
        0.014365477185000001,
        0.015307381185,
        0.014609478185,
        0.014389677185,
        0.015663082185,
        0.016037483185,
        0.015140080185000002,
        0.014478878185,
        0.014676578185,
        0.015950683185,
        0.016219284185000002,
        0.015691881185,
        0.014123077185000001,
        0.014297177185000001,
        0.014288177185,
        0.013993276185,
        0.016128383185,
        0.015496481185000001,
        0.016175984185,
        0.015831082185,
        0.014244077185,
        0.018066390185,
        0.013916676185,
        0.017448188185,
        0.014216777185,
        0.015254780185,
        0.014275677185,
        0.014264077185,
        0.017625588185,
        0.015804783185,
        0.020438098185,
        0.015807482185,
        0.015691582185,
        0.016337684185,
        0.015727681185,
        0.013687575185,
        0.013323473185,
        0.014893279185,
        0.015010779185,
        0.014535778185,
        0.013873575185,
        0.013662475185,
        0.014537577185000001,
        0.014458978185,
        0.015268980185,
        0.014990979185,
        0.016034783185000002,
        0.016609184185,
        0.015570682185,
        0.015556481185000002,
        0.014720378185,
        0.015590181185,
        0.019128694185,
        0.015946982185,
        0.016274584185,
        0.018687092185,
        0.015042680185,
        0.016029082185,
        0.015533381185,
        0.014482678185,
        0.014437077185000001,
        0.016687885185,
        0.015322580185,
        0.015127880185000001,
        0.015701982185,
        0.014238476185,
        0.015382381185000002,
        0.017322187185,
        0.015450781185000002,
        0.015039679185000002,
        0.014500077185,
        0.017172886185,
        0.014459278185,
        0.016235783185,
        0.019873096185,
        0.016691385185,
        0.015306181185,
        0.015311880185000001,
        0.015443681184999999,
        0.014429077185,
        0.016184783185,
        0.014632278185,
        0.014541478185,
        0.016860585185,
        0.016926786185,
        0.015591781185,
        0.015888583185,
        0.015963482185,
        0.014754479185,
        0.015187479185000002,
        0.015774182185,
        0.015446081185000002,
        0.015193680184999999,
        0.015401280185000001,
        0.015225180185,
        0.015338081185000001
      ]
    },
    {
      "command": "node ./testing/bench_scripts/fs_node.js",
      "mean": 0.03931950310499999,
      "stddev": 0.0022056913685729843,
      "median": 0.03892990818500001,
      "user": 0.03343690999999999,
      "system": 0.0069366592,
      "min": 0.034969244185000005,
      "max": 0.047502488185000004,