{
  "results": [
    {
      "command": "./elsa run ./testing/bench_scripts/fs.js --fs",
      "mean": 0.007424608175000002,
      "stddev": 0.0006341899457088345,
      "median": 0.007312107435,
      "user": 0.005687841199999999,
      "system": 0.0027272788499999993,
      "min": 0.006202842435,
      "max": 0.009944389435000001,
      "times": [
        0.007146454435,
        0.007191755435,
        0.007186455435,
        0.007216955434999999,
        0.007333157435,
        0.0074646584349999994,
        0.007223756435,
        0.0073022564350000005,
        0.007725161435,
        0.006939652435,
        0.007440058435,
        0.007193955435000001,
        0.007586960435000001,
        0.007525559435,
        0.007001052435,
        0.007471258435,
        0.007329857435000001,
        0.007255855435000001,
        0.007553660435000001,
        0.006707749435,
        0.006487346435,
        0.0071816544349999996,
        0.006900052435,
        0.006951952435,
        0.006411845435,
        0.007213055435,
        0.006958752435,
        0.007948864435000001,
        0.0073024574350000005,
        0.006813450435,
        0.007105354435,
        0.007922964435,
        0.007426157435,
        0.007172155435,
        0.007590560435,
        0.007022753435,
        0.008117966435,
        0.007112654435,
        0.007328357434999999,
        0.006964252435,
        0.007627160435,
        0.007482859435,
        0.006894251435,
        0.006995252435,
        0.007321757435,
        0.006801550435,
        0.007240155435,
        0.007953564435000001,
        0.007522359435,
        0.007288056435,
        0.007114054435,
        0.0071713554349999995,
        0.007204855435,
        0.006277443435,
        0.008142767435000002,
        0.009777587435,
        0.009563685435,
        0.0066749484349999996,
        0.006202842435,
        0.009944389435000001,
        0.007973664435000001,
        0.006968952435,
        0.007708162435,
        0.007479658435000001,
        0.007057053435,
        0.007062653435,
        0.007381457435,
        0.0074612584350000006,
        0.007679161435000001,
        0.007329357435,
        0.006756249435,
        0.006874451435,
        0.008192368435000002,
        0.0073909574350000005,
        0.009333281435,
        0.008164667435000002,
        0.007550960434999999,
        0.007079753435,
        0.007909964435000002,
        0.007067653435,
        0.007576360434999999,
        0.007521159435,
        0.0076504614349999995,
        0.008521071435000001,
        0.006761250435,
        0.007954964435000001,
        0.007499659434999999,
        0.0075914594350000005,
        0.007865363435000002,
        0.008544671435000002,
        0.007135455434999999,
        0.007327156435,
        0.007296356435000001,
        0.008260868435,
        0.006865151435,
        0.007179755435,
        0.007560459435000001,
        0.007562760435,
        0.007203455435,
        0.007231555434999999
      ]
    },
    {
      "command": "deno run --allow-read ./testing/bench_scripts/fs_deno.js",
      "mean": 0.014836379365000001,
      "stddev": 0.000987805857775791,
      "median": 0.014636198435,
      "user": 0.011227255,
      "system": 0.0036950009000000002,
      "min": 0.013259531435000001,
      "max": 0.018317293435,
      "times": [
        0.013997339435,
        0.014401445435000002,
        0.015094553435,
        0.014638548435,
        0.014131441435000001,
        0.013793537435000001,
        0.014533646435000002,
        0.014256543435000001,
        0.017795187435,
        0.014618847435000002,
        0.015565559435000003,
        0.014236043435000002,
        0.014311943435000002,
        0.014401545435000001,
        0.014334644435000002,
        0.014335744435,
        0.013957039435,
        0.013724336435000001,
        0.015063653435000003,
        0.015981064435,
        0.015361456435000002,
        0.014446446435000001,
        0.014736448435,
        0.014611448435000002,
        0.014391644435000002,
        0.014577047435,
        0.014583247435000002,
        0.015224154435,
        0.016320469435,
        0.015127454435000002,
        0.014546646435000001,
        0.015142554435000002,
        0.015777661435,
        0.015371856435000003,
        0.013763237435,
        0.014295843435000002,
        0.013404632435000001,
        0.013496734435000001,
        0.015024452435,
        0.015546059435,
        0.014841250435000002,
        0.018258292435,
        0.013259531435000001,
        0.016960576435,
        0.014893851435000001,
        0.014316643435000002,
        0.013554634435,
        0.015038652435000003,
        0.015340956435000002,
        0.014563547435000001,
        0.014190342435000001,
        0.013844037435000001,
        0.013933739435000002,
        0.014685248435000001,
        0.014633848435000001,
        0.013956239435000002,
        0.013849937435000001,
        0.014681048435000002,
        0.015307556435000003,
        0.013509533435000002,
        0.015983264435,
        0.014343044435,
        0.014076440435000002,
        0.013699336435,
        0.014148441435,
        0.014859250435,
        0.015278456435000002,
        0.015647660435,
        0.015635360435,
        0.015714261434999998,
        0.015045952435000001,
        0.013741536435000002,
        0.014972252435000001,
        0.018317293435,
        0.018059490435,
        0.014110741435,
        0.016934876435,
        0.014390344435,
        0.015277956435000002,
        0.015408057435000002,
        0.015623659435000001,
        0.015229755435,
        0.015359957435,
        0.014864650435000001,
        0.014833550435,
        0.015298956435000002,
        0.014890650435000001,
        0.014130841435000001,
        0.013912039435,
        0.014516445435,
        0.014263543435000001,
        0.014095341435000002,
        0.014397444435000002,
        0.014273243435000001,
        0.013774637435,
        0.015244055435000002,
        0.015674060435,
        0.015471558435000003,
        0.014830850435000001,
        0.014767049435000002
      ]
    },
    {
      "command": "node ./testing/bench_scripts/fs_node.js",
      "mean": 0.03747436258500001,
      "stddev": 0.002555615764215729,
      "median": 0.036799872435000006,
      "user": 0.032114935,
      "system": 0.006626957899999997,
      "min": 0.033491781435000006,
      "max": 0.047101649435000004,