{
  "results": [
    {
      "command": "./elsa run ./testing/bench_scripts/fs.js --fs",
      "mean": 0.007326838465000002,
      "stddev": 0.0007163767490472153,
      "median": 0.0072566302050000005,
      "user": 0.004763556599999999,
      "system": 0.003371748799999999,
      "min": 0.006121588705,
      "max": 0.009549612705,
      "times": [
        0.007378834705,
        0.007149225705,
        0.007228329705,
        0.007753747705000001,
        0.007598242705000001,
        0.007443236705,
        0.007844251705000001,
        0.007262930705,
        0.008432072705,
        0.0075261397050000005,
        0.007155226705,
        0.0065263027050000005,
        0.007570840705,
        0.007571441705000001,
        0.008149762705,
        0.006959918705000001,
        0.007406134705000001,
        0.006743911705,
        0.007570441705,
        0.007031621705,
        0.008034758705,
        0.007069922705,
        0.008467974705,
        0.007145825705000001,
        0.008167262705000001,
        0.007875952705000001,
        0.008319868705,
        0.007250329705000001,
        0.007142925705000001,
        0.007994656705,
        0.007458436705,
        0.007802149705000001,
        0.007644144705000001,
        0.008327068705000001,
        0.007602342705000001,
        0.007808449705000001,
        0.007796448705,
        0.006984119705000001,
        0.006882216705,
        0.009533612705000001,
        0.006881916705,
        0.0068783157050000005,
        0.007532840705,
        0.007082923705000001,
        0.008073559705,
        0.006570804705000001,
        0.006615706705000001,
        0.006272794705,
        0.006327095705000001,
        0.007067623705000001,
        0.008004456705000001,
        0.007473937705000001,
        0.008522475705000001,
        0.0069269177050000005,
        0.007002920705,
        0.007318632705000001,
        0.007900352705,
        0.006928917705000001,
        0.007314531705,
        0.007141025705,
        0.006875515705000001,
        0.0068356147050000005,
        0.006760411705,
        0.006471601705000001,
        0.007383334705000001,
        0.006121588705,
        0.006770911705,
        0.006509402705,
        0.007062722705000001,
        0.006750911705,
        0.007458836705000001,
        0.0063736977050000004,
        0.006683608705000001,
        0.0066057067050000005,
        0.006143488705,
        0.009549612705,
        0.007828450705,
        0.008844387705,
        0.008032658705000001,
        0.007729746705,
        0.007418636705,
        0.0078100497050000006,
        0.007604542705,
        0.006449600705000001,
        0.0066351077050000005,
        0.0064182987050000005,
        0.0064482997050000004,
        0.006685809705,
        0.008775584705,
        0.007092624705,
        0.006978619705,
        0.006863815705000001,
        0.007819950705,
        0.006630706705,
        0.009030794705000001,
        0.007439736705,
        0.006236892705,
        0.006508902705000001,
        0.006276994705,
        0.007317831705
      ]
    },
    {
      "command": "deno run --allow-read ./testing/bench_scripts/fs_deno.js",
      "mean": 0.01638978669500001,
      "stddev": 0.0019810942086906135,
      "median": 0.016513466205000004,
      "user": 0.01297828,
      "system": 0.0035208004000000003,
      "min": 0.013663562705000002,
      "max": 0.024993473705000005,
      "times": [
        0.018104324705000004,
        0.015373524705,
        0.015442227705,
        0.015897743705,
        0.015619033705000002,
        0.018422535705000003,
        0.017737410705,
        0.017352496705,
        0.017277993705,
        0.018204327705000002,
        0.017019284705000002,
        0.017092187705000005,
        0.018290730705000004,
        0.014165280705000002,
        0.018106524705,
        0.013689663705,
        0.018022720705000002,
        0.018980655705000002,
        0.016594269705000005,
        0.015273020705,
        0.024265548705000004,
        0.017844114705000004,
        0.017590805705000004,
        0.015591132705000002,
        0.013990374705000001,
        0.013663562705000002,
        0.014576795705000001,
        0.017732810705000004,
        0.014269084705,
        0.017935017705000004,
        0.017015084705000003,
        0.015115315705000002,
        0.018325631705,
        0.014287484705,
        0.014137679705000001,
        0.014530393705,
        0.016936981705000003,
        0.014457791705,
        0.018283230705000004,
        0.014972010705000002,
        0.013820468705000002,
        0.014228982705,
        0.014296985705000001,
        0.024993473705000005,
        0.015568231705,
        0.015744738705000004,
        0.016223055705000003,
        0.015535630705000003,
        0.014260484705000001,
        0.014220182705,
        0.014888607705000003,
        0.013688963705000001,
        0.014016375705,
        0.014898707705000002,
        0.013880169705,
        0.013896470705,
        0.017347496705000003,
        0.018044921705,
        0.017045284705000004,
        0.015566931705,
        0.014217582705,
        0.014753601705000001,
        0.014375088705,
        0.015397525705,
        0.014534094705,
        0.014898107705000002,
        0.014903007705,
        0.017025384705000004,
        0.014360887705,
        0.017812112705000004,
        0.017491701705,
        0.014126379705,
        0.018654744705000004,
        0.017093286705000002,
        0.017760611705000002,
        0.017043285705000005,
        0.018236528705000005,
        0.018825950705000004,
        0.017256792705000003,
        0.017714409705000003,
        0.015693935705000002,
        0.014801903705000001,
        0.016847278705000003,
        0.017942117705000003,
        0.016215655705000002,
        0.017131488705000003,
        0.017676108705000002,
        0.017201690705,
        0.018954654705000004,
        0.015909044705000003,
        0.017767411705000003,
        0.017826813705000003,
        0.014418590705000001,
        0.017426798705000003,
        0.017913117705000002,
        0.015050912705,
        0.017219291705000004,
        0.017924716705000003,
        0.017790411705000002,
        0.016432662705000003
      ]
    },
    {
      "command": "node ./testing/bench_scripts/fs_node.js",
      "mean": 0.040969824265,
      "stddev": 0.004430926718167355,
      "median": 0.040602189705,
      "user": 0.03569130000000001,
      "system": 0.006363458000000001,
      "min": 0.033142569705000006,
      "max": 0.057314046705,