{
  "results": [
    {
      "command": "./elsa run ./testing/bench_scripts/fs.js --fs",
      "mean": 0.008664301850000004,
      "stddev": 0.0009209930825557394,
      "median": 0.008480440700000001,
      "user": 0.006144474999999998,
      "system": 0.0035008079999999985,
      "min": 0.007454457700000001,
      "max": 0.011798097700000001,
      "times": [
        0.009390019700000002,
        0.011798097700000001,
        0.009482323700000002,
        0.008891204700000002,
        0.010367951700000003,
        0.008562493700000002,
        0.008376487700000003,
        0.008134879700000002,
        0.0078013697000000005,
        0.008014875700000002,
        0.008576493700000002,
        0.009256515700000002,
        0.009258916700000001,
        0.008321785700000002,
        0.008180881700000002,
        0.008590594700000002,
        0.008947905700000001,
        0.008100078700000003,
        0.008552392700000001,
        0.008177781700000001,
        0.008242082700000002,
        0.009737630700000001,
        0.009864234700000002,
        0.009436921700000002,
        0.008786300700000001,
        0.009079509700000002,
        0.007884471700000001,
        0.008475390700000002,
        0.009175413700000001,
        0.008470890700000002,
        0.008999007700000002,
        0.009180913700000001,
        0.0076511637000000006,
        0.008219682700000001,
        0.0077612677,
        0.007905372700000001,
        0.007964673700000001,
        0.008689797700000002,
        0.008678896700000003,
        0.008786101700000002,
        0.008330385700000002,
        0.009226415700000002,
        0.009164512700000002,
        0.008355086700000002,
        0.008097878700000002,
        0.0076108637000000005,
        0.008355186700000001,
        0.008712398700000002,
        0.0075710617,
        0.008146280700000001,
        0.008571693700000002,
        0.0078119697,
        0.008871603700000001,
        0.007809469700000001,
        0.007545960700000001,
        0.007924473700000002,
        0.008579793700000001,
        0.008959706700000002,
        0.007720866700000001,
        0.007846970700000002,
        0.007822069700000002,
        0.007921373700000001,
        0.007778367700000001,
        0.008485490700000002,
        0.008649096700000001,
        0.007454457700000001,
        0.007879771700000001,
        0.0075258607,
        0.007919772700000001,
        0.007780467700000001,
        0.010082642700000002,
        0.009054509700000001,
        0.007788768700000001,
        0.007683565700000001,
        0.0075742617,
        0.009384420700000002,
        0.008210081700000002,
        0.008169880700000002,
        0.008687397700000002,
        0.009333318700000003,
        0.009188813700000001,
        0.007604162700000001,
        0.008253683700000002,
        0.008064777700000001,
        0.008009475700000001,
        0.010860066700000002,
        0.011110474700000001,
        0.011706794700000002,
        0.010270248700000002,
        0.011271580700000002,
        0.009112911700000002,
        0.008227582700000001,
        0.008722998700000002,
        0.008342585700000002,
        0.008895303700000001,
        0.009633728700000002,
        0.009078609700000002,
        0.009159212700000002,
        0.010380951700000002,
        0.008365287700000001
      ]
    },
    {
      "command": "deno run --allow-read ./testing/bench_scripts/fs_deno.js",
      "mean": 0.01923432606,
      "stddev": 0.0020007348473566767,
      "median": 0.019087480200000003,
      "user": 0.014310774999999998,
      "system": 0.0050304419999999996,
      "min": 0.015903627700000002,
      "max": 0.028139220700000002,
      "times": [
        0.0210040927,
        0.0206824827,
        0.0209236897,
        0.0182241027,
        0.017741887700000004,
        0.0161355367,
        0.0175407817,
        0.0170350647,
        0.016083334700000004,
        0.0181903027,
        0.0187251187,
        0.017770588700000003,
        0.0192978367,
        0.0185497137,
        0.016216238700000003,
        0.019192533700000004,
        0.018061897700000003,
        0.018750619700000002,
        0.017314373700000003,
        0.019838254700000002,
        0.021098295700000002,
        0.021357102700000002,
        0.0195115437,
        0.023447769700000003,
        0.0186109147,
        0.021655012700000004,
        0.019148931700000003,
        0.019225734700000004,
        0.018260604700000002,
        0.019394640700000004,
        0.019176833700000003,
        0.018526312700000002,
        0.021020592700000004,
        0.017987295700000003,
        0.019331838700000003,
        0.019863755700000003,
        0.018254603700000004,
        0.019638947700000003,
        0.018814721700000002,
        0.0170415647,
        0.0175121797,
        0.0188142217,
        0.0209213887,
        0.018340305700000004,
        0.021716414700000002,
        0.0211799977,
        0.0192744367,
        0.0190075287,
        0.017575481700000003,
        0.019913856700000003,
        0.020586878700000002,
        0.0190629297,
        0.018250302700000002,
        0.017750687700000004,
        0.017998795700000004,
        0.017955193700000004,
        0.016057133700000004,
        0.017348974700000002,
        0.0171014667,
        0.017300473700000003,
        0.019971658700000002,
        0.019294736700000002,
        0.0165067477,
        0.018699117700000004,
        0.019121230700000002,
        0.019284236700000002,
        0.020332169700000003,
        0.021445005700000002,
        0.021327101700000003,
        0.022750247700000004,
        0.017936193700000002,
        0.0170578647,
        0.0180626977,
        0.019380338700000003,
        0.0188352217,
        0.0199473577,
        0.019858454700000003,
        0.023979686700000002,
        0.020019459700000002,
        0.019874354700000003,
        0.028139220700000002,
        0.019932557700000002,
        0.0217509157,
        0.0208456867,
        0.025062521700000003,
        0.019071329700000004,
        0.019130131700000004,
        0.018087697700000002,
        0.017725286700000002,
        0.020668280700000003,
        0.019103630700000002,
        0.022921652700000003,
        0.018702617700000004,
        0.018122498700000003,
        0.016094033700000003,
        0.015903627700000002,
        0.0174265767,
        0.0170951657,
        0.022080925700000004,
        0.019570245700000002
      ]
    },
    {
      "command": "node ./testing/bench_scripts/fs_node.js",
      "mean": 0.046717356679999995,
      "stddev": 0.004029014141251793,
      "median": 0.04608388720000001,
      "user": 0.038761315,
      "system": 0.009520125999999999,
      "min": 0.0409059207,
      "max": 0.0677054787,