{
  "results": [
    {
      "command": "./elsa run ./testing/bench_scripts/fs.js --fs",
      "mean": 0.006033037894999998,
      "stddev": 0.0007657957184181656,
      "median": 0.005981924435000001,
      "user": 0.0040412098,
      "system": 0.0027989409999999997,
      "min": 0.004731992935000001,
      "max": 0.009135879935,
      "times": [
        0.006246092935000001,
        0.005346032935000001,
        0.005626751935,
        0.005755159935000001,
        0.005379035935000001,
        0.007001340935000001,
        0.005778760935000001,
        0.006318596935000001,
        0.006117883935,
        0.005744158935000001,
        0.007167151935,
        0.005311430935000001,
        0.007171951935000001,
        0.005913570935000001,
        0.006247691935000001,
        0.006384399935000001,
        0.0060088759350000005,
        0.005771960935000001,
        0.006315795935000001,
        0.005777560935,
        0.005439838935000001,
        0.0063454979350000005,
        0.005404836935000001,
        0.005915769935000001,
        0.005609550935000001,
        0.006371099935000001,
        0.005632951935000001,
        0.005433138935000001,
        0.006433003935000001,
        0.005627651935000001,
        0.005323731935000001,
        0.005336032935000001,
        0.005660553935000001,
        0.005756459935,
        0.006615615935000001,
        0.005292229935000001,
        0.006450204935000001,
        0.005180021935000001,
        0.0062523919350000005,
        0.005227224935000001,
        0.005053914935000001,
        0.005460140935000001,
        0.005099016935000001,
        0.006203788935000001,
        0.004844299935000001,
        0.004972708935,
        0.005460039935000001,
        0.004827598935000001,
        0.005067315935,
        0.005123218935000001,
        0.0048879029350000006,
        0.006164785935000001,
        0.005453439935000001,
        0.005064514935000001,
        0.004961307935000001,
        0.005549646935000001,
        0.005252226935000001,
        0.004731992935000001,
        0.005345532935000001,
        0.006262291935000001,
        0.006671318935000001,
        0.0069099349350000006,
        0.005949572935,
        0.005938771935000001,
        0.005628051935,
        0.006000875935000001,
        0.0070278429350000005,
        0.005962972935000001,
        0.007008141935000001,
        0.0060978819350000005,
        0.005093716935000001,
        0.005707556935000001,
        0.005718857935000001,
        0.006711421935000001,
        0.0056617539350000004,
        0.006688520935000001,
        0.005930770935000001,
        0.009135879935,
        0.007009940935000001,
        0.0063731999350000006,
        0.006710321935000001,
        0.007149349935000001,
        0.006017376935000001,
        0.006244791935000001,
        0.006360999935000001,
        0.006102681935000001,
        0.006128484935000001,
        0.008410831935,
        0.006639517935000001,
        0.0066796199350000005,
        0.006593613935000001,
        0.0077390879350000006,
        0.006595013935,
        0.006684920935000001,
        0.0064207029350000005,
        0.006225590935000001,
        0.007445468935,
        0.006140084935000001,
        0.006494107935000001,
        0.006816528935000001
      ]
    },
    {
      "command": "deno run --allow-read ./testing/bench_scripts/fs_deno.js",
      "mean": 0.015589229305000006,
      "stddev": 0.0017292036553380402,
      "median": 0.014881167935000002,
      "user": 0.011699850000000005,
      "system": 0.004019361199999999,
      "min": 0.013472439935,
      "max": 0.019685719935000002,
      "times": [
        0.019040393935000004,
        0.017876019935,
        0.018396052935000004,
        0.016984662935000002,
        0.018005327935000003,
        0.014190185935,
        0.013928068935000001,
        0.014874828935,
        0.014788623935,
        0.017150572935000004,
        0.014817424935,
        0.013723755935,
        0.013625648935,
        0.014585609935,
        0.013781658935,
        0.013557344935,
        0.014137882935,
        0.013472439935,
        0.014993536935000001,
        0.013701154935000001,
        0.013910567935,
        0.014305692935000001,
        0.013486640935,
        0.014702217935000001,
        0.015302555935000002,
        0.014162483935000001,
        0.013730555935000001,
        0.014424700935,
        0.014001373935,
        0.017254979935,
        0.016416826935000003,
        0.014467702935,
        0.013678052935,
        0.014165083935000001,
        0.014591910935,
        0.013700654935,
        0.013494041935000001,
        0.014947333935,
        0.013961270935,
        0.013719255935,
        0.015108543935000001,
        0.014894024935,
        0.014757209935,
        0.017999013935000002,
        0.017367673935,
        0.014641802935,
        0.014866716935,
        0.014119070935,
        0.013867754935,
        0.015079430935,
        0.015355347935000001,
        0.014149772935,
        0.013966860935,
        0.015396350934999999,
        0.014396587935,
        0.014820614935,
        0.015768873935000004,
        0.016486618935000003,
        0.017900806935000003,
        0.018307732935,
        0.017603288935000003,
        0.018091118935,
        0.014195774935,
        0.017323171935000003,
        0.015530958935,
        0.018144722935000003,
        0.017121758935000002,
        0.014154072935000001,
        0.017870105935000002,
        0.014013463935,
        0.018212427935,
        0.017374974935000002,
        0.017181361935000004,
        0.015038127935000001,
        0.017367773935000004,
        0.014006062935,
        0.015853779935000003,
        0.014162172935,
        0.014976224934999999,
        0.014454890935,
        0.014882117935000001,
        0.014880217935,
        0.014535095935,
        0.016272505935,
        0.017870705935,
        0.017233965935,
        0.019129884935,
        0.019685719935000002,
        0.018940572935000004,
        0.017045853935,
        0.014435290935000001,
        0.017994413935000002,
        0.014516794935,
        0.017981111935000002,
        0.018247728935000002,
        0.013638140935000001,
        0.016880143935,
        0.018025314935,
        0.014045265935,
        0.016699931935000002
      ]
    },
    {
      "command": "node ./testing/bench_scripts/fs_node.js",
      "mean": 0.042142052505,
      "stddev": 0.005373874723361961,
      "median": 0.042798306435,
      "user": 0.036522660000000005,
      "system": 0.006494873600000004,
      "min": 0.033310534935,
      "max": 0.068676009935,