{
  "results": [
    {
      "command": "./elsa run ./testing/bench_scripts/fs.js --fs",
      "mean": 0.0076469641799999976,
      "stddev": 0.0010667761390681578,
      "median": 0.0073752583100000005,
      "user": 0.005205006100000001,
      "system": 0.003373275000000001,
      "min": 0.00642577481,
      "max": 0.01504388081,
      "times": [
        0.008543149810000001,
        0.00678708781,
        0.00708169881,
        0.00642577481,
        0.007290705810000001,
        0.00666878381,
        0.007632817810000001,
        0.00683598981,
        0.0069437938099999996,
        0.007029295810000001,
        0.007307305810000001,
        0.00669798481,
        0.008282440810000001,
        0.006877490810000001,
        0.007168101810000001,
        0.00922367481,
        0.00693449281,
        0.00780712381,
        0.006739386810000001,
        0.007974729810000001,
        0.00674468581,
        0.00708089781,
        0.00686129081,
        0.0070506968100000015,
        0.007281805810000002,
        0.007688519810000001,
        0.007207002810000002,
        0.01504388081,
        0.00782742481,
        0.00832394181,
        0.00738110881,
        0.007015195810000001,
        0.00673998581,
        0.006973794810000001,
        0.00716510081,
        0.007569015810000001,
        0.00648657681,
        0.00768681981,
        0.008538149810000001,
        0.007636917810000001,
        0.00673408581,
        0.008067733810000002,
        0.006788087810000001,
        0.007193701810000001,
        0.00783032481,
        0.007238503810000001,
        0.0066309818100000004,
        0.00864965481,
        0.008023531810000002,
        0.00848554781,
        0.00712689981,
        0.0071585018100000005,
        0.007457610810000001,
        0.00667188281,
        0.008836659810000001,
        0.007578016810000001,
        0.007989329810000001,
        0.008210838810000001,
        0.00818873781,
        0.00940577981,
        0.00800542981,
        0.007320805810000001,
        0.007492712810000001,
        0.007719620810000001,
        0.00748301281,
        0.009034567810000001,
        0.007653817810000001,
        0.007180601810000001,
        0.008615852810000001,
        0.0069682938100000015,
        0.008239038810000002,
        0.007825623810000001,
        0.00820403781,
        0.00861185281,
        0.007265704810000001,
        0.008543949810000001,
        0.007090398810000001,
        0.00681708881,
        0.00706519681,
        0.007353607810000001,
        0.00664438281,
        0.007184301810000002,
        0.00689059081,
        0.007995630810000001,
        0.007369407810000001,
        0.00698659381,
        0.0070234958100000005,
        0.007365607810000001,
        0.00772972081,
        0.007908827810000001,
        0.00660288081,
        0.00836124381,
        0.00744491081,
        0.0075594148100000015,
        0.009131570810000001,
        0.0073387068100000015,
        0.007873725810000001,
        0.007796322810000001,
        0.010417416810000002,
        0.009759392810000002
      ]
    },
    {
      "command": "deno run --allow-read ./testing/bench_scripts/fs_deno.js",
      "mean": 0.01607892403,
      "stddev": 0.0016746061730302322,
      "median": 0.015498645310000001,
      "user": 0.012296149999999995,
      "system": 0.00396399,
      "min": 0.01385793681,
      "max": 0.01947053581,
      "times": [
        0.01777687681,
        0.01762857181,
        0.015660500810000002,
        0.014166547810000001,
        0.015555697810000001,
        0.01856110381,
        0.01771167481,
        0.01834709681,
        0.01900581981,
        0.01514298381,
        0.017920481810000003,
        0.01662443581,
        0.01800528481,
        0.01871810981,
        0.014871673810000003,
        0.014920674810000003,
        0.01888881581,
        0.016203020810000003,
        0.01666753681,
        0.01947053581,
        0.015025578810000002,
        0.01787907981,
        0.015886309810000002,
        0.01767697281,
        0.01466536581,
        0.019088422810000002,
        0.014638464810000001,
        0.018268393810000002,
        0.015169584810000001,
        0.01435295481,
        0.015414692810000002,
        0.015305489810000003,
        0.01847540081,
        0.01902392081,
        0.016122717810000003,
        0.016437328810000002,
        0.01509518181,
        0.01645222981,
        0.017603770810000002,
        0.01922722781,
        0.01852060281,
        0.01520348581,
        0.01699024881,
        0.01603351481,
        0.015285987810000002,
        0.016783140810000003,
        0.01753306781,
        0.015459594810000001,
        0.014211750810000002,
        0.01422164981,
        0.014200848810000001,
        0.01518608381,
        0.01413804681,
        0.014297752810000001,
        0.015537695810000002,
        0.014461657810000002,
        0.014399656810000001,
        0.01693104581,
        0.01484817281,
        0.01436925481,
        0.015257486810000002,
        0.014405756810000002,
        0.014692866810000002,
        0.015117281810000001,
        0.013936840810000002,
        0.014087544810000002,
        0.014500159810000001,
        0.015308587810000003,
        0.014234849810000002,
        0.01411264681,
        0.01584690781,
        0.01418634881,
        0.01385793681,
        0.01480167081,
        0.014270151810000001,
        0.014141247810000002,
        0.01498457681,
        0.01532528881,
        0.016993447810000003,
        0.015863707810000002,
        0.014174147810000001,
        0.014330953810000002,
        0.01417874881,
        0.01585570781,
        0.017325559810000002,
        0.017498465810000002,
        0.01905722181,
        0.014352254810000001,
        0.018799011810000002,
        0.01495717581,
        0.017560167810000003,
        0.015963811810000002,
        0.01774847481,
        0.014923874810000001,
        0.018622905810000003,
        0.018771010810000002,
        0.01781917681,
        0.018104087810000002,
        0.015132382810000001,
        0.014522160810000002
      ]
    },
    {
      "command": "node ./testing/bench_scripts/fs_node.js",
      "mean": 0.04318174105,
      "stddev": 0.004414303508641387,
      "median": 0.04450716381,
      "user": 0.03610322,
      "system": 0.008554717499999998,
      "min": 0.035776706809999996,
      "max": 0.05213838081,