{
  "results": [
    {
      "command": "./elsa run ./testing/bench_scripts/fs.js --fs",
      "mean": 0.005953395115000001,
      "stddev": 0.0005156204291613412,
      "median": 0.005806426255,
      "user": 0.0039023122500000005,
      "system": 0.0028363092,
      "min": 0.005132527255000001,
      "max": 0.007883324255,
      "times": [
        0.005619727255000001,
        0.0057126262550000004,
        0.005970526255000001,
        0.006084625255000001,
        0.005702626255000001,
        0.006431926255,
        0.005657426255,
        0.005240827255,
        0.005809426255000001,
        0.005762726255,
        0.006259725255000001,
        0.006024626255000001,
        0.005351826255000001,
        0.007883324255,
        0.005641726255000001,
        0.0055701272550000005,
        0.007183324255000002,
        0.006601325255000001,
        0.005714627255000001,
        0.005924125255000001,
        0.005513227255000001,
        0.005266926255000001,
        0.005682327255,
        0.005918825255000001,
        0.005543127255,
        0.005711826255000001,
        0.0056476262550000005,
        0.006096826255000001,
        0.006106125255000001,
        0.005569127255,
        0.005998926255000001,
        0.005747426255000001,
        0.006488125255000001,
        0.0054405262550000005,
        0.005258427255000001,
        0.005529526255000001,
        0.005634126255000001,
        0.006450226255000001,
        0.005784826255000001,
        0.005132527255000001,
        0.005803426255000001,
        0.005544426255000001,
        0.005665426255000001,
        0.005618826255000001,
        0.005660526255000001,
        0.006416526255000001,
        0.0053054262550000005,
        0.005589727255,
        0.006826025255000001,
        0.006206625255000001,
        0.006086626255000001,
        0.006042626255000001,
        0.006016225255,
        0.005302027255,
        0.0062372262550000005,
        0.006655725255000001,
        0.005923926255000001,
        0.005908625255000001,
        0.0057331272550000005,
        0.005832926255000001,
        0.006473825255000001,
        0.006163825255000001,
        0.005461927255,
        0.005609926255000001,
        0.005330527255000001,
        0.005731726255000001,
        0.006038425255,
        0.005484227255000001,
        0.005629926255000001,
        0.005747126255,
        0.005947926255,
        0.005544026255000001,
        0.0061357262550000005,
        0.005505326255000001,
        0.005672526255000001,
        0.005961726255000001,
        0.005636327255,
        0.006221625255000001,
        0.005723626255000001,
        0.006204326255000001,
        0.005386026255000001,
        0.005406027255000001,
        0.006158025255,
        0.007495725255,
        0.006683725255000001,
        0.006077725255000001,
        0.007222225255000001,
        0.006729025255000001,
        0.005638826255000001,
        0.006369125255000001,
        0.006961225255000001,
        0.007108425255000001,
        0.006260725255000001,
        0.005968126255000001,
        0.006872525255000001,
        0.005568226255000001,
        0.005891626255000001,
        0.005733226255,
        0.006138526255,
        0.006401925255
      ]
    },
    {
      "command": "deno run --allow-read ./testing/bench_scripts/fs_deno.js",
      "mean": 0.015876003564999998,
      "stddev": 0.0006168082597669076,
      "median": 0.015754116755000002,
      "user": 0.012008435000000001,
      "system": 0.0040140882,
      "min": 0.015009917255000001,
      "max": 0.018461514255000002,
      "times": [
        0.015417217255,
        0.015335816255000002,
        0.015850416255000003,
        0.015675816255000002,
        0.015608817255,
        0.015612616255,
        0.015930216255,
        0.015866316255000002,
        0.016732915255,
        0.016224416255000002,
        0.015419116255,
        0.015106917255000001,
        0.015120617255,
        0.015520316255,
        0.015553216255000002,
        0.015153117255000001,
        0.015157317255,
        0.016511215255000003,
        0.016086016255000002,
        0.015433316255000003,
        0.015303817255000001,
        0.015009917255000001,
        0.015100816255,
        0.015465017255000001,
        0.015095217255000001,
        0.015200216255000003,
        0.015040017255,
        0.015381417255000002,
        0.016768715255,
        0.016392016255000003,
        0.015641217255000003,
        0.015894216255000003,
        0.015770316255,
        0.015204017255,
        0.015434717255,
        0.016070716255000003,
        0.016508016255,
        0.016698216255000002,
        0.016168116255,
        0.016525915255000002,
        0.016814916255000003,
        0.015738516255,
        0.015547917255000002,
        0.015373917255000001,
        0.015761816255,
        0.016158716255,
        0.015824917255,
        0.015916116255,
        0.016691516255,
        0.015299717255000001,
        0.015323817255,
        0.015070017255000002,
        0.015386917255,
        0.015458116255000001,
        0.015473817255000001,
        0.015510517255000002,
        0.015400317255,
        0.015508416255,
        0.015443017255,
        0.016014316255,
        0.015954217255,
        0.015836716255,
        0.015400317255,
        0.015612316255000001,
        0.015797217255000003,
        0.015396617255000002,
        0.015692716255000003,
        0.015456617255000003,
        0.015825117255,
        0.015466017255000002,
        0.015597817255,
        0.015675916255000002,
        0.015357517255000001,
        0.015382117255000001,
        0.015900117255000002,
        0.015788416255,
        0.015719616255000003,
        0.015484917255000001,
        0.017403215255,
        0.018461514255000002,
        0.017794214255000003,
        0.016778316255,
        0.015883216255000002,
        0.015904916255000002,
        0.016795416255,
        0.016544715255000002,
        0.016390116255,
        0.016581316255000002,
        0.016672116255,
        0.016552216255000002,
        0.016923816255,
        0.016561716255,
        0.016353716255,
        0.016479516255,
        0.016107417255000003,
        0.016315816255,
        0.015746417255000002,
        0.016049116255000002,
        0.016012217255000002,
        0.016239316255
      ]
    },
    {
      "command": "node ./testing/bench_scripts/fs_node.js",
      "mean": 0.040458312025000026,
      "stddev": 0.003499107359803301,
      "median": 0.039599348755000006,
      "user": 0.03396741500000001,
      "system": 0.007541883799999997,
      "min": 0.038109700255000004,
      "max": 0.069990569255,