{
  "results": [
    {
      "command": "./elsa run ./testing/bench_scripts/fs.js --fs",
      "mean": 0.008074456535000002,
      "stddev": 0.0004898683009167302,
      "median": 0.007976141345,
      "user": 0.005617369699999999,
      "system": 0.003296177449999999,
      "min": 0.007465152845000001,
      "max": 0.010670694845,
      "times": [
        0.007788177845000002,
        0.008298815845,
        0.007914886845,
        0.008099700845,
        0.008791052845,
        0.008065097845,
        0.008090799845,
        0.008438525845,
        0.007608162845000001,
        0.0077319728450000015,
        0.007903685845,
        0.007866082845,
        0.008338917845,
        0.008084399845,
        0.007545658845000002,
        0.008099500845,
        0.007792677845000001,
        0.007720771845000001,
        0.008373520845,
        0.007789276845000001,
        0.008439425845000001,
        0.008195807845,
        0.008335017845,
        0.007984391845000001,
        0.008034194845,
        0.008337517845,
        0.007784675845000001,
        0.009361895845,
        0.007745473845000001,
        0.0075613598450000015,
        0.007533457845000002,
        0.008243510845,
        0.008038995845,
        0.007718371845000001,
        0.008139003845,
        0.008202908845,
        0.007945788845,
        0.008331617845,
        0.008304015845,
        0.008312616845,
        0.007683069845,
        0.007788776845,
        0.008356719845,
        0.008394722845,
        0.007967890845,
        0.0076935698450000005,
        0.008030395845,
        0.007733872845000001,
        0.008602737845,
        0.008036394845,
        0.007881583845,
        0.0076778688450000005,
        0.007465152845000001,
        0.007821978845,
        0.007607662845000001,
        0.007600962845000001,
        0.008114201845,
        0.007857681845,
        0.007783276845000002,
        0.007808878845000001,
        0.008262012845,
        0.007953289845,
        0.007710070845000001,
        0.007807577845000001,
        0.007843380845,
        0.007630664845,
        0.007806577845000002,
        0.007772875845000002,
        0.008140703845,
        0.008428124845000001,
        0.007945988845,
        0.007763174845000001,
        0.007524956845000001,
        0.008020294845,
        0.008276413845,
        0.007916686845,
        0.007885783845000001,
        0.0076640678450000015,
        0.007910985845,
        0.007876983845,
        0.007897984845,
        0.007738472845000001,
        0.008249211845,
        0.008296614845,
        0.008040395845,
        0.007483153845000001,
        0.008846255845,
        0.007997892845,
        0.008043596845,
        0.008032294845,
        0.007778175845000001,
        0.007604462845000001,
        0.008087199845,
        0.010670694845,
        0.008818654845000001,
        0.009848732845,
        0.009123977845,
        0.009430500845,
        0.008341518845,
        0.008176105845
      ]
    },
    {
      "command": "deno run --allow-read ./testing/bench_scripts/fs_deno.js",
      "mean": 0.016410246304999997,
      "stddev": 0.0006940866539031806,
      "median": 0.016204509345,
      "user": 0.012309559999999999,
      "system": 0.0042326596999999995,
      "min": 0.015726773845,
      "max": 0.020422126845,
      "times": [
        0.015792479845000002,
        0.018056349845,
        0.015903387845000002,
        0.015771277845,
        0.016097701845,
        0.016126904845,
        0.016664844845000002,
        0.016464929845,
        0.016359121845,
        0.016410425845,
        0.016244812845,
        0.017405600845,
        0.016565237845,
        0.016782553845,
        0.016550335845,
        0.017167182845,
        0.016302517845,
        0.016939965845000002,
        0.016201509845,
        0.015913787845,
        0.017420901845,
        0.015876285845,
        0.015832182845,
        0.016331019845,
        0.017184383845,
        0.015927188845,
        0.016265813845,
        0.017930039845000002,
        0.015861783845,
        0.015914687845,
        0.017378198845,
        0.015826781845000002,
        0.016052397845,
        0.016424626845,
        0.015811479845,
        0.015786177845,
        0.015937788845000002,
        0.016445027845,
        0.016634542845,
        0.016168806845,
        0.016194308845,
        0.016033097845,
        0.016157005845,
        0.016671444845,
        0.015779377845,
        0.017820830845,
        0.016391123845,
        0.017268689845,
        0.016532933845,
        0.016478229845,
        0.016126703845,
        0.016401924845000002,
        0.015907586845000002,
        0.016404924845000002,
        0.016693646845,
        0.017024871845,
        0.016317517845,
        0.016314918845,
        0.016117403845,
        0.016998769845,
        0.015823481845,
        0.015909787845000002,
        0.015834781845,
        0.016119302845,
        0.016433926845000002,
        0.016794754845,
        0.016014195845,
        0.015958291845,
        0.016192108845,
        0.016088900845,
        0.015726773845,
        0.015787377845000002,
        0.015997193845,
        0.015897086845000002,
        0.015771076845,
        0.016138304845,
        0.016422625845,
        0.016317417845,
        0.018294066845,
        0.015943690845,
        0.016049797845,
        0.015952190845000002,
        0.016017195845000002,
        0.016834456845,
        0.016211109845000002,
        0.016294015845,
        0.015914287845,
        0.016197108845000002,
        0.015909886845000002,
        0.016010894845000002,
        0.017668718845,
        0.016084099845,
        0.015798378845,
        0.020422126845,
        0.016861358845,
        0.017311992845000002,
        0.017236486845,
        0.016207508845,
        0.015945489845,
        0.016266013845
      ]
    },
    {
      "command": "node ./testing/bench_scripts/fs_node.js",
      "mean": 0.03617702128499998,
      "stddev": 0.0030780257555469114,
      "median": 0.037010619344999995,
      "user": 0.03068508000000001,
      "system": 0.006683183500000002,
      "min": 0.030219058845,
      "max": 0.045705223845000004,