{
  "results": [
    {
      "command": "./elsa run ./testing/bench_scripts/fs.js --fs",
      "mean": 0.008033022945,
      "stddev": 0.0010780675184411642,
      "median": 0.007802588585,
      "user": 0.004823149800000001,
      "system": 0.0040650194,
      "min": 0.006609940585000001,
      "max": 0.013628423585,
      "times": [
        0.007802688585,
        0.006609940585000001,
        0.006791547585,
        0.008441614585,
        0.008629222585,
        0.010396893585,
        0.007851990585000001,
        0.008629921585,
        0.009827570585,
        0.007802488585,
        0.008150702585,
        0.008269806585000001,
        0.008269206585000001,
        0.009013237585,
        0.009554759585000001,
        0.007556178585,
        0.008428014585,
        0.007448774585,
        0.006951853585000001,
        0.007070158585,
        0.008657023585,
        0.007555878585,
        0.007311168585,
        0.007145762585,
        0.009653563585,
        0.009991577585000001,
        0.007660382585,
        0.007535677585000001,
        0.008164202585,
        0.009126141585,
        0.008713525585000001,
        0.007409572585000001,
        0.006791947585,
        0.007131261585,
        0.007038757585000001,
        0.008043298585,
        0.009725666585,
        0.007601880585,
        0.006912352585000001,
        0.007250165585000001,
        0.007031156585,
        0.007227665585000001,
        0.008316009585,
        0.009580560585,
        0.008663222585,
        0.008326309585,
        0.010014278585000001,
        0.008136201585,
        0.010044979585,
        0.009302149585,
        0.007628781585000001,
        0.006763046585000001,
        0.006840049585000001,
        0.008098300585,
        0.007332669585,
        0.0073155685849999996,
        0.007353670585000001,
        0.006964254585,
        0.007145861585,
        0.008370311585,
        0.007347969585000001,
        0.007490575585000001,
        0.008571019585,
        0.008224305585000001,
        0.008490116585,
        0.006924853585000001,
        0.007412072585,
        0.0071057595849999995,
        0.007407071585000001,
        0.008968335585,
        0.013628423585,
        0.008216501585000001,
        0.007785284585,
        0.0074509715850000005,
        0.007401469585000001,
        0.007252563585,
        0.007224661585,
        0.007461971585000001,
        0.007772484585000001,
        0.007990693585,
        0.0076646795850000005,
        0.008022994585,
        0.008182600585,
        0.006698541585,
        0.007506773585000001,
        0.007806585585000001,
        0.007156559585,
        0.008921830585,
        0.010049675585,
        0.008051995585,
        0.009956071585,
        0.008729222585,
        0.008922630585,
        0.006881848585,
        0.007337866585,
        0.007812985585,
        0.007853587585,
        0.007103357585000001,
        0.008093497585,
        0.0070504555850000004
      ]
    },
    {
      "command": "deno run --allow-read ./testing/bench_scripts/fs_deno.js",
      "mean": 0.017755665765000005,
      "stddev": 0.0010958592962054144,
      "median": 0.017499658085,
      "user": 0.013943640000000004,
      "system": 0.0039931425,
      "min": 0.016056506585,
      "max": 0.021775433585000004,
      "times": [
        0.018701511585000004,
        0.016967042585,
        0.016285215585000002,
        0.017419060585000003,
        0.017332457585000002,
        0.017893079585000003,
        0.018456801585,
        0.016653430585000004,
        0.016914341585000003,
        0.017678270585000003,
        0.017190651585,
        0.019146129585,
        0.016884239585000002,
        0.018701411585000004,
        0.017964582585000003,
        0.018685310585000003,
        0.019820155585000002,
        0.018336497585000004,
        0.017249053585000004,
        0.018824615585000003,
        0.016970342585000003,
        0.016374119585000003,
        0.018422600585000004,
        0.017605568585000002,
        0.017795175585000003,
        0.018957421585000002,
        0.017995883585000004,
        0.018328596585000002,
        0.018667110585000004,
        0.016133009585000004,
        0.021775433585000004,
        0.021488321585000004,
        0.018557806585000003,
        0.017002144585000004,
        0.016105408585,
        0.017841377585000002,
        0.017933481585000004,
        0.018219992585000004,
        0.017882978585000004,
        0.017311356585000003,
        0.017985782585000002,
        0.016072806585000002,
        0.016056506585,
        0.017315356585000004,
        0.016503823585000004,
        0.016772434585000003,
        0.018155985585000003,
        0.016985037585,
        0.017379252585,
        0.016954036585000002,
        0.017316550585000003,
        0.018128882585000002,
        0.017059440585000002,
        0.017888972585000003,
        0.019738345585000004,
        0.018649903585000002,
        0.018863511585000003,
        0.016568421585000003,
        0.016985837585000003,
        0.018179984585000003,
        0.018283689585000002,
        0.017029439585000004,
        0.017225646585000004,
        0.016743027585000004,
        0.017523159585000003,
        0.018522898585000003,
        0.018386692585000003,
        0.018738506585000002,
        0.017415554585000003,
        0.017476156585000003,
        0.017362652585000003,
        0.017425455585000003,
        0.017090941585,
        0.017426355585000004,
        0.016505018585000003,
        0.017199645585000003,
        0.016710127585,
        0.017987576585,
        0.016545220585000003,
        0.018662103585000003,
        0.017365152585,
        0.020762485585000004,
        0.016799730585000002,
        0.018799708585,
        0.016503419585,
        0.016640823585000002,
        0.019157922585000004,
        0.017135343585000004,
        0.018419294585000003,
        0.017261948585000002,
        0.018024678585000002,
        0.016997537585000003,
        0.017961375585,
        0.016964536585000002,
        0.016282110585000002,
        0.018032878585000002,
        0.020330369585000004,
        0.018611701585,
        0.018455895585000003,
        0.016766928585000004
      ]
    },
    {
      "command": "node ./testing/bench_scripts/fs_node.js",
      "mean": 0.044738443905,
      "stddev": 0.0028352852995737576,
      "median": 0.043973588585,
      "user": 0.037031499999999995,
      "system": 0.009030813199999998,
      "min": 0.040291652585000004,
      "max": 0.056773611585,