{
  "results": [
    {
      "command": "./elsa run ./testing/bench_scripts/fs.js --fs",
      "mean": 0.008446512354999996,
      "stddev": 0.0006874331698639697,
      "median": 0.008369723725,
      "user": 0.005784796450000001,
      "system": 0.0036196213000000005,
      "min": 0.006985282225,
      "max": 0.010552286225,
      "times": [
        0.009335152225,
        0.008478027225,
        0.008791436225000001,
        0.008255320225,
        0.008336923225,
        0.007852909225000001,
        0.007956512225,
        0.008872638225,
        0.007810808225,
        0.008375124225,
        0.009477356225,
        0.007990813225,
        0.008959741225,
        0.008256320225,
        0.009693663225000001,
        0.008275321225,
        0.008440125225000001,
        0.009333551225,
        0.008085315225,
        0.009029642225,
        0.008179318225000001,
        0.008325321225,
        0.009139545225,
        0.008476825225,
        0.008192317225,
        0.008076315225,
        0.007977511225000001,
        0.008062114225,
        0.008263820225000001,
        0.008901138225,
        0.008270619225000001,
        0.0073493932250000005,
        0.007499797225,
        0.007656002225,
        0.009678561225,
        0.007957911225000001,
        0.008468425225000001,
        0.009388652225,
        0.0075471992250000005,
        0.008830636225,
        0.008755834225,
        0.008196218225000001,
        0.008392423225,
        0.007321993225,
        0.008705232225,
        0.008697633225000001,
        0.008643231225,
        0.008007812225,
        0.008081715225000001,
        0.007979211225000001,
        0.008008313225,
        0.008022312225,
        0.0073898942250000006,
        0.007491497225000001,
        0.006985282225,
        0.008072714225000001,
        0.008032613225,
        0.008985840225,
        0.007435396225,
        0.007770406225,
        0.0077697052249999995,
        0.008583729225000001,
        0.009181846225,
        0.008305921225,
        0.008421124225,
        0.009010741225,
        0.008877138225000001,
        0.009573357225,
        0.008957339225000001,
        0.008824136225000001,
        0.010461183225,
        0.008033313225,
        0.010287878225,
        0.008351122225,
        0.008089314225,
        0.008403024225,
        0.009046543225,
        0.009136545225,
        0.008273520225,
        0.008086415225,
        0.007515498225,
        0.007036684225,
        0.007826307225,
        0.0077175042249999996,
        0.008605830225,
        0.008484426225000001,
        0.009055443225000001,
        0.008624130225,
        0.008398724225000001,
        0.009371652225,
        0.008770135225,
        0.009105244225,
        0.010552286225,
        0.008930939225,
        0.008435924225,
        0.008364323225000001,
        0.007412695225,
        0.008833637225,
        0.008914338225,
        0.008197917225
      ]
    },
    {
      "command": "deno run --allow-read ./testing/bench_scripts/fs_deno.js",
      "mean": 0.017161415765,
      "stddev": 0.001162683988909581,
      "median": 0.016748410724999996,
      "user": 0.012745735000000005,
      "system": 0.0045635037,
      "min": 0.015207716224999999,
      "max": 0.020781779224999998,
      "times": [
        0.016446553225,
        0.016099143224999998,
        0.018698019225,
        0.018079101224999998,
        0.019016727225,
        0.019029428225,
        0.017119473225,
        0.016391152225,
        0.016235148225,
        0.018079901225,
        0.016552757225,
        0.016343551225,
        0.016547256224999998,
        0.020781779224999998,
        0.017012570225,
        0.017157074225,
        0.016527056225,
        0.015857536225,
        0.016090644225,
        0.016370451225,
        0.015978341224999998,
        0.016040042225,
        0.016294249224999998,
        0.016430053224999998,
        0.016472653224999998,
        0.015410522225000002,
        0.016606556225,
        0.018678216225,
        0.016531455224999998,
        0.017547184224999998,
        0.018350406225,
        0.015584628225,
        0.019566941225,
        0.016558555225,
        0.016045840225,
        0.017793390225,
        0.016088842225,
        0.018237003225,
        0.016167244225,
        0.018334606224999998,
        0.017044069225,
        0.019313035225,
        0.016047840225,
        0.018126001225,
        0.016446152225,
        0.017858092225,
        0.018207003225,
        0.017958196225,
        0.018403908224999998,
        0.016722160224999998,
        0.017708088224999998,
        0.016573656225,
        0.016949067225,
        0.018089299225,
        0.019308934225,
        0.017749390224999998,
        0.017470181225,
        0.016228746225,
        0.017651687225,
        0.015207716224999999,
        0.017107370224999998,
        0.016375950224999998,
        0.016518354225,
        0.015897336225,
        0.016274347225,
        0.016774661224999998,
        0.016156644225,
        0.017992996225,
        0.018811019225,
        0.017401779225,
        0.018097300224999998,
        0.016994367224999998,
        0.018688816224999998,
        0.016174044225,
        0.019353036225,
        0.015951138224999998,
        0.018587614225,
        0.018358707225,
        0.016039940225,
        0.016602456225,
        0.016988065224999998,
        0.019492737225,
        0.017715787224999998,
        0.015828933224999998,
        0.015984037225,
        0.016479751225,
        0.015611626225,
        0.015894635225,
        0.017183271224999998,
        0.015759531224999998,
        0.016380449225,
        0.018065896225,
        0.018969322224999998,
        0.016662757224999998,
        0.017704486225,
        0.015593726225000002,
        0.018833719225,
        0.016106141225,
        0.017952293225,
        0.016561253225
      ]
    },
    {
      "command": "node ./testing/bench_scripts/fs_node.js",
      "mean": 0.04300053693500001,
      "stddev": 0.0028921397841479967,
      "median": 0.042206513225000006,
      "user": 0.036346285000000006,
      "system": 0.007757197000000001,
      "min": 0.038149953225,
      "max": 0.051857030225,