{
  "results": [
    {
      "command": "./elsa run ./testing/bench_scripts/fs.js --fs",
      "mean": 0.0060976798700000025,
      "stddev": 0.000393402545829697,
      "median": 0.00600346406,
      "user": 0.00397805985,
      "system": 0.0029270263999999985,
      "min": 0.00545115956,
      "max": 0.00723027356,
      "times": [
        0.00656116856,
        0.00592726356,
        0.00601566456,
        0.00620716556,
        0.00559716056,
        0.00578576256,
        0.00558846156,
        0.00617426456,
        0.00545736056,
        0.00623306556,
        0.00643806756,
        0.00630526656,
        0.00682427056,
        0.00633876656,
        0.00589656356,
        0.00620856556,
        0.00550786056,
        0.00575686256,
        0.00583026256,
        0.00600416456,
        0.00600276356,
        0.00585366356,
        0.00591156356,
        0.0064553675599999995,
        0.00555936056,
        0.00591856356,
        0.00592926356,
        0.00691007156,
        0.00602386356,
        0.00585796356,
        0.00620706556,
        0.00574296256,
        0.00609146456,
        0.00586086256,
        0.00575616256,
        0.00601016456,
        0.0057826625599999995,
        0.00590466356,
        0.00580746256,
        0.00678336956,
        0.00585126356,
        0.00585016256,
        0.0061977655599999995,
        0.00637736756,
        0.00579476256,
        0.00577036256,
        0.00603316356,
        0.00608996556,
        0.00723027356,
        0.00595336356,
        0.00712587256,
        0.00650196756,
        0.00598276356,
        0.00583686356,
        0.00647156756,
        0.00623166556,
        0.00574596256,
        0.00588476356,
        0.00649456756,
        0.00687787156,
        0.00598056356,
        0.00679427056,
        0.00649616756,
        0.00610496556,
        0.00585596256,
        0.00582676256,
        0.00593486456,
        0.00563686056,
        0.00573766256,
        0.00637106656,
        0.00594526356,
        0.00552856056,
        0.00597126456,
        0.00548885956,
        0.00581036256,
        0.00599246456,
        0.0054747595599999995,
        0.00602886456,
        0.00592376356,
        0.00585086356,
        0.00647106756,
        0.00601866456,
        0.00545115956,
        0.00566116156,
        0.00599996356,
        0.00644566756,
        0.00613606456,
        0.00684307056,
        0.00632826656,
        0.00635956656,
        0.00588046356,
        0.00657086856,
        0.00636736656,
        0.00684267056,
        0.00605056456,
        0.00611136556,
        0.00680586956,
        0.00689067056,
        0.00642346756,
        0.00602626456
      ]
    },
    {
      "command": "deno run --allow-read ./testing/bench_scripts/fs_deno.js",
      "mean": 0.015420191910000007,
      "stddev": 0.0004018641162630305,
      "median": 0.015318778560000001,
      "user": 0.011907885000000002,
      "system": 0.0037250292,
      "min": 0.01493202856,
      "max": 0.01731024356,
      "times": [
        0.01497412856,
        0.01508442956,
        0.015372332560000002,
        0.015318930560000001,
        0.015676933560000002,
        0.016105337560000002,
        0.016550840560000002,
        0.015437932560000001,
        0.015248131560000001,
        0.01523783056,
        0.01493202856,
        0.01517233056,
        0.015004129560000001,
        0.015366631560000002,
        0.015155230560000002,
        0.014994628559999999,
        0.015938236560000003,
        0.015354931560000002,
        0.015755034560000002,
        0.015551533559999999,
        0.015190930560000001,
        0.015447832560000001,
        0.015869835560000004,
        0.01534362956,
        0.015098227560000002,
        0.015282128560000002,
        0.01535602956,
        0.01569643156,
        0.01528432856,
        0.01522482756,
        0.015815832560000003,
        0.01528632956,
        0.015377328560000002,
        0.015182828560000002,
        0.01520552756,
        0.015122827560000001,
        0.015385429560000002,
        0.015055527560000002,
        0.01506642656,
        0.015205827560000001,
        0.01537872956,
        0.01530532856,
        0.015186428560000001,
        0.015676831560000003,
        0.015373829560000002,
        0.01547152956,
        0.015116327560000002,
        0.015193328560000002,
        0.01616533456,
        0.01554173056,
        0.015460030559999999,
        0.015285028560000002,
        0.01503372656,
        0.01505762756,
        0.015267028560000001,
        0.014983126559999999,
        0.015383129560000002,
        0.01517432756,
        0.01493612656,
        0.015185327560000001,
        0.015212728560000001,
        0.01517512756,
        0.01516732856,
        0.015189827559999999,
        0.015400129560000001,
        0.01622073556,
        0.015548830559999999,
        0.01544372956,
        0.015750931560000004,
        0.015309529560000002,
        0.015122327560000001,
        0.01504202656,
        0.015165328560000002,
        0.015198027559999999,
        0.01511012756,
        0.015269928560000002,
        0.015223828560000001,
        0.015191627560000002,
        0.015052527559999999,
        0.016692838560000003,
        0.01570693256,
        0.01731024356,
        0.01540082956,
        0.015339928560000002,
        0.01541202956,
        0.01546762756,
        0.015142725560000002,
        0.015459927560000001,
        0.01612863256,
        0.01642413456,
        0.016033931560000002,
        0.015524127560000002,
        0.01543672756,
        0.015649028560000004,
        0.015592828559999999,
        0.015473727559999999,
        0.016228933560000002,
        0.01535612656,
        0.01522012556,
        0.015318626560000001
      ]
    },
    {
      "command": "node ./testing/bench_scripts/fs_node.js",
      "mean": 0.03937542167000001,
      "stddev": 0.0013377712886682123,
      "median": 0.03908461106,
      "user": 0.033666945,
      "system": 0.007042217199999995,
      "min": 0.037326061560000005,
      "max": 0.045990398560000006,