{
  "results": [
    {
      "command": "./elsa run ./testing/bench_scripts/fs.js --fs",
      "mean": 0.008386525810000002,
      "stddev": 0.0012967304615110907,
      "median": 0.008204482700000001,
      "user": 0.005493153899999999,
      "system": 0.003868282250000001,
      "min": 0.0068472207,
      "max": 0.0187004877,
      "times": [
        0.007475451699999999,
        0.008772414700000002,
        0.0078056677,
        0.0084534997,
        0.006925124699999999,
        0.0072478407,
        0.0068472207,
        0.0076433597,
        0.0079129717,
        0.0081130817,
        0.007113333699999999,
        0.0077533647,
        0.0083073897,
        0.0080886767,
        0.009852261700000002,
        0.009070723700000002,
        0.0187004877,
        0.009181229700000001,
        0.0088964157,
        0.008594801700000002,
        0.0080874767,
        0.0081504807,
        0.0075256497,
        0.0089499187,
        0.008141079700000001,
        0.0096083507,
        0.0095601477,
        0.008836012700000001,
        0.008564299700000002,
        0.0080261737,
        0.0081674807,
        0.0078002627,
        0.0097841577,
        0.0083590897,
        0.0088754147,
        0.0082287837,
        0.0080394747,
        0.007717558699999999,
        0.0078628657,
        0.009086524700000001,
        0.0080360737,
        0.0076385547,
        0.0083159887,
        0.008498296700000001,
        0.0099394657,
        0.0081678817,
        0.009351437700000001,
        0.008608601700000001,
        0.0074630477,
        0.0089033157,
        0.0077218587,
        0.008723707700000001,
        0.0080315747,
        0.0082706857,
        0.008275686700000002,
        0.008568799700000001,
        0.007871565700000001,
        0.007711458700000001,
        0.0079585707,
        0.0084157927,
        0.008943818700000002,
        0.0092419327,
        0.0078782667,
        0.008271785700000001,
        0.008260384700000001,
        0.0080902777,
        0.010329584700000002,
        0.0089478187,
        0.0082701857,
        0.0079282697,
        0.0076812577,
        0.0092276317,
        0.006971423700000001,
        0.0071836337,
        0.0070583276999999995,
        0.007390843699999999,
        0.007264136700000001,
        0.008109977700000002,
        0.0076227547000000005,
        0.0082013827,
        0.007318439699999999,
        0.0074675476999999995,
        0.0082075827,
        0.009109726700000001,
        0.0078303647,
        0.0072404357,
        0.006890318699999999,
        0.0108232077,
        0.008713507700000001,
        0.0087428087,
        0.007906767700000001,
        0.0098958637,
        0.008451494700000001,
        0.0088629147,
        0.0083503897,
        0.0076697567,
        0.008680605700000002,
        0.008388291700000002,
        0.008521897700000001,
        0.0081080777
      ]
    },
    {
      "command": "deno run --allow-read ./testing/bench_scripts/fs_deno.js",
      "mean": 0.016816404300000004,
      "stddev": 0.00101316888175999,
      "median": 0.016486553200000004,
      "user": 0.012784960000000005,
      "system": 0.004356203,
      "min": 0.015431707700000002,
      "max": 0.019474696700000002,
      "times": [
        0.015879635700000002,
        0.0164098607,
        0.0158093327,
        0.016342757700000002,
        0.015844633700000003,
        0.017936132700000003,
        0.0179674337,
        0.0188742777,
        0.0168449817,
        0.015989941700000003,
        0.017056491700000002,
        0.015753329700000002,
        0.0171679977,
        0.0158229337,
        0.016699274700000002,
        0.016719075700000002,
        0.0156646257,
        0.0159233377,
        0.0164343617,
        0.0169794877,
        0.0168525827,
        0.017114686700000003,
        0.015688719700000003,
        0.015571413700000002,
        0.016268847700000002,
        0.0163873527,
        0.016574260700000003,
        0.016446354700000002,
        0.0168915757,
        0.0164463557,
        0.0170360827,
        0.0160591377,
        0.0161375407,
        0.016823872700000003,
        0.0158554277,
        0.0159933347,
        0.017148087700000002,
        0.0181531357,
        0.019264586700000003,
        0.0159392317,
        0.0157668237,
        0.016704467700000003,
        0.0165675607,
        0.016439954700000002,
        0.0164595557,
        0.015639317700000002,
        0.0156601187,
        0.0165860617,
        0.0161121397,
        0.0156862197,
        0.018327843700000002,
        0.016606862700000002,
        0.0159493317,
        0.016504457700000003,
        0.015431707700000002,
        0.0159142297,
        0.0170277827,
        0.016140240700000003,
        0.016409653700000002,
        0.016167141700000002,
        0.0157761247,
        0.0161197397,
        0.0177237157,
        0.0162981477,
        0.0161596417,
        0.019172182700000002,
        0.018639756700000003,
        0.018793264700000003,
        0.016324049700000003,
        0.019474696700000002,
        0.0165908617,
        0.0186697597,
        0.0186563587,
        0.0178911227,
        0.018019528700000002,
        0.017988226700000002,
        0.017898522700000002,
        0.0170682787,
        0.016987571700000002,
        0.0194377857,
        0.017750307700000002,
        0.016654057700000002,
        0.018339034700000003,
        0.0171861817,
        0.0164193467,
        0.017133379700000003,
        0.016162934700000003,
        0.015791717700000003,
        0.0155321047,
        0.0164594477,
        0.015896021700000002,
        0.0164686487,
        0.0163780447,
        0.0158835217,
        0.017570999700000003,
        0.0168392657,
        0.015978025700000002,
        0.0183656367,
        0.018196028700000002,
        0.0180724227
      ]
    },
    {
      "command": "node ./testing/bench_scripts/fs_node.js",
      "mean": 0.045339362180000016,
      "stddev": 0.004058666434091108,
      "median": 0.0441633097,
      "user": 0.036871960000000016,
      "system": 0.008903307749999999,
      "min": 0.040498233700000004,
      "max": 0.0611800887,