{
  "results": [
    {
      "command": "./elsa run ./testing/bench_scripts/fs.js --fs",
      "mean": 0.006896143120000001,
      "stddev": 0.0010631336400360077,
      "median": 0.00672431314,
      "user": 0.00430116905,
      "system": 0.0034827586,
      "min": 0.00566173564,
      "max": 0.013711351640000001,
      "times": [
        0.00630475264,
        0.006522458640000001,
        0.00566173564,
        0.006844966640000001,
        0.006712363640000001,
        0.007573186640000001,
        0.006457056640000001,
        0.013711351640000001,
        0.005966743640000001,
        0.006981570640000001,
        0.006916268640000001,
        0.006355354640000001,
        0.006997370640000001,
        0.006102247640000001,
        0.00692086864,
        0.007273278640000001,
        0.007040072640000001,
        0.006194049640000001,
        0.00579713864,
        0.006290952640000001,
        0.0068776676400000005,
        0.006455356640000001,
        0.00639265464,
        0.007307079640000001,
        0.006487957640000001,
        0.006270751640000001,
        0.005955042640000001,
        0.006805765640000001,
        0.00702257164,
        0.00669586264,
        0.006126747640000001,
        0.0057286366400000005,
        0.005851139640000001,
        0.006388054640000001,
        0.00751038464,
        0.0066841626400000005,
        0.007144274640000001,
        0.006562859640000001,
        0.005844739640000001,
        0.006553858640000001,
        0.0071766756400000005,
        0.006218149640000001,
        0.006627360640000001,
        0.007085273640000001,
        0.00649565764,
        0.0060662456400000005,
        0.006830866640000001,
        0.006623560640000001,
        0.006655161640000001,
        0.00674446464,
        0.007049871640000001,
        0.006749163640000001,
        0.00727137864,
        0.00697737064,
        0.006940768640000001,
        0.00785279364,
        0.007536685640000001,
        0.007649288640000001,
        0.00746038264,
        0.006535557640000001,
        0.007565886640000001,
        0.00674586364,
        0.00745628264,
        0.00702777164,
        0.006671662640000001,
        0.00653395864,
        0.0074677836400000005,
        0.00659725964,
        0.007178075640000001,
        0.0069155686400000005,
        0.01296763064,
        0.00861891364,
        0.006919168640000001,
        0.006648660640000001,
        0.007103373640000001,
        0.006524757640000001,
        0.00706057164,
        0.00711847364,
        0.00608034664,
        0.007417681640000001,
        0.006657161640000001,
        0.006716362640000001,
        0.00645105664,
        0.0070717726400000005,
        0.00628965164,
        0.0067322636400000005,
        0.0062549506400000005,
        0.0066708626400000005,
        0.00656855864,
        0.00676536464,
        0.00637695364,
        0.00714647464,
        0.006358453640000001,
        0.007375980640000001,
        0.0065138576400000005,
        0.006431755640000001,
        0.0062303496400000005,
        0.00725047764,
        0.00814520164,
        0.00715107464
      ]
    },
    {
      "command": "deno run --allow-read ./testing/bench_scripts/fs_deno.js",
      "mean": 0.017543865419999995,
      "stddev": 0.0020061765799707274,
      "median": 0.01714654164,
      "user": 0.012868654999999998,
      "system": 0.004835290800000001,
      "min": 0.01581840664,
      "max": 0.032381550640000006,
      "times": [
        0.01685733364,
        0.01733264664,
        0.01707933964,
        0.01720064364,
        0.01719574364,
        0.018316273640000002,
        0.01727044564,
        0.032381550640000006,
        0.02061573564,
        0.01679613264,
        0.01581840664,
        0.01746005064,
        0.01713924164,
        0.01667022964,
        0.017362148640000002,
        0.01641222264,
        0.01648882464,
        0.02628918764,
        0.01777085864,
        0.01644812364,
        0.01663612864,
        0.01842797564,
        0.01731684664,
        0.01658492764,
        0.01647612364,
        0.01716374264,
        0.01639252164,
        0.016503025640000002,
        0.01761985464,
        0.01787486164,
        0.01681233264,
        0.01724544464,
        0.01683703364,
        0.01683983364,
        0.01712154164,
        0.01680533264,
        0.01669612964,
        0.02116464964,
        0.01929109964,
        0.02120394964,
        0.017230543640000002,
        0.01780185964,
        0.01694033664,
        0.01687663464,
        0.01762115464,
        0.01756755264,
        0.01737344764,
        0.01736264764,
        0.01681563264,
        0.01699543764,
        0.01769135664,
        0.01702723864,
        0.01810426764,
        0.01635882064,
        0.01708924064,
        0.01683193364,
        0.01811556764,
        0.01786606064,
        0.01740164764,
        0.01877248464,
        0.01746445064,
        0.01827167164,
        0.01698903764,
        0.01726904464,
        0.01720644364,
        0.01775625864,
        0.01773965764,
        0.01747345064,
        0.01747425064,
        0.016704229640000002,
        0.01686663364,
        0.01621011664,
        0.02141915664,
        0.01650672464,
        0.01690733564,
        0.017140141640000002,
        0.01651032464,
        0.01632371964,
        0.01618751664,
        0.01659732664,
        0.01676913164,
        0.01647712364,
        0.01779725864,
        0.01690673464,
        0.01657522664,
        0.01681973364,
        0.01742744864,
        0.01696033664,
        0.01774485664,
        0.01735244664,
        0.01754255164,
        0.01787316064,
        0.01738384664,
        0.01836517364,
        0.01715294164,
        0.01679783164,
        0.01665762864,
        0.01628821764,
        0.01603891064,
        0.01667612864
      ]
    },
    {
      "command": "node ./testing/bench_scripts/fs_node.js",
      "mean": 0.044497652969999996,
      "stddev": 0.002724682492650771,
      "median": 0.043649091140000006,
      "user": 0.037668015,
      "system": 0.0084067817,
      "min": 0.04105257064000001,
      "max": 0.056007965640000004,