{
  "results": [
    {
      "command": "./elsa run ./testing/bench_scripts/fs.js --fs",
      "mean": 0.0070627968800000005,
      "stddev": 0.0008822865914180438,
      "median": 0.00705302439,
      "user": 0.00409708305,
      "system": 0.003739567999999999,
      "min": 0.00569047339,
      "max": 0.01084258039,
      "times": [
        0.006975275390000001,
        0.00712847439,
        0.01084258039,
        0.00705427439,
        0.00693207439,
        0.00766967639,
        0.007412475390000001,
        0.007347675390000001,
        0.0067317743900000004,
        0.00767257539,
        0.00724377539,
        0.00714397439,
        0.008307376390000001,
        0.00820297639,
        0.00726427539,
        0.00713457539,
        0.00787097539,
        0.0075337753900000005,
        0.008921577390000001,
        0.008573377390000001,
        0.00872917739,
        0.00664447439,
        0.0073191743900000005,
        0.00731477539,
        0.006333174390000001,
        0.0070517743899999995,
        0.00800877639,
        0.00789817639,
        0.00771707539,
        0.00746967539,
        0.00800427639,
        0.007735275390000001,
        0.00907487739,
        0.00768477639,
        0.00806877539,
        0.007205075390000001,
        0.007262675390000001,
        0.00823077639,
        0.00769507539,
        0.007515875390000001,
        0.00888147739,
        0.007416275390000001,
        0.00708107539,
        0.007247574390000001,
        0.00820087639,
        0.008351977390000001,
        0.00715427439,
        0.007337175390000001,
        0.00683037439,
        0.00639997439,
        0.00610387339,
        0.00786797639,
        0.00627187339,
        0.00671367439,
        0.00674157439,
        0.00611387339,
        0.0064999743900000006,
        0.00649537439,
        0.006119873390000001,
        0.006672874390000001,
        0.00679627439,
        0.0069054753900000005,
        0.00583157239,
        0.00662887439,
        0.00628957439,
        0.006485873390000001,
        0.00607797439,
        0.0064810733900000006,
        0.0058603733900000005,
        0.007132675390000001,
        0.00655047439,
        0.00656657339,
        0.00614867439,
        0.00586177339,
        0.006611974390000001,
        0.00768987539,
        0.0061448733900000005,
        0.00587457339,
        0.00600807339,
        0.00698847539,
        0.00586767239,
        0.00578987339,
        0.00612707339,
        0.00632737439,
        0.00796537639,
        0.00615807339,
        0.00628337339,
        0.007123875390000001,
        0.00626737339,
        0.00569047339,
        0.00601427339,
        0.00668127439,
        0.0062141743900000004,
        0.00710457439,
        0.00686897439,
        0.00702437539,
        0.00596307339,
        0.007209274390000001,
        0.00708107539,
        0.006153773390000001
      ]
    },
    {
      "command": "deno run --allow-read ./testing/bench_scripts/fs_deno.js",
      "mean": 0.015773609419999998,
      "stddev": 0.0009489167110257082,
      "median": 0.015529786390000001,
      "user": 0.011760824999999999,
      "system": 0.004154697999999999,
      "min": 0.014236884390000001,
      "max": 0.01885249039,
      "times": [
        0.01598748639,
        0.015411586390000002,
        0.01588108639,
        0.01534308539,
        0.01592868739,
        0.01815018939,
        0.01693548739,
        0.01544538639,
        0.01564438639,
        0.01486398539,
        0.015516786390000002,
        0.01700448739,
        0.014890185390000001,
        0.01523638539,
        0.015134286390000001,
        0.01461238439,
        0.01828428939,
        0.017043287390000002,
        0.01707488839,
        0.01745688839,
        0.01526548639,
        0.01548278539,
        0.015369686390000002,
        0.01562288639,
        0.015466785390000001,
        0.01501418539,
        0.016998088390000003,
        0.01571758639,
        0.01644428739,
        0.01540368639,
        0.01604818639,
        0.016502887390000002,
        0.015047985390000001,
        0.01569038639,
        0.01735138839,
        0.015106785390000002,
        0.017272788390000002,
        0.015589986390000001,
        0.01493608539,
        0.014941585390000001,
        0.01505388539,
        0.014744685390000001,
        0.015018585390000002,
        0.01454598439,
        0.015281386390000002,
        0.01467638439,
        0.01657688739,
        0.01554278639,
        0.015994686390000002,
        0.01721118839,
        0.01544718639,
        0.01671268739,
        0.01532958639,
        0.015254685390000002,
        0.015703686390000002,
        0.01555798639,
        0.01492948539,
        0.01534898539,
        0.015114985390000002,
        0.01528358639,
        0.014236884390000001,
        0.015630086390000002,
        0.014592384390000001,
        0.014860785390000002,
        0.014624085390000001,
        0.01704038739,
        0.01571238639,
        0.01571228639,
        0.01541478639,
        0.01571738639,
        0.01587798639,
        0.015165185390000002,
        0.01586398639,
        0.01538468639,
        0.01859499039,
        0.01522448539,
        0.017648189390000003,
        0.01588748639,
        0.015115485390000002,
        0.01616068739,
        0.01603638639,
        0.01597618639,
        0.01778158939,
        0.01595468639,
        0.015970087390000002,
        0.01628568639,
        0.01538108639,
        0.01885249039,
        0.01634228739,
        0.01660138739,
        0.014349284390000001,
        0.015186985390000001,
        0.015091586390000002,
        0.015714285390000002,
        0.015142985390000002,
        0.01605388639,
        0.01475998539,
        0.01510898539,
        0.014959685390000001,
        0.01489868539
      ]
    },
    {
      "command": "node ./testing/bench_scripts/fs_node.js",
      "mean": 0.04085568673000001,
      "stddev": 0.002592475351391556,
      "median": 0.04019431889000001,
      "user": 0.036027984999999985,
      "system": 0.006167477649999999,
      "min": 0.03687691439000001,
      "max": 0.050437332390000006,