{
  "results": [
    {
      "command": "./elsa run ./testing/bench_scripts/fs.js --fs",
      "mean": 0.006497934695,
      "stddev": 0.0008227329077765353,
      "median": 0.006317722655,
      "user": 0.0041613327,
      "system": 0.0031878868999999995,
      "min": 0.005131144155,
      "max": 0.009533649155,
      "times": [
        0.0061490681549999995,
        0.0068797861549999995,
        0.006261671155,
        0.009533649155,
        0.006080767155,
        0.006130768155,
        0.0059127631549999995,
        0.006463676155,
        0.005841162154999999,
        0.005742559154999999,
        0.006739982155,
        0.005963564155,
        0.005773660155,
        0.006018065154999999,
        0.0063974751549999995,
        0.005131144155,
        0.006785884155,
        0.005903063155,
        0.006415675155,
        0.005964164155,
        0.005936764155,
        0.006232070155,
        0.005976964154999999,
        0.007839009155,
        0.005435452154999999,
        0.006387174155,
        0.0061125681549999995,
        0.006327173155,
        0.005468552155,
        0.006172469155,
        0.007379097155,
        0.005606056155,
        0.006823985155,
        0.006016965155,
        0.006078067155,
        0.0057789601549999995,
        0.006161569154999999,
        0.005453552154999999,
        0.006308272155,
        0.0068086841549999996,
        0.0054485521549999995,
        0.005228447155,
        0.006117168155,
        0.007213694155,
        0.006558978155,
        0.007678904154999999,
        0.0061884701549999995,
        0.005685758155,
        0.006015465155,
        0.005908363155,
        0.006394175155,
        0.006162868155,
        0.006852584155,
        0.005676057155,
        0.006267371155,
        0.0052739481549999995,
        0.005323848155,
        0.005891362155,
        0.006425975154999999,
        0.006923786155,
        0.005507053154999999,
        0.005476052154999999,
        0.007625703155,
        0.006202870155,
        0.006776183155,
        0.007987511155,
        0.006224070155,
        0.005233247155,
        0.005890162155,
        0.0052942481549999995,
        0.0058546611549999995,
        0.0068665851549999995,
        0.008109114155,
        0.007252695155000001,
        0.008088714155,
        0.006484776155,
        0.006566578155,
        0.006690581155,
        0.007215993154999999,
        0.006491276155,
        0.007659904154999999,
        0.0067081811549999995,
        0.007656604155,
        0.006629979155,
        0.007463299155,
        0.006643779155,
        0.007428198154999999,
        0.006851585155,
        0.006844684155,
        0.0077457061550000005,
        0.006969688155,
        0.007242693155,
        0.008020812155,
        0.007876509155,
        0.0073163951550000005,
        0.007153991154999999,
        0.0072036931549999995,
        0.008408921155,
        0.006259971154999999,
        0.006243070155
      ]
    },
    {
      "command": "deno run --allow-read ./testing/bench_scripts/fs_deno.js",
      "mean": 0.017082351035000002,
      "stddev": 0.0021526489479567782,
      "median": 0.017323728655000002,
      "user": 0.012969694999999995,
      "system": 0.0042365675999999994,
      "min": 0.013374136155,
      "max": 0.023045763155000003,
      "times": [
        0.014854272154999999,
        0.014350259155,
        0.019003269155000002,
        0.018289952155,
        0.020601106155000003,
        0.019196273155000002,
        0.022714556155000003,
        0.017519534155000002,
        0.014612266155,
        0.018096747155000002,
        0.018592959155,
        0.017548635155000002,
        0.017366630155000003,
        0.018859365155000002,
        0.014686268155,
        0.019854088155,
        0.021590830155,
        0.014620866155,
        0.018837064155000003,
        0.017329629155,
        0.019664684155,
        0.020932514155,
        0.018789364155000002,
        0.018669561155000004,
        0.019423778155,
        0.019014469155,
        0.017981045155000003,
        0.017443732155000002,
        0.018215650155000002,
        0.017839742155,
        0.017738939155,
        0.023045763155000003,
        0.017204427155000004,
        0.017203926155000004,
        0.015683091155000002,
        0.014097053155,
        0.018978268155000002,
        0.017324429155,
        0.013742845155,
        0.017953644155000004,
        0.014419361155000001,
        0.019721086155,
        0.018090447155,
        0.017596636155,
        0.016096700155,
        0.014825771155,
        0.013543440155000001,
        0.013913550155000001,
        0.013374136155,
        0.014283658155,
        0.013427138155,
        0.014423761155000001,
        0.019676483155000004,
        0.014828869155,
        0.016590811155000003,
        0.014368459155,
        0.013386535155,
        0.014899771155,
        0.013515838155,
        0.015130477155,
        0.019827886155000002,
        0.015924995155000003,
        0.015425684155,
        0.014872570154999999,
        0.018718661155000003,
        0.016956219155,
        0.018661959155,
        0.017585334155000003,
        0.017040422155000002,
        0.017202725155,
        0.014285756155,
        0.014273257155,
        0.017348928155000002,
        0.020443201155000004,
        0.017205825155000003,
        0.021043614155,
        0.017089823155000003,
        0.017495232155000002,
        0.018590057155000003,
        0.017696737155000003,
        0.017934742155000002,
        0.017357629155000002,
        0.017782638155000002,
        0.020190794155000004,
        0.015768291155000003,
        0.016765215155000002,
        0.016141500155000002,
        0.015621288155000001,
        0.017323028155000003,
        0.017792739155,
        0.015688289155000004,
        0.016581710155000002,
        0.015614788155000002,
        0.016097899155,
        0.016515409155,
        0.016072699155000002,
        0.017657135155000003,
        0.016605611155,
        0.015841493155,
        0.015608887154999999
      ]
    },
    {
      "command": "node ./testing/bench_scripts/fs_node.js",
      "mean": 0.04389808916499999,
      "stddev": 0.0042006146958620105,
      "median": 0.043823024655,
      "user": 0.036781055,
      "system": 0.0086143193,
      "min": 0.035086630155000006,
      "max": 0.057684938155000004,