{
  "results": [
    {
      "command": "./elsa run ./testing/bench_scripts/fs.js --fs",
      "mean": 0.007136279020000002,
      "stddev": 0.0007790034761301796,
      "median": 0.00691571136,
      "user": 0.004488256699999999,
      "system": 0.0034661056000000008,
      "min": 0.00604288786,
      "max": 0.011239636859999999,
      "times": [
        0.009564289860000002,
        0.00785124086,
        0.00798024386,
        0.00773473686,
        0.007146919860000001,
        0.00841595686,
        0.00716862086,
        0.00790604186,
        0.007908142860000002,
        0.00787544086,
        0.00777673786,
        0.00836235486,
        0.00659800386,
        0.00809964786,
        0.00686951186,
        0.0069719158600000004,
        0.00713431886,
        0.007226721859999999,
        0.006742707860000001,
        0.007152719860000001,
        0.00704491686,
        0.008130248860000001,
        0.00851695986,
        0.00750943086,
        0.00797384386,
        0.00797484486,
        0.00745822886,
        0.00674500786,
        0.0065125018600000004,
        0.00631969586,
        0.007442928860000001,
        0.00634369686,
        0.00684391086,
        0.00677770886,
        0.00670140686,
        0.00604288786,
        0.0063629978600000005,
        0.00725082286,
        0.00684081086,
        0.008672663859999999,
        0.00678280986,
        0.00662240486,
        0.00744392886,
        0.00705411686,
        0.00698361486,
        0.00685801186,
        0.00716332086,
        0.00702001586,
        0.00671840786,
        0.008186049859999999,
        0.00687111186,
        0.00666000486,
        0.00622579286,
        0.00644359986,
        0.0064502998600000005,
        0.00688541186,
        0.00655240286,
        0.00726772286,
        0.00646669886,
        0.00689181086,
        0.00644529886,
        0.00682490886,
        0.00667410486,
        0.008224749860000002,
        0.00640889686,
        0.00646189886,
        0.0060468868600000005,
        0.00646069886,
        0.00644659786,
        0.007731435860000001,
        0.00694431286,
        0.0075993308600000005,
        0.00700461486,
        0.008023743860000002,
        0.00726222186,
        0.011239636859999999,
        0.007251420860000001,
        0.00681150886,
        0.00701251486,
        0.007636732859999999,
        0.00750842886,
        0.00797324186,
        0.00653120086,
        0.00660930286,
        0.00664080386,
        0.00674210686,
        0.00629409386,
        0.00676670786,
        0.00652670086,
        0.007510928860000001,
        0.00677370786,
        0.00693961186,
        0.00644779786,
        0.00677450786,
        0.00640779686,
        0.00694681286,
        0.00646129886,
        0.0068758108600000005,
        0.00653440086,
        0.00635179486
      ]
    },
    {
      "command": "deno run --allow-read ./testing/bench_scripts/fs_deno.js",
      "mean": 0.01624842304,
      "stddev": 0.0016057640954890125,
      "median": 0.01623662386,
      "user": 0.012641319999999998,
      "system": 0.0037840975999999995,
      "min": 0.01362089986,
      "max": 0.02116660986,
      "times": [
        0.01819633286,
        0.01606946886,
        0.016159071860000002,
        0.01612437086,
        0.017561011860000003,
        0.01450502486,
        0.01525664686,
        0.01453192486,
        0.01727010286,
        0.015646057860000003,
        0.013927907860000002,
        0.01417111586,
        0.013979809860000001,
        0.01376900386,
        0.01362089986,
        0.013702301860000002,
        0.015025539860000003,
        0.01616397186,
        0.015774560860000002,
        0.01658368386,
        0.01434351986,
        0.015241745860000003,
        0.01570835886,
        0.014848634860000001,
        0.01654868286,
        0.01921225886,
        0.017069996860000002,
        0.018664142860000003,
        0.018211529860000002,
        0.01849553786,
        0.01823443086,
        0.015422650860000001,
        0.014944536860000003,
        0.01545195186,
        0.014618527860000001,
        0.014571126860000002,
        0.015355448860000002,
        0.018178228860000003,
        0.015007438860000003,
        0.018210230860000003,
        0.01744320786,
        0.01848453786,
        0.01836963486,
        0.018086026860000003,
        0.01740920786,
        0.017146899860000002,
        0.01687389186,
        0.017452108860000003,
        0.01425861786,
        0.01714429986,
        0.01466592986,
        0.016856691860000002,
        0.01691299286,
        0.014892135859999999,
        0.016309275860000003,
        0.01486073386,
        0.015596855860000002,
        0.017121298860000002,
        0.017142599860000003,
        0.018889948860000002,
        0.017628310860000003,
        0.01710129486,
        0.015690055860000003,
        0.01708029486,
        0.01513233886,
        0.01528844386,
        0.01695499086,
        0.017682611860000003,
        0.01473192886,
        0.01726509986,
        0.01723959886,
        0.014121510860000002,
        0.01680818786,
        0.014136110860000002,
        0.017677911860000003,
        0.01437881786,
        0.016874988860000002,
        0.017978019860000003,
        0.01411831086,
        0.017384302860000003,
        0.017158096860000003,
        0.01740150286,
        0.018529434860000003,
        0.01739840386,
        0.018531235860000002,
        0.017432004860000003,
        0.015461248860000002,
        0.018211826860000002,
        0.02116660986,
        0.01796841886,
        0.01528554386,
        0.017152896860000003,
        0.014294015860000002,
        0.015072937860000003,
        0.014558122860000001,
        0.01388690386,
        0.01406000986,
        0.014350616860000002,
        0.01443181986,
        0.014922833860000002
      ]
    },
    {
      "command": "node ./testing/bench_scripts/fs_node.js",
      "mean": 0.041939204720000005,
      "stddev": 0.004104847599681789,
      "median": 0.041073174360000006,
      "user": 0.03507661999999998,
      "system": 0.007952403999999998,
      "min": 0.034629945860000004,
      "max": 0.05560430286,