{
  "results": [
    {
      "command": "deno run testing/pi.js",
      "mean": 0.3786976632099999,
      "stddev": 0.01027811095057078,
      "median": 0.37712874933,
      "user": 0.3788577149999999,
      "system": 0.009914593799999998,
      "min": 0.35641267883,
      "max": 0.40710389683,
      "times": [
        0.37646568683,
        0.37282434183,
        0.38545769383,
        0.38010912883000003,
        0.36998500283,
        0.37278433583,
        0.36495754083,
        0.37710838683000003,
        0.37075710983,
        0.38401317083000003,
        0.36669555683,
        0.38581359083,
        0.39277367483000003,
        0.37107170783,
        0.38250164783,
        0.39188896083,
        0.37390293983,
        0.37073290083,
        0.38214853883,
        0.36726275683,
        0.39054693883,
        0.36586873783,
        0.36851156883,
        0.38048521383,
        0.36805016183,
        0.39014822983,
        0.37509994483,
        0.37121719783,
        0.36495231983,
        0.37453203583,
        0.37230500783,
        0.37657725783,
        0.36869126183,
        0.38433275083,
        0.38063470583000003,
        0.38878920483,
        0.37773076783,
        0.38528625983,
        0.38299823083,
        0.36808244783,
        0.37003437083,
        0.38176871183,
        0.39591148283,
        0.36581371783,
        0.37983338583,
        0.38055949483,
        0.40317316783,
        0.39335084783,
        0.37590923583,
        0.38338032483,
        0.38106939583,
        0.37762415383000003,
        0.36783293283,
        0.39313804083,
        0.39215372683,
        0.39005299983,
        0.36607880983,
        0.38017407783,
        0.37474821183,
        0.37196877783,
        0.36910064183,
        0.37612932683,
        0.37920306283,
        0.36648400783,
        0.38008917283,
        0.40295364683,
        0.40710389683,
        0.40638388683,
        0.36565229383000003,
        0.37273977883,
        0.37503790483,
        0.36914553383,
        0.35641267883,
        0.38137507883,
        0.37540200583,
        0.37615991483,
        0.36349996083,
        0.39221670683,
        0.38526612083,
        0.37449949083,
        0.38335689783,
        0.38654893483,
        0.38466341083,
        0.39893378283,
        0.37357097583,
        0.36603898383,
        0.39503093283,
        0.38001455083,
        0.37232135683,
        0.36956222283,
        0.37167674883,
        0.39278640083,
        0.38060165283,
        0.37714911183,
        0.37195614683,
        0.38076685283,
        0.36630627783,
        0.38158296083,
        0.37303065783,
        0.39034156383
      ]
    },
    {
      "command": "./elsa run testing/pi.js",
      "mean": 0.23196474659000008,
      "stddev": 0.008186861641491011,
      "median": 0.23135186933000002,
      "user": 0.22777515499999995,
      "system": 0.005643379900000002,
      "min": 0.21584233083,
      "max": 0.26728645883,
      "times": [
        0.23518388183000002,
        0.23360786383,
        0.24739922783,
        0.24018074183000002,
        0.23219894583000003,
        0.23800631383,
        0.24174445883000004,
        0.22037950383000002,
        0.23297185383000002,
        0.23175153783000002,
        0.23215254283000003,
        0.22650537583000002,
        0.23244644683000001,
        0.23802021183000002,
        0.22950400983000002,
        0.23227164383,
        0.22658907583000001,
        0.22972731183000003,
        0.23608678783000003,
        0.23479947183000002,
        0.22798109083,
        0.23551368083000002,
        0.22216671983000003,
        0.25028255583,
        0.26728645883,
        0.25391679883,
        0.25105356283,
        0.23567128083000002,
        0.23096572383000002,
        0.22597256383000003,
        0.22620776583000002,
        0.23264134283000001,
        0.22381393683000003,
        0.22145440983000003,
        0.23650128783000002,
        0.23157152883,
        0.25003674883,
        0.23023971283000003,
        0.23069091683,
        0.22035309383,
        0.23000320883000003,
        0.22615196283000003,
        0.23385245383000003,
        0.22574615683000002,
        0.23192123083000002,
        0.23655918583000002,
        0.24260215683000003,
        0.24327326383000003,
        0.22858218983000003,
        0.23576497483000003,
        0.22513864783,
        0.23064331383000003,
        0.22484074383000002,
        0.22509604683000003,
        0.22974700183000002,
        0.22174780683000003,
        0.23134891983000003,
        0.22895419083000002,
        0.24170684283000002,
        0.23422385383000002,
        0.23351164483000003,
        0.23135481883000003,
        0.24093133183,
        0.22505174383,
        0.25086434883,
        0.22567714983000003,
        0.22925739283000002,
        0.23081871083000002,
        0.23227352783000002,
        0.24172193983,
        0.22754797083000003,
        0.23621787383000004,
        0.22632045683000002,
        0.23084070883000002,
        0.23720578483000002,
        0.23186732083000003,
        0.21584233083,
        0.22317341683000003,
        0.23235552583000002,
        0.22676985883000003,
        0.23337113683000002,
        0.22639355383,
        0.22850327883000002,
        0.22529104083,
        0.23167431683000003,
        0.22155099683,
        0.22191299983,
        0.23287332883000003,
        0.22485463383,
        0.23248892483000003,
        0.23442784783000004,
        0.23934370483000003,
        0.22315761283000002,
        0.22766486683000003,
        0.22931928583000002,
        0.22550963983000002,
        0.22470513083000002,
        0.22106848683000002,
        0.22455932883000002,
        0.23444814483
      ]
    },
    {
      "command": "node testing/pi.js",
      "mean": 0.4215002443299998,
      "stddev": 0.017209123875773252,
      "median": 0.41786085183,
      "user": 0.412701055,
      "system": 0.014152284599999993,
      "min": 0.39936698983,
      "max": 0.48734028683,