{
  "results": [
    {
      "command": "deno run testing/pi.js",
      "mean": 0.45113310704999987,
      "stddev": 0.018274547677300506,
      "median": 0.44552865345000003,
      "user": 0.44707661500000023,
      "system": 0.012158030600000001,
      "min": 0.42707765095,
      "max": 0.48611863295,
      "times": [
        0.47209625795,
        0.45832748395,
        0.46799829095,
        0.43246118295,
        0.44261378595,
        0.42729902495,
        0.48012887195000004,
        0.44288097495,
        0.44428292095,
        0.43496470095,
        0.43704668695,
        0.43180738795,
        0.47071545195000003,
        0.43598902395,
        0.44581862395,
        0.45524776895,
        0.43871280495000003,
        0.45419092695,
        0.47501522195,
        0.43974345195000003,
        0.43259170595,
        0.43559104295,
        0.44846413095000004,
        0.45138838795,
        0.46736794995000003,
        0.48611863295,
        0.45753142695,
        0.44428688895,
        0.42921451495,
        0.48356846895,
        0.45796305495,
        0.45465473895,
        0.47241783795000003,
        0.42868281695,
        0.44554160895,
        0.47014443995,
        0.43704506795000003,
        0.42977267595,
        0.44299429095000004,
        0.46725176095000004,
        0.43003599695,
        0.44401646695,
        0.43079933695,
        0.43855133595,
        0.43147137395,
        0.43120345195000004,
        0.47384199195000004,
        0.42887891295,
        0.43993147195,
        0.47939817195,
        0.42999570495,
        0.47653629695,
        0.45034205595,
        0.43854346595,
        0.45584985895,
        0.46127336795,
        0.43505427395,
        0.46197360795000003,
        0.43202131695,
        0.42783752595,
        0.45539183295,
        0.42707765095,
        0.43280749095,
        0.43435011395,
        0.46928198495,
        0.47944606795,
        0.43244533595,
        0.43039487695,
        0.43100713295000004,
        0.46529001595,
        0.46321760595,
        0.46156353395,
        0.44261485495,
        0.47942697195,
        0.46029400095,
        0.42719521295,
        0.46918089795,
        0.48101416995,
        0.46798499995000004,
        0.44551569795,
        0.48225783295,
        0.48393371695000004,
        0.48029790595,
        0.47816089095000003,
        0.46744527795,
        0.42922607395,
        0.43869231495,
        0.44439224895,
        0.42827396495000003,
        0.47743041095,
        0.44221598795,
        0.45826512795,
        0.44096989795,
        0.47752649095,
        0.43442977095,
        0.46250191895000003,
        0.43910535295,
        0.45073773995,
        0.43424527895000004,
        0.48021377395000003
      ]
    },
    {
      "command": "./elsa run testing/pi.js",
      "mean": 0.2830125377499999,
      "stddev": 0.013284989755829792,
      "median": 0.28239083545,
      "user": 0.27813257500000005,
      "system": 0.0061816171999999996,
      "min": 0.26140228295,
      "max": 0.31037205095,
      "times": [
        0.27147221195,
        0.29744074295,
        0.30036181695,
        0.28539773995,
        0.27858614695,
        0.29773211995,
        0.28772356995,
        0.29520544695,
        0.26140228295,
        0.26433015695,
        0.27093222095,
        0.29587552495,
        0.29643742895,
        0.26916075095,
        0.26804441995,
        0.27387344095,
        0.26490051895,
        0.29667050595,
        0.27696680395,
        0.26288854395,
        0.29730429395,
        0.30563739695000003,
        0.28508176395,
        0.28351732595,
        0.27615154595,
        0.26422793995,
        0.26332830595,
        0.29627371295,
        0.26496654595,
        0.27603499595000003,
        0.26873731395,
        0.26842260695,
        0.27931096695,
        0.26610902595,
        0.26785296795,
        0.26719495195,
        0.28980618895,
        0.27610464495,
        0.29102390595,
        0.28030394695,
        0.27270943895,
        0.27499619395,
        0.27774245995,
        0.26672828695,
        0.26688627495,
        0.27250531095,
        0.28130692195,
        0.27555676795,
        0.26409248595,
        0.29661356595,
        0.27032623295,
        0.29810837595,
        0.29948520995,
        0.29631663395,
        0.31037205095,
        0.29745413695,
        0.29815545295,
        0.29872545695,
        0.29195028195,
        0.30067198895,
        0.26814401795,
        0.30371633795,
        0.29684947495,
        0.26479681795,
        0.28475987795,
        0.27695668295,
        0.29704435695,
        0.28763203395,
        0.29951909195,
        0.29953999195000003,
        0.28882354095,
        0.28008382195,
        0.26734611595,
        0.28084503195,
        0.29597678395,
        0.28121731995,
        0.27473926895,
        0.29450352995,
        0.27270330995000003,
        0.29822789495,
        0.29900631395,
        0.28347474895,
        0.26654483895,
        0.29633222995,
        0.27142035195,
        0.29886817695,
        0.29650161295,
        0.28760800795,
        0.26437026795,
        0.28436451195,
        0.29744771395,
        0.28908292095,
        0.29668288295,
        0.28774457095,
        0.27867196195,
        0.26143436395,
        0.26747318695,
        0.27689220295,
        0.29559343095,
        0.29481790295
      ]
    },
    {
      "command": "node testing/pi.js",
      "mean": 0.50644611996,
      "stddev": 0.02033890665358679,
      "median": 0.5031243039500001,
      "user": 0.496181285,
      "system": 0.015752931199999997,
      "min": 0.47796643695,
      "max": 0.57463705995,