{
  "results": [
    {
      "command": "deno run testing/pi.js",
      "mean": 0.431911039645,
      "stddev": 0.031965627699598,
      "median": 0.439517548555,
      "user": 0.42779446500000007,
      "system": 0.012295727900000003,
      "min": 0.37786366955500006,
      "max": 0.49590799255500007,
      "times": [
        0.45530163255500006,
        0.3821762865550001,
        0.44939051655500006,
        0.41117593355500004,
        0.46538539255500005,
        0.37916517455500004,
        0.4108392175550001,
        0.49590799255500007,
        0.46163825155500005,
        0.43947395055500005,
        0.44603508555500004,
        0.4510599665550001,
        0.3852447875550001,
        0.43808909555500003,
        0.44881978255500005,
        0.43956114655500006,
        0.44174792555500003,
        0.4367829435550001,
        0.42450410055500004,
        0.42722569655500003,
        0.47202991355500007,
        0.3913904005550001,
        0.45465258455500007,
        0.4476519305550001,
        0.40776178855500006,
        0.46847128055500004,
        0.38965743355500004,
        0.39685789355500006,
        0.40784118855500007,
        0.4597892625550001,
        0.38165454155500006,
        0.45356923455500003,
        0.47491350555500006,
        0.41126360655500005,
        0.43162654055500005,
        0.380533796555,
        0.46229744455500005,
        0.45140715155500005,
        0.4842050325550001,
        0.48210255655500006,
        0.43653571155500004,
        0.4456782415550001,
        0.40655732855500004,
        0.39860754155500006,
        0.45011709755500007,
        0.38316868155500006,
        0.43210774655500006,
        0.47522749855500007,
        0.38750863655500006,
        0.4636938815550001,
        0.45397713055500005,
        0.46787063055500006,
        0.39134237055500004,
        0.42527779355500006,
        0.38651869455500004,
        0.46540793755500004,
        0.42842550455500006,
        0.39702227155500003,
        0.38655539455500004,
        0.3948284905550001,
        0.4336668905550001,
        0.4528833795550001,
        0.45187634355500006,
        0.48045197055500005,
        0.43499113255500005,
        0.40422012355500003,
        0.42099752655500006,
        0.4568532175550001,
        0.38767032455500006,
        0.45052068855500005,
        0.46094496155500003,
        0.37786366955500006,
        0.45923649855500004,
        0.40895578655500003,
        0.44761227755500005,
        0.45543735755500003,
        0.44999546155500003,
        0.38653437555500003,
        0.4227685795550001,
        0.4631764325550001,
        0.4774572455550001,
        0.44780997855500004,
        0.4620571895550001,
        0.38218121555500006,
        0.45004845555500006,
        0.38758540855500007,
        0.40968430255500005,
        0.390117497555,
        0.45317096455500006,
        0.38001823255500006,
        0.47386150755500006,
        0.46377454255500006,
        0.42084259855500006,
        0.44292689155500004,
        0.42032877855500006,
        0.38609314655500004,
        0.45512152755500007,
        0.43956596755500005,
        0.47512244355500005,
        0.39104852155500003
      ]
    },
    {
      "command": "./elsa run testing/pi.js",
      "mean": 0.270486387775,
      "stddev": 0.02564266079889548,
      "median": 0.26250562205500005,
      "user": 0.26532853500000014,
      "system": 0.006351726600000001,
      "min": 0.23801390255500002,
      "max": 0.31235496055500006,
      "times": [
        0.26292779855500004,
        0.30480960155500003,
        0.25883015155500005,
        0.28303981955500007,
        0.27195852155500005,
        0.248270271555,
        0.24635080255500003,
        0.24356300255500002,
        0.255026414555,
        0.23865902655500001,
        0.24211434955500002,
        0.23801390255500002,
        0.241443425555,
        0.247457040555,
        0.24396691455500003,
        0.30354745155500007,
        0.28641233655500004,
        0.24819076555500003,
        0.290724389555,
        0.244920447555,
        0.24825626755500002,
        0.251147370555,
        0.26607670555500007,
        0.30726218255500004,
        0.28175656755500006,
        0.30777349955500005,
        0.24827276655500002,
        0.28327872055500003,
        0.30808430955500005,
        0.26487095955500006,
        0.30527610755500006,
        0.28267029755500006,
        0.250829355555,
        0.23880502455500002,
        0.31235496055500006,
        0.30709477255500006,
        0.27293504655500006,
        0.30347954055500004,
        0.30934795055500003,
        0.24893998555500002,
        0.242513555555,
        0.24535745755500002,
        0.24235644955500002,
        0.30523950155500007,
        0.25735508555500003,
        0.29915098255500006,
        0.25841072355500005,
        0.27502381755500005,
        0.30646914355500005,
        0.25256661355500004,
        0.24508504555500002,
        0.24430851655500002,
        0.244038406555,
        0.29670369255500006,
        0.3078657925550001,
        0.30006891255500007,
        0.247251920555,
        0.30716446555500004,
        0.27970878155500006,
        0.23919003155500002,
        0.302823109555,
        0.27481970655500004,
        0.30221268655500005,
        0.29472261755500007,
        0.241467111555,
        0.24990961255500002,
        0.31120270655500004,
        0.30401625055500003,
        0.24528274655500001,
        0.24340157955500002,
        0.30602612055500006,
        0.25562021655500006,
        0.28687163355500006,
        0.24322057055500002,
        0.24366618655500002,
        0.241355404555,
        0.262083445555,
        0.30788228455500005,
        0.29984009655500005,
        0.242753853555,
        0.30372183355500004,
        0.26300967755500004,
        0.25306982255500005,
        0.25372164455500007,
        0.30693644755500005,
        0.26766204255500003,
        0.26187813555500006,
        0.25910813555500006,
        0.239505534555,
        0.28786116455500005,
        0.290297151555,
        0.24349867655500002,
        0.26159362355500004,
        0.288464784555,
        0.24813344155500003,
        0.30696884555500004,
        0.28927571255500006,
        0.25117144955500004,
        0.24128409455500002,
        0.277730897555
      ]
    },
    {
      "command": "node testing/pi.js",
      "mean": 0.453899672315,
      "stddev": 0.029099618225142593,
      "median": 0.4428208975550001,
      "user": 0.44521392499999995,
      "system": 0.014128417900000006,
      "min": 0.41916291755500007,
      "max": 0.5266223145550001,