{
  "results": [
    {
      "command": "deno run testing/pi.js",
      "mean": 0.4646613850299999,
      "stddev": 0.019519856442004404,
      "median": 0.46070532686000004,
      "user": 0.4542761349999999,
      "system": 0.015121746499999998,
      "min": 0.43485727736000007,
      "max": 0.50555309536,
      "times": [
        0.47222158536000003,
        0.44849873736000007,
        0.45979359036000006,
        0.48476106836000005,
        0.44316116136000006,
        0.45723139636000004,
        0.44553662936000005,
        0.50329983436,
        0.44384206936000004,
        0.47552845536000005,
        0.43750826336000004,
        0.47851064236000007,
        0.44201319736000005,
        0.45607953436000004,
        0.49047110736000005,
        0.44373444236000004,
        0.4733308633600001,
        0.4570328523600001,
        0.4787422243600001,
        0.44401973936000005,
        0.44763124636000007,
        0.44044812136000006,
        0.49806831536000007,
        0.45145485836000004,
        0.47492668636000007,
        0.47944602536,
        0.4394150713600001,
        0.48477628436000003,
        0.45748372936000004,
        0.44029168936000007,
        0.43718039136000003,
        0.46016210236000005,
        0.46357500836000004,
        0.48237508736000007,
        0.47552137336000005,
        0.45072699536000005,
        0.43680066036000004,
        0.4381104973600001,
        0.4814884453600001,
        0.4680386233600001,
        0.49401102836000005,
        0.47806462936000005,
        0.49436403236000004,
        0.49116543036000004,
        0.44171078836000005,
        0.44197549536,
        0.4530499343600001,
        0.43821857436000006,
        0.45292682536000006,
        0.43603209936000004,
        0.4705193663600001,
        0.4884869223600001,
        0.44676842336000006,
        0.46906111236000003,
        0.4418241653600001,
        0.44721712836000005,
        0.45212997936000004,
        0.45840386936000005,
        0.45662421436000006,
        0.48171038536000005,
        0.46124855136000004,
        0.45712031836000006,
        0.50058366436,
        0.48445275836000007,
        0.48205528336000003,
        0.45747301736000007,
        0.45703510236000006,
        0.4672586153600001,
        0.44725109436000005,
        0.50555309536,
        0.47256797136000006,
        0.49850627136000003,
        0.47706300436000004,
        0.49942299336000007,
        0.46267285336,
        0.48036919936000005,
        0.4780905233600001,
        0.44908812736000003,
        0.44536750736,
        0.44936573036000005,
        0.45761298036000003,
        0.43485727736000007,
        0.44617862336,
        0.46438378236000005,
        0.49352247836000007,
        0.48795000336000005,
        0.45588701236000007,
        0.46227670636000007,
        0.44577959736000006,
        0.44687572636000006,
        0.47952723236000006,
        0.46717834636000005,
        0.45572539336000006,
        0.4614103633600001,
        0.46941950936000004,
        0.49209490336000006,
        0.4913799803600001,
        0.49539289936,
        0.49874530036000003,
        0.44989169436000004
      ]
    },
    {
      "command": "./elsa run testing/pi.js",
      "mean": 0.28888134322000003,
      "stddev": 0.013641686726040061,
      "median": 0.28271075736000006,
      "user": 0.2829704150000001,
      "system": 0.007133375500000004,
      "min": 0.27160070836000005,
      "max": 0.31739596436000006,
      "times": [
        0.30529459636000006,
        0.27550998436,
        0.28541708736000004,
        0.31739596436000006,
        0.27740473936000004,
        0.31068415736000005,
        0.27784915336000005,
        0.30950731836000006,
        0.29713783936000004,
        0.27788795136000005,
        0.28642701136000004,
        0.28137215536000004,
        0.28235868536000003,
        0.27888987936000004,
        0.28051172636000005,
        0.27263308536,
        0.30695363336000003,
        0.27614299136000003,
        0.27776074036000004,
        0.28081493236000005,
        0.30549038636000003,
        0.27717671936000005,
        0.27643889636,
        0.30866348036,
        0.30726213636000005,
        0.30423864236000003,
        0.27624578836,
        0.27350810436000006,
        0.27874956136000006,
        0.27735161936,
        0.28367751236000005,
        0.27897116736000005,
        0.27932977636000006,
        0.27907696936000004,
        0.27403421536000006,
        0.27947147836,
        0.29838695436000007,
        0.27964308336000004,
        0.31527906836,
        0.27946387536000006,
        0.28279907736000004,
        0.30312029636000004,
        0.30041161036,
        0.30952568836000005,
        0.30798364136000006,
        0.27735550636000006,
        0.28070150736000005,
        0.27770111636000006,
        0.27797472436000004,
        0.30990699536000005,
        0.27524983936,
        0.31321889536,
        0.30736021436000005,
        0.30329219036000005,
        0.28314657636000007,
        0.27566804836000003,
        0.31185324836000006,
        0.30363919836000003,
        0.31475643536000003,
        0.27689548136000003,
        0.27618756036000003,
        0.27701828536000006,
        0.29790371936000004,
        0.29901195236000006,
        0.30481132836,
        0.30219144836000006,
        0.29060379336000003,
        0.28346217636000004,
        0.30215524536000005,
        0.28648006536000004,
        0.27784060336000005,
        0.27896033736000003,
        0.28104459936000004,
        0.28365147736,
        0.27836601636,
        0.31100020736000006,
        0.28686767236000005,
        0.29559033736000007,
        0.27160070836000005,
        0.29141310936000003,
        0.28870922636,
        0.27412248236000003,
        0.30825361936000006,
        0.27974955136,
        0.28882852636000006,
        0.28005356036000006,
        0.28262243736000003,
        0.31009877036000005,
        0.27800869536000006,
        0.29618484736000006,
        0.28243012736000006,
        0.30729528236000003,
        0.27653894936000006,
        0.28536241536000007,
        0.27388406636000007,
        0.27246882336000006,
        0.27449358436000004,
        0.30941534136000004,
        0.27419147336000005,
        0.28628854036000007
      ]
    },
    {
      "command": "node testing/pi.js",
      "mean": 0.5076196832300001,
      "stddev": 0.019480172845812004,
      "median": 0.50461281686,
      "user": 0.495521495,
      "system": 0.01712166649999999,
      "min": 0.47840264936000004,
      "max": 0.5538026433600001,