{
  "results": [
    {
      "command": "deno run testing/pi.js",
      "mean": 0.43761939161499996,
      "stddev": 0.03420072519083725,
      "median": 0.43698698410500003,
      "user": 0.4324048500000001,
      "system": 0.014325293849999999,
      "min": 0.379434175105,
      "max": 0.495058738105,
      "times": [
        0.395391516105,
        0.479793317105,
        0.495058738105,
        0.491522407105,
        0.436834723105,
        0.403598670105,
        0.460955142105,
        0.49250211310500003,
        0.475719235105,
        0.391674840105,
        0.428965618105,
        0.446315508105,
        0.442468469105,
        0.430031440105,
        0.441511124105,
        0.393021662105,
        0.408709691105,
        0.383743534105,
        0.408027561105,
        0.382696586105,
        0.466287646105,
        0.387954857105,
        0.475997165105,
        0.396075327105,
        0.435165657105,
        0.406539777105,
        0.410676809105,
        0.465711887105,
        0.490882734105,
        0.455784236105,
        0.424747069105,
        0.454243471105,
        0.454046558105,
        0.466020660105,
        0.408147687105,
        0.489046730105,
        0.452208675105,
        0.420780797105,
        0.437325659105,
        0.391384189105,
        0.478346341105,
        0.419895650105,
        0.419755539105,
        0.393298241105,
        0.416572820105,
        0.451563206105,
        0.387187716105,
        0.454928009105,
        0.395976408105,
        0.451866893105,
        0.435253029105,
        0.469537079105,
        0.415801161105,
        0.487112062105,
        0.404116655105,
        0.417679007105,
        0.487113747105,
        0.437325962105,
        0.425232146105,
        0.419426251105,
        0.395039517105,
        0.386851541105,
        0.383539525105,
        0.435571973105,
        0.458327938105,
        0.44767256910500003,
        0.455557034105,
        0.385734374105,
        0.435555949105,
        0.420972353105,
        0.391019642105,
        0.415159552105,
        0.489601543105,
        0.413388282105,
        0.433278642105,
        0.466025039105,
        0.471483814105,
        0.476000862105,
        0.392676063105,
        0.494376366105,
        0.437139245105,
        0.453940199105,
        0.442859528105,
        0.412741009105,
        0.490005494105,
        0.394103677105,
        0.461612533105,
        0.431871534105,
        0.460569686105,
        0.379434175105,
        0.456611042105,
        0.392912516105,
        0.449796007105,
        0.427784169105,
        0.489297415105,
        0.492413414105,
        0.456195301105,
        0.486228295105,
        0.468634705105,
        0.484399223105
      ]
    },
    {
      "command": "./elsa run testing/pi.js",
      "mean": 0.261498475985,
      "stddev": 0.024236688016933256,
      "median": 0.253995556105,
      "user": 0.25617088,
      "system": 0.0063145358,
      "min": 0.23065160510500002,
      "max": 0.306496101105,
      "times": [
        0.234831236105,
        0.24045692210500003,
        0.295085422105,
        0.255747124105,
        0.249612918105,
        0.261054694105,
        0.24242898110500002,
        0.237463015105,
        0.23216403710500003,
        0.257070457105,
        0.259281930105,
        0.255971319105,
        0.233404473105,
        0.273701098105,
        0.256290026105,
        0.24413522410500002,
        0.236681275105,
        0.273186175105,
        0.271227010105,
        0.23545353210500003,
        0.235268224105,
        0.24894397310500002,
        0.300578269105,
        0.244974939105,
        0.23677346810500002,
        0.290391028105,
        0.24830764610500003,
        0.296693130105,
        0.27636086110499997,
        0.238448417105,
        0.23413097510500003,
        0.289001769105,
        0.293855528105,
        0.24837963710500002,
        0.24931936610500002,
        0.295113562105,
        0.24097548910500002,
        0.24304415710500002,
        0.241086991105,
        0.23725316210500003,
        0.302201489105,
        0.254015711105,
        0.253637195105,
        0.241152484105,
        0.27515309710499997,
        0.24076737210500002,
        0.253975401105,
        0.23629662110500002,
        0.246922167105,
        0.23227788910500002,
        0.299781892105,
        0.255907156105,
        0.251265304105,
        0.293495483105,
        0.268256854105,
        0.237043434105,
        0.306496101105,
        0.299391868105,
        0.293843382105,
        0.236705519105,
        0.297038586105,
        0.25268153510499997,
        0.302424056105,
        0.269999899105,
        0.26801323310499997,
        0.282075886105,
        0.23772834110500002,
        0.26523813810499997,
        0.30394289610499997,
        0.23609688310500002,
        0.23065160510500002,
        0.23625618810500001,
        0.23473643710500003,
        0.28323411110499996,
        0.271631134105,
        0.242270879105,
        0.23839585110500003,
        0.247095130105,
        0.23539185010500002,
        0.297658174105,
        0.273240077105,
        0.23810573310500002,
        0.296214921105,
        0.297024947105,
        0.268902428105,
        0.236113464105,
        0.300024739105,
        0.300526853105,
        0.300226839105,
        0.244207921105,
        0.279607870105,
        0.259825824105,
        0.269984052105,
        0.253815928105,
        0.302966822105,
        0.24578656210500002,
        0.234507996105,
        0.29952600410499997,
        0.257769949105,
        0.24617396910500003
      ]
    },
    {
      "command": "node testing/pi.js",
      "mean": 0.47662569143500005,
      "stddev": 0.03512951476228455,
      "median": 0.472777611105,
      "user": 0.4661353299999999,
      "system": 0.016247693849999988,
      "min": 0.428834073105,
      "max": 0.5512309561050001,